"Date","Ticker","Close","High","Low","Open","Volume","Article_Count","Avg_Sentiment_Score","Dominant_Sentiment","Daily_Return"
"2018-01-02 00:00:00.000000",AAPL,40.30416488647461,40.31352580045824,39.6022462836929,39.81282400661299,102223600,0.0,0.0,No News,0.0
"2018-01-03 00:00:00.000000",AAPL,40.297149658203125,40.839968474154716,40.23397954869898,40.36734223890624,118071600,0.0,0.0,No News,-0.0001740571549179
"2018-01-04 00:00:00.000000",AAPL,40.48432922363281,40.587277867352185,40.262055690225814,40.36968122128297,89738400,0.0,0.0,No News,0.004644982759756555
"2018-01-05 00:00:00.000000",AAPL,40.945255279541016,41.03182410540059,40.48900886331186,40.58025814655769,94640000,0.0,0.0,No News,0.011385295613077329
"2018-01-08 00:00:00.000000",AAPL,40.79317855834961,41.08798314166222,40.694906793768766,40.79317855834961,82271200,0.0,0.0,No News,-0.0037141475893397446
"2018-01-09 00:00:00.000000",AAPL,40.788509368896484,40.95930864188013,40.57325465921227,40.83998370927144,86336000,0.0,0.0,No News,-0.0001144600547968
"2018-01-10 00:00:00.000000",AAPL,40.77914047241211,40.78148248660823,40.477316963030724,40.51475348873273,95839600,0.0,0.0,No News,-0.0002296945053726
"2018-01-11 00:00:00.000000",AAPL,41.01078796386719,41.05992386570069,40.82595086108248,40.84934601945747,74670800,0.0,0.0,No News,0.0056805388434264525
"2018-01-12 00:00:00.000000",AAPL,41.43425750732422,41.49743118615743,41.09733598040432,41.221341324320264,101672400,0.0,0.0,No News,0.010325808512387846
"2018-01-16 00:00:00.000000",AAPL,41.22368621826172,41.97239879142603,41.2119868591207,41.623777881825276,118263600,0.0,0.0,No News,-0.00508205773990944
"2018-01-17 00:00:00.000000",AAPL,41.90455627441406,41.9396507884389,40.961645582745746,41.214333224012265,137547200,0.0,0.0,No News,0.01651647677860324
"2018-01-18 00:00:00.000000",AAPL,41.94198989868164,42.13852989077325,41.7056785034929,41.967727066089836,124773600,0.0,0.0,No News,0.0008933067808292
"2018-01-19 00:00:00.000000",AAPL,41.75481414794922,42.01686270900164,41.50914183689063,41.78990866232449,129700400,0.0,0.0,No News,-0.004462729383717279
"2018-01-22 00:00:00.000000",AAPL,41.4132080078125,41.59570660494731,41.31962026523079,41.48340059982055,108434400,0.0,0.0,No News,-0.00818123962727535
"2018-01-23 00:00:00.000000",AAPL,41.42256164550781,41.98409876115503,41.37109089079645,41.48339688586861,130756400,0.0,0.0,No News,0.0002258612202548
"2018-01-24 00:00:00.000000",AAPL,40.76276397705078,41.48340102680674,40.52411058982438,41.47170166632772,204420400,0.0,0.0,No News,-0.01592846125991787
"2018-01-25 00:00:00.000000",AAPL,40.03510284423828,40.93355791852135,39.89939813455858,40.83060927185792,166116000,0.0,0.0,No News,-0.017851123471955166
"2018-01-26 00:00:00.000000",AAPL,40.128692626953125,40.243340638442135,39.78943262048329,40.243340638442135,156572000,0.0,0.0,No News,0.0023376930759730907
"2018-01-29 00:00:00.000000",AAPL,39.298091888427734,39.812831581035425,39.08985613945785,39.812831581035425,202561600,0.0,0.0,No News,-0.020698425095651007
"2018-01-30 00:00:00.000000",AAPL,39.06645584106445,39.16004357406714,38.535336352409104,38.7295342900257,184192800,0.0,0.0,No News,-0.0058943331910599195
"2018-01-31 00:00:00.000000",AAPL,39.1740837097168,39.41039864035675,38.95649061096402,39.04305944765361,129915600,0.0,0.0,No News,0.0027549944405043103
"2018-02-01 00:00:00.000000",AAPL,39.255985260009766,39.45252170117444,39.01733182708451,39.113261603180696,188923200,0.0,0.0,No News,0.002090707491714916
"2018-02-02 00:00:00.000000",AAPL,37.55265808105469,39.026688364620185,37.45907033009402,38.839509292555,346375200,0.0,0.0,No News,-0.04339025419113007
"2018-02-05 00:00:00.000000",AAPL,36.61442184448242,38.34348150059493,36.499773833727474,37.225091280275514,290954000,0.0,0.0,No News,-0.02498454928402538
"2018-02-06 00:00:00.000000",AAPL,38.14460372924805,38.30604561047682,36.031828610000396,36.226026556250716,272975200,0.0,0.0,No News,0.04179178060669586
"2018-02-07 00:00:00.000000",AAPL,37.32803726196289,38.231172856032934,37.218073276522176,38.15864182365693,206434400,0.0,0.0,No News,-0.021407129382734702
"2018-02-08 00:00:00.000000",AAPL,36.3009033203125,37.669646564534894,36.272827707555216,37.50352419205152,217562000,0.0,0.0,No News,-0.0275164197474973
"2018-02-09 00:00:00.000000",AAPL,36.744903564453125,37.09259424286847,35.29540556303041,36.89995612086624,282690400,0.0,0.0,No News,0.012231107314957024
"2018-02-12 00:00:00.000000",AAPL,38.224952697753906,38.502164684443535,37.00333010270935,37.235908995126586,243278000,0.0,0.0,No News,0.040279031640528595
"2018-02-13 00:00:00.000000",AAPL,38.607887268066406,38.70420816084328,37.97593331088665,38.046412100350224,130196800,0.0,0.0,No News,0.010017921365145455
"2018-02-14 00:00:00.000000",AAPL,39.31970977783203,39.359646916272006,38.26489040714786,38.30247598263867,162579600,0.0,0.0,No News,0.01843723032092437
"2018-02-15 00:00:00.000000",AAPL,40.63999938964844,40.66348992516853,39.70263991420008,39.88823055901645,204588800,0.0,0.0,No News,0.0335783152845337
"2018-02-16 00:00:00.000000",AAPL,40.50843048095703,41.06990903078648,40.35338150172052,40.491987467345076,160704400,0.0,0.0,No News,-0.0032374239829570106
"2018-02-20 00:00:00.000000",AAPL,40.37218475341797,40.938355795703735,40.271164333497524,40.419169411304395,135722000,0.0,0.0,No News,-0.00336339191426116
"2018-02-21 00:00:00.000000",AAPL,40.188934326171875,40.90545828630088,40.174835705295834,40.60240425439604,149886400,0.0,0.0,No News,-0.004539026767199639
"2018-02-22 00:00:00.000000",AAPL,40.52488327026367,40.86552649965354,40.33929262849657,40.360435185527116,123967600,0.0,0.0,No News,0.008359239918263262
"2018-02-23 00:00:00.000000",AAPL,41.22966003417969,41.2648976259703,40.76920185482098,40.799743490838885,135249600,0.0,0.0,No News,0.01739121021560508
"2018-02-26 00:00:00.000000",AAPL,42.04486083984375,42.1435296918628,41.39646399027595,41.42935360761563,152648800,0.0,0.0,No News,0.01977219324603352
"2018-02-27 00:00:00.000000",AAPL,41.908607482910156,42.39960381939235,41.854575302288154,42.07540715096048,155712400,0.0,0.0,No News,-0.003240666141163029
"2018-02-28 00:00:00.000000",AAPL,41.84517288208008,42.43249005630509,41.82872986524554,42.112989370138706,151128400,0.0,0.0,No News,-0.0015136413410048455
"2018-03-01 00:00:00.000000",AAPL,41.11219787597656,42.235147908327306,40.562469918991304,41.943837330028686,195208000,0.0,0.0,No News,-0.017516357458219667
"2018-03-02 00:00:00.000000",AAPL,41.396453857421875,41.417596409529466,40.513126777031374,40.595352592603405,153816000,0.0,0.0,No News,0.00691415190943645
"2018-03-05 00:00:00.000000",AAPL,41.539764404296875,41.75589666087064,40.999431970512966,41.16153205911804,113605600,0.0,0.0,No News,0.0034619039439607313
"2018-03-06 00:00:00.000000",AAPL,41.504520416259766,41.875705218061974,41.37766151208119,41.79583096044218,95154000,0.0,0.0,No News,-0.000848439767113
"2018-03-07 00:00:00.000000",AAPL,41.1192512512207,41.3118930122191,40.94070811407803,41.09810869248664,126814000,0.0,0.0,No News,-0.00928258322647979
"2018-03-08 00:00:00.000000",AAPL,41.56796646118164,41.61025158273074,41.12865430315472,41.2249716082499,95096400,0.0,0.0,No News,0.010912533577507988
"2018-03-09 00:00:00.000000",AAPL,42.282127380371094,42.28682692041123,41.67366778667732,41.80757779258068,128740800,0.0,0.0,No News,0.017180559454511135
"2018-03-12 00:00:00.000000",AAPL,42.69091033935547,42.848310909275334,42.33617206249424,42.35496305722243,128828400,0.0,0.0,No News,0.00966798466186325
"2018-03-13 00:00:00.000000",AAPL,42.2797966003418,43.109088312159365,42.10830095845635,42.8953039621089,126774000,0.0,0.0,No News,-0.009630006381819323
"2018-03-14 00:00:00.000000",AAPL,41.920345306396484,42.40899355680424,41.77234025219969,42.36200890641291,117473600,0.0,0.0,No News,-0.008501727133247483
"2018-03-15 00:00:00.000000",AAPL,41.96968078613281,42.34321720616517,41.83342636615037,41.934443192119986,90975200,0.0,0.0,No News,0.0011768862917453937
"2018-03-16 00:00:00.000000",AAPL,41.821678161621094,42.080095541605395,41.72770527232746,41.969679637122375,157618800,0.0,0.0,No News,-0.003526417683896721
"2018-03-19 00:00:00.000000",AAPL,41.182682037353516,41.692472927584866,40.79740210449804,41.65723533010099,133787200,0.0,0.0,No News,-0.015279064646764318
"2018-03-20 00:00:00.000000",AAPL,41.1685905456543,41.535075929863396,41.0981117599141,41.1685905456543,78597600,0.0,0.0,No News,-0.0003421703250516
"2018-03-21 00:00:00.000000",AAPL,40.235931396484375,41.13335029556511,40.23357983326294,41.12160323355802,148219600,0.0,0.0,No News,-0.022654629094859158
"2018-03-22 00:00:00.000000",AAPL,39.66740417480469,40.567170949186654,39.60867245620693,39.93756864647452,165963200,0.0,0.0,No News,-0.014129838727415689
"2018-03-23 00:00:00.000000",AAPL,38.74884796142578,39.918783055633824,38.74884796142578,39.55934514365003,164115200,0.0,0.0,No News,-0.023156448789314554
"2018-03-26 00:00:00.000000",AAPL,40.58831024169922,40.66583652732721,39.101222947632834,39.48415483536228,150164800,0.0,0.0,No News,0.04747140565584318
"2018-03-27 00:00:00.000000",AAPL,39.54758834838867,41.14743975601389,39.213992623887194,40.802096971098365,163690400,0.0,0.0,No News,-0.025640926836154376
"2018-03-28 00:00:00.000000",AAPL,39.11061477661133,39.94225770104378,38.80756076548001,39.291509426115354,166674000,0.0,0.0,No News,-0.011049310211482144
"2018-03-29 00:00:00.000000",AAPL,39.41604232788086,40.34870258116179,39.209305470317126,39.42308984941592,153594000,0.0,0.0,No News,0.007809326266386973
"2018-04-02 00:00:00.000000",AAPL,39.15760803222656,39.68854503990623,38.638421669404664,39.1482125349196,150347200,0.0,0.0,No News,-0.006556576469664788
"2018-04-03 00:00:00.000000",AAPL,39.55933380126953,39.64390761423454,38.734741813385234,39.38313865631738,121112000,0.0,0.0,No News,0.010259200937716928
"2018-04-04 00:00:00.000000",AAPL,40.31580352783203,40.40977284946621,38.70890446886859,38.73474657002297,138422000,0.0,0.0,No News,0.019122408136666325
"2018-04-05 00:00:00.000000",AAPL,40.595359802246094,40.93130347216911,40.42621218594805,40.54367560922729,107732800,0.0,0.0,No News,0.006934161047319032
"2018-04-06 00:00:00.000000",AAPL,39.5569953918457,40.520193599758414,39.51470668278402,40.1654552459367,140021200,0.0,0.0,No News,-0.02557840145914758
"2018-04-09 00:00:00.000000",AAPL,39.94931411743164,40.66349020989333,39.90232946136302,39.90937698053834,116070800,0.0,0.0,No News,0.00991780901708239
"2018-04-10 00:00:00.000000",AAPL,40.701080322265625,40.877275475175864,40.29700581814884,40.64234860462888,113634400,0.0,0.0,No News,0.018818000294677395
"2018-04-11 00:00:00.000000",AAPL,40.51079177856445,40.858482557401416,40.336944596796116,40.46145555647489,89726400,0.0,0.0,No News,-0.004675270095891637
"2018-04-12 00:00:00.000000",AAPL,40.9101676940918,41.11220495899255,40.65174668618393,40.73867207140737,91557200,0.0,0.0,No News,0.009858506782843612
"2018-04-13 00:00:00.000000",AAPL,41.04877471923828,41.309543712008065,40.84204149245945,41.060521780745006,100497200,0.0,0.0,No News,0.0033880825466892084
"2018-04-16 00:00:00.000000",AAPL,41.304840087890625,41.3917618744456,41.07226121814989,41.1192458707553,86313600,0.0,0.0,No News,0.006238075811123567
"2018-04-17 00:00:00.000000",AAPL,41.87336349487305,42.03781157474124,41.44344692448237,41.462241502852926,106421600,0.0,0.0,No News,0.013764086866640435
"2018-04-18 00:00:00.000000",AAPL,41.77939224243164,42.00962314798059,41.55386446253399,41.772344723353555,83018000,0.0,0.0,No News,-0.0022441773146050226
"2018-04-19 00:00:00.000000",AAPL,40.595359802246094,41.20381947450477,40.56247018711588,40.82088756751069,139235200,0.0,0.0,No News,-0.028340106847773328
"2018-04-20 00:00:00.000000",AAPL,38.93207931518555,40.22417703818973,38.863948518722765,40.07852353288215,261964400,0.0,0.0,No News,-0.04097218241599421
"2018-04-23 00:00:00.000000",AAPL,38.81931686401367,39.21399228063409,38.549148815653716,39.192849722893605,146062000,0.0,0.0,No News,-0.002896389125763732
"2018-04-24 00:00:00.000000",AAPL,38.27899169921875,39.07539378926643,37.874917122911945,38.920341166676565,134768000,0.0,0.0,No News,-0.013918976644738845
"2018-04-25 00:00:00.000000",AAPL,38.445770263671875,38.86159171287886,38.15446331922963,38.20379594092452,113528400,0.0,0.0,No News,0.004356921565844996
"2018-04-26 00:00:00.000000",AAPL,38.579681396484375,38.93441959250887,38.37999217218198,38.556187281378676,111852000,0.0,0.0,No News,0.0034831174377336627
"2018-04-27 00:00:00.000000",AAPL,38.13331985473633,38.60552143172579,37.73629298962101,38.5279951576472,142623200,0.0,0.0,No News,-0.0115698607554785
"2018-04-30 00:00:00.000000",AAPL,38.82400131225586,39.29385490783552,38.02055209397845,38.088682872768636,169709600,0.0,0.0,No News,0.01811228238586593
"2018-05-01 00:00:00.000000",AAPL,39.72613525390625,39.74962579014744,38.82636490930883,39.0941813984154,214277600,0.0,0.0,No News,0.02323650090557794
"2018-05-02 00:00:00.000000",AAPL,41.48103713989258,41.758249112359714,40.83028873791382,41.166232425025626,266157600,0.0,0.0,No News,0.044174996504694475
"2018-05-03 00:00:00.000000",AAPL,41.55620193481445,41.69950742767214,40.980631985851076,41.318927154872405,136272800,0.0,0.0,No News,0.0018120278591007288
"2018-05-04 00:00:00.000000",AAPL,43.18659973144531,43.28526857020674,41.85691300893374,41.875707585559574,224805200,0.0,0.0,No News,0.03923356131506717
"2018-05-07 00:00:00.000000",AAPL,43.49906539916992,44.08873062408348,43.40274451042906,43.503761356157284,169805600,0.0,0.0,No News,0.0072352458787603435
"2018-05-08 00:00:00.000000",AAPL,43.70813751220703,43.74807464321056,43.149010508759716,43.45911564553858,113611200,0.0,0.0,No News,0.004806358737102778
"2018-05-09 00:00:00.000000",AAPL,44.015907287597656,44.02530278700422,43.51316382889019,43.825617058487396,92844800,0.0,0.0,No News,0.007041475407289388
"2018-05-10 00:00:00.000000",AAPL,44.64549255371094,44.7230188366596,44.08401758147566,44.10516372024267,111957200,0.0,0.0,No News,0.014303584883519571
"2018-05-11 00:00:00.000000",AAPL,44.47570037841797,44.82237483155684,44.20685116971051,44.68795202646433,104848800,0.0,0.0,No News,-0.0038031202161942224
"2018-05-14 00:00:00.000000",AAPL,44.371917724609375,44.697367977631465,44.303527830108216,44.574733975279194,83115200,0.0,0.0,No News,-0.002333468678976769
"2018-05-15 00:00:00.000000",AAPL,43.968666076660156,44.11724188633787,43.65265100074759,44.048848361857765,94780800,0.0,0.0,No News,-0.009087992330013006
"2018-05-16 00:00:00.000000",AAPL,44.378990173339844,44.445026631668455,43.864876679334486,43.88138669354688,76732400,0.0,0.0,No News,0.009332193429845592
"2018-05-17 00:00:00.000000",AAPL,44.09835433959961,44.55115265554291,43.94977859896218,44.33654405207132,69176000,0.0,0.0,No News,-0.006323619186558771
"2018-05-18 00:00:00.000000",AAPL,43.93800354003906,44.29175270097355,43.895555368017746,44.14553753264784,73190800,0.0,0.0,No News,-0.003636208243185002
"2018-05-21 00:00:00.000000",AAPL,44.24932098388672,44.63608673306024,44.07952103561309,44.33657799117149,73603200,0.0,0.0,No News,0.0070853798253252
"2018-05-22 00:00:00.000000",AAPL,44.13846969604492,44.5441024181634,44.0488520764885,44.426186012862054,60962800,0.0,0.0,No News,-0.0025051522910862767
"2018-05-23 00:00:00.000000",AAPL,44.421451568603516,44.45446800567482,43.80828505325447,43.94742909382516,80233600,0.0,0.0,No News,0.006411229807179897
"2018-05-24 00:00:00.000000",AAPL,44.371917724609375,44.534642851120424,43.91440534381575,44.51813643459441,92936000,0.0,0.0,No News,-0.0011150883693578084
"2018-05-25 00:00:00.000000",AAPL,44.47334289550781,44.72568208078346,44.25401655460162,44.39079998901704,69844000,0.0,0.0,No News,0.0022857964248452767
"2018-05-29 00:00:00.000000",AAPL,44.312984466552734,44.51344379856481,44.070076955162946,44.242237500923224,90056400,0.0,0.0,No News,-0.0036057201576199516
"2018-05-30 00:00:00.000000",AAPL,44.218650817871094,44.33656722005208,44.04885091084863,44.27053432271257,74762000,0.0,0.0,No News,-0.002128803776528354
"2018-05-31 00:00:00.000000",AAPL,44.07007598876953,44.39080875384174,43.89791904530758,44.15261891155814,109931200,0.0,0.0,No News,-0.003360003671607159
"2018-06-01 00:00:00.000000",AAPL,44.86481857299805,44.86953263652804,44.277593796553276,44.334194945609255,93770000,0.0,0.0,No News,0.018033610480522988
"2018-06-04 00:00:00.000000",AAPL,45.23978042602539,45.614753498630094,45.1265817547434,45.194971644043534,105064800,0.0,0.0,No News,0.008357592094510702
"2018-06-05 00:00:00.000000",AAPL,45.58883285522461,45.73740865401023,45.36479244017438,45.532235292656786,86264000,0.0,0.0,No News,0.0077156083851905866
"2018-06-06 00:00:00.000000",AAPL,45.74683380126953,45.77041851462867,45.2610189336562,45.66429450155658,83734400,0.0,0.0,No News,0.0034657817748193764
"2018-06-07 00:00:00.000000",AAPL,45.62420654296875,45.798720479292754,45.36007140934705,45.78457108970132,85388800,0.0,0.0,No News,-0.002680562743063053
"2018-06-08 00:00:00.000000",AAPL,45.20913314819336,45.27988368615735,44.75397771134695,45.084142090483105,106627200,0.0,0.0,No News,-0.009097657279463656
"2018-06-11 00:00:00.000000",AAPL,45.09829330444336,45.272810825351335,44.85774650355641,45.126595679888055,73234000,0.0,0.0,No News,-0.0024517135373215426
"2018-06-12 00:00:00.000000",AAPL,45.34592819213867,45.423753444007204,45.07943599015152,45.13603715474393,67644400,0.0,0.0,No News,0.005491003529193739
"2018-06-13 00:00:00.000000",AAPL,44.97330093383789,45.4874181569556,44.91198571944777,45.37893351770335,86553600,0.0,0.0,No News,-0.00821743590123225
"2018-06-14 00:00:00.000000",AAPL,44.99688720703125,45.178479423187866,44.860103786934765,45.173761760833635,86440400,0.0,0.0,No News,0.0005244505674169
"2018-06-15 00:00:00.000000",AAPL,44.5346565246582,44.84595748808827,44.397873095137925,44.81529807845651,246876800,0.0,0.0,No News,-0.010272503523328536
"2018-06-18 00:00:00.000000",AAPL,44.51108932495117,44.62428807498968,44.147904754064385,44.30827294859869,73939600,0.0,0.0,No News,-0.0005291878628049
"2018-06-19 00:00:00.000000",AAPL,43.79178237915039,43.942715189887565,43.263515742309266,43.66207365151953,134314000,0.0,0.0,No News,-0.01616017394113889
"2018-06-20 00:00:00.000000",AAPL,43.982810974121094,44.147893191048695,43.80121873623951,43.94743749853748,82514800,0.0,0.0,No News,0.004362201869674287
"2018-06-21 00:00:00.000000",AAPL,43.73754119873047,44.419097668013194,43.614907167311685,44.15968021665077,102847600,0.0,0.0,No News,-0.005576491587473531
"2018-06-22 00:00:00.000000",AAPL,43.610191345214844,43.900264617780905,43.558307852752996,43.893189923219936,108801600,0.0,0.0,No News,-0.002911682962171702
"2018-06-25 00:00:00.000000",AAPL,42.96165084838867,43.610190899003925,42.62205111884842,43.251724117986754,126652400,0.0,0.0,No News,-0.0148713059223331
"2018-06-26 00:00:00.000000",AAPL,43.494625091552734,43.989875223254224,43.048901412430034,43.15502901102434,98276800,0.0,0.0,No News,0.012405813851169789
"2018-06-27 00:00:00.000000",AAPL,43.43096160888672,44.166758662861064,43.400302198797014,43.683300788900816,101141200,0.0,0.0,No News,-0.0014637091946880787
"2018-06-28 00:00:00.000000",AAPL,43.746978759765625,43.91442160952756,43.3460637711596,43.41681432174242,69460800,0.0,0.0,No News,0.007276310244400452
"2018-06-29 00:00:00.000000",AAPL,43.65501022338867,44.14554288450888,43.136178777490194,43.93329120310292,90950800,0.0,0.0,No News,-0.0021022831515290497
"2018-07-02 00:00:00.000000",AAPL,44.14318084716797,44.1714832295676,43.25645083330846,43.35078611043578,70925200,0.0,0.0,No News,0.011182464997288033
"2018-07-03 00:00:00.000000",AAPL,43.374359130859375,44.32476482948047,43.28474153395483,44.287030725676225,55819200,0.0,0.0,No News,-0.01741654546758653
"2018-07-05 00:00:00.000000",AAPL,43.723388671875,43.96158204295714,43.459257153905625,43.69037223212883,66416800,0.0,0.0,No News,0.008046909464704877
"2018-07-06 00:00:00.000000",AAPL,44.3294792175293,44.43796025980042,43.676221537946965,43.728105027214696,69940800,0.0,0.0,No News,0.013861929828969721
"2018-07-09 00:00:00.000000",AAPL,44.94500732421875,44.96858844083861,44.64314168271515,44.690307514477155,79026400,0.0,0.0,No News,0.013885299749834434
"2018-07-10 00:00:00.000000",AAPL,44.890769958496094,45.11009271096756,44.8506752202268,44.97566990105466,63756400,0.0,0.0,No News,-0.0012067495134977513
"2018-07-11 00:00:00.000000",AAPL,44.30826187133789,44.756342693838846,44.2445860160065,44.454477036854996,75326000,0.0,0.0,No News,-0.012976121543398889
"2018-07-12 00:00:00.000000",AAPL,45.05112838745117,45.14074598088069,44.645495783589865,44.69737927467831,72164400,0.0,0.0,No News,0.016765869044252035
"2018-07-13 00:00:00.000000",AAPL,45.12188720703125,45.24216063196947,45.020477238201885,45.06292901075361,50055600,0.0,0.0,No News,0.0015706336802827625
"2018-07-16 00:00:00.000000",AAPL,45.0228271484375,45.43317379376515,44.9072678157817,45.1666852570409,60172400,0.0,0.0,No News,-0.002195388196846393
"2018-07-17 00:00:00.000000",AAPL,45.15017318725586,45.24922249709386,44.619549571216886,44.749258285952976,62138000,0.0,0.0,No News,0.002828477172224453
"2018-07-18 00:00:00.000000",AAPL,44.902549743652344,45.23271772028795,44.791708074173755,45.228000058165804,65573600,0.0,0.0,No News,-0.005484440615023178
"2018-07-19 00:00:00.000000",AAPL,45.25157928466797,45.40958676064822,44.73510509981773,44.73510509981773,81147200,0.0,0.0,No News,0.0077730450276927154
"2018-07-20 00:00:00.000000",AAPL,45.1478157043457,45.381287790015705,44.84830714758862,45.22799796410062,82704800,0.0,0.0,No News,-0.0022930377671354085
"2018-07-23 00:00:00.000000",AAPL,45.18790817260742,45.2704510650198,44.70445037102443,44.9685818691092,63957600,0.0,0.0,No News,0.0008880267546998
"2018-07-24 00:00:00.000000",AAPL,45.515724182128906,45.67137467251111,45.2916837724395,45.38601544014374,74791600,0.0,0.0,No News,0.007254507295830104
"2018-07-25 00:00:00.000000",AAPL,45.94493865966797,45.9520133543751,45.38129492550352,45.52987071139773,66839600,0.0,0.0,No News,0.009430026331594288
"2018-07-26 00:00:00.000000",AAPL,45.80107879638672,46.213786098393896,45.65957771057542,45.89541045457952,76304000,0.0,0.0,No News,-0.0031311362573988033
"2018-07-27 00:00:00.000000",AAPL,45.039337158203125,46.032194609591265,44.83180678717591,45.98502877974518,96096000,0.0,0.0,No News,-0.016631521750175238
"2018-07-30 00:00:00.000000",AAPL,44.78700256347656,45.327058027636596,44.58890389877771,45.25630747638057,84118000,0.0,0.0,No News,-0.005602537929015772
"2018-07-31 00:00:00.000000",AAPL,44.87661361694336,45.31290565554583,44.65257321814302,44.87897424756083,157492000,0.0,0.0,No News,0.002000827211863232
"2018-08-01 00:00:00.000000",AAPL,47.52030563354492,47.58162086147488,46.53216569994232,46.96138309102007,271742800,0.0,0.0,No News,0.05891023861932898
"2018-08-02 00:00:00.000000",AAPL,48.90935516357422,49.1428308876764,47.249094143303275,47.30333466964215,249616000,0.0,0.0,No News,0.02923065227612409
"2018-08-03 00:00:00.000000",AAPL,49.05085754394531,49.227732115734135,48.458915007304384,48.82445650870577,133789600,0.0,0.0,No News,0.0028931557142359843
"2018-08-06 00:00:00.000000",AAPL,49.3055534362793,49.3480016028406,48.8338879490359,49.05321067331347,101701600,0.0,0.0,No News,0.0051924860254644045
"2018-08-07 00:00:00.000000",AAPL,48.843326568603516,49.40696676146404,48.760783657277955,49.364518588912105,102349600,0.0,0.0,No News,-0.009374742507923473
"2018-08-08 00:00:00.000000",AAPL,48.8763427734375,49.00840855209186,48.2325203032362,48.59334416224635,90102000,0.0,0.0,No News,0.0006759614291956
"2018-08-09 00:00:00.000000",AAPL,49.260746002197266,49.472994037920536,48.86454511071905,49.414035850383826,93970400,0.0,0.0,No News,0.007864811623521817
"2018-08-10 00:00:00.000000",AAPL,49.11402130126953,49.48557902120588,48.9104936737248,49.07378955771502,98444800,0.0,0.0,No News,-0.002978531850110211
"2018-08-13 00:00:00.000000",AAPL,49.4311408996582,49.92339381288648,49.15424931305655,49.5352718097257,103563600,0.0,0.0,No News,0.0064568037799925815
"2018-08-14 00:00:00.000000",AAPL,49.63939666748047,49.831090541667486,49.28677223977179,49.73642805922572,82992000,0.0,0.0,No News,0.004213047970003547
"2018-08-15 00:00:00.000000",AAPL,49.755374908447266,49.87370484948711,49.30335366700067,49.51398081760587,115230400,0.0,0.0,No News,0.0023364152014921924
"2018-08-16 00:00:00.000000",AAPL,50.48427963256836,50.60024064494456,50.04645747690956,50.11272194430814,114001600,0.0,0.0,No News,0.014649768501640681
"2018-08-17 00:00:00.000000",AAPL,51.49244689941406,51.580009882061766,50.44641087085181,50.51267533520291,141708000,0.0,0.0,No News,0.019969924780214532
"2018-08-20 00:00:00.000000",AAPL,50.99073028564453,51.87110156077517,50.90789789788546,51.61551211353429,121150800,0.0,0.0,No News,-0.009743499172793046
"2018-08-21 00:00:00.000000",AAPL,50.89134216308594,51.400163103334,50.65231696947076,51.307865888854536,104639200,0.0,0.0,No News,-0.001949140990957221
"2018-08-22 00:00:00.000000",AAPL,50.893707275390625,51.20373113650399,50.60734723529338,50.66888111445021,76072400,0.0,0.0,No News,0.0000464737655594
"2018-08-23 00:00:00.000000",AAPL,50.997825622558594,51.36701436188184,50.78719852839893,50.799028630418015,75532800,0.0,0.0,No News,0.002045800016190036
"2018-08-24 00:00:00.000000",AAPL,51.15638732910156,51.33151328398734,50.907893796984375,51.26051822721865,73905600,0.0,0.0,No News,0.0031091856291385334
"2018-08-27 00:00:00.000000",AAPL,51.57763671875,51.7669652785152,51.19661430126148,51.39067345694291,82100400,0.0,0.0,No News,0.008234541406108908
"2018-08-28 00:00:00.000000",AAPL,51.99415969848633,52.19295307283816,51.80956533499646,51.830863851289415,91107200,0.0,0.0,No News,0.008075650732266126
"2018-08-29 00:00:00.000000",AAPL,52.77040100097656,52.891099809668496,51.925527395842835,52.10065333607512,109019200,0.0,0.0,No News,0.014929394127949136
"2018-08-30 00:00:00.000000",AAPL,53.255558013916016,54.01996820716036,52.63314154334192,52.83430383105253,195175200,0.0,0.0,No News,0.00919373367904619
"2018-08-31 00:00:00.000000",AAPL,53.87089157104492,54.16434752163263,53.4851347972511,53.605830040366044,173360400,0.0,0.0,No News,0.011554353762815106
"2018-09-04 00:00:00.000000",AAPL,54.04363250732422,54.23769166709195,53.63421206114945,54.05546621964784,109560400,0.0,0.0,No News,0.00320657281217418
"2018-09-05 00:00:00.000000",AAPL,53.6910285949707,54.35367701544728,53.27214318574436,54.192750022078755,133332000,0.0,0.0,No News,-0.006524430279658322
"2018-09-06 00:00:00.000000",AAPL,52.79882049560547,53.80462498223648,52.3728319908037,53.53956346194695,137160000,0.0,0.0,No News,-0.01661745216497512
"2018-09-07 00:00:00.000000",AAPL,52.372825622558594,53.33602933601762,52.233197177478694,52.50298926252407,150479200,0.0,0.0,No News,-0.008068264954561477
"2018-09-10 00:00:00.000000",AAPL,51.669952392578125,52.502996187083596,51.22976486827535,52.29000012691845,158066000,0.0,0.0,No News,-0.013420571100095868
"2018-09-11 00:00:00.000000",AAPL,52.976318359375,53.082814588728695,51.25106572150036,51.59422184325931,142996000,0.0,0.0,No News,0.02528289472518508
"2018-09-12 00:00:00.000000",AAPL,52.31840133666992,53.24847293050739,52.02730708462673,53.23427391550883,197114800,0.0,0.0,No News,-0.012419077864980532
"2018-09-13 00:00:00.000000",AAPL,53.582149505615234,54.04127012385356,52.67337668396493,52.898202785670925,166825600,0.0,0.0,No News,0.024154946188303272
"2018-09-14 00:00:00.000000",AAPL,52.97394943237305,53.683929109361706,52.66156025229259,53.425970693396906,127997200,0.0,0.0,No News,-0.011350796465872448
"2018-09-17 00:00:00.000000",AAPL,51.563453674316406,52.76331733842613,51.41909100904988,52.57398872003908,148780400,0.0,0.0,No News,-0.026626214831448225
"2018-09-18 00:00:00.000000",AAPL,51.648643493652344,52.50298563919337,51.38358202388521,51.54214367939406,126286800,0.0,0.0,No News,0.0016521356361041128
"2018-09-19 00:00:00.000000",AAPL,51.679405212402344,51.97522999584311,50.95286142206586,51.710172145445746,108495200,0.0,0.0,No News,0.0005955958698853
"2018-09-20 00:00:00.000000",AAPL,52.072265625,52.60475027848478,51.8640038049603,52.12196578156135,106435200,0.0,0.0,No News,0.007601875659810631
"2018-09-21 00:00:00.000000",AAPL,51.511390686035156,52.3870315255617,51.42382407428225,52.24976836092235,384986800,0.0,0.0,No News,-0.01077108768425794
"2018-09-24 00:00:00.000000",AAPL,52.25212478637695,52.36335520071056,51.26762259076125,51.31258853840368,110773600,0.0,0.0,No News,0.014380005868150914
"2018-09-25 00:00:00.000000",AAPL,52.58345413208008,52.732550997350124,51.99416978895151,52.006003504013755,98217600,0.0,0.0,No News,0.00634097363614794
"2018-09-26 00:00:00.000000",AAPL,52.16456985473633,52.952647681500984,52.00837346864391,52.30183301725907,95938800,0.0,0.0,No News,-0.007966085230756925
"2018-09-27 00:00:00.000000",AAPL,53.23662185668945,53.58924626246891,52.90293066844936,52.96919873540815,120724800,0.0,0.0,No News,0.02055134365985367
"2018-09-28 00:00:00.000000",AAPL,53.42361068725586,53.4472745121472,53.01655534322987,53.198780878353794,91717600,0.0,0.0,No News,0.0035124097669039234
"2018-10-01 00:00:00.000000",AAPL,53.7833137512207,54.29449987051598,53.56795604203852,53.94660961803524,94403200,0.0,0.0,No News,0.006733035437656243
"2018-10-02 00:00:00.000000",AAPL,54.26136779785156,54.4317631714536,53.634220666637496,53.78094861179492,99152800,0.0,0.0,No News,0.008888519752467072
"2018-10-03 00:00:00.000000",AAPL,54.92164611816406,55.252968421450255,54.3796931085446,54.44359227101489,114619200,0.0,0.0,No News,0.012168479106025032
"2018-10-04 00:00:00.000000",AAPL,53.95608139038086,54.987918497825,53.657887663337085,54.61636079385546,128168000,0.0,0.0,No News,-0.017580768167541616
"2018-10-05 00:00:00.000000",AAPL,53.080440521240234,54.05548163878989,52.202434427966345,53.94898541978365,134322000,0.0,0.0,No News,-0.01622877063301209
"2018-10-08 00:00:00.000000",AAPL,52.95738220214844,53.201141588936295,52.11250469969764,52.588193368222875,118655600,0.0,0.0,No News,-0.00231833643209034
"2018-10-09 00:00:00.000000",AAPL,53.6910285949707,53.78569471854929,52.59766104842754,52.926618154183444,107564000,0.0,0.0,No News,0.013853524519429561
"2018-10-10 00:00:00.000000",AAPL,51.2037239074707,53.56795704512589,51.13035993373505,53.35732992876048,167962400,0.0,0.0,No News,-0.04632626255428063
"2018-10-11 00:00:00.000000",AAPL,50.7516975402832,51.946830350297546,50.2476145806156,50.76826546098694,212497600,0.0,0.0,No News,-0.008827997901175055
"2018-10-12 00:00:00.000000",AAPL,52.564517974853516,52.74674706543594,51.31731958871107,52.16456226162704,161351600,0.0,0.0,No News,0.03571940491510506
"2018-10-15 00:00:00.000000",AAPL,51.440391540527344,52.49826149053623,51.4190930180517,52.33969980464552,123164000,0.0,0.0,No News,-0.021385650960671687
"2018-10-16 00:00:00.000000",AAPL,52.5739860534668,52.77278307881881,51.29838956224378,51.81194102118885,116736000,0.0,0.0,No News,0.02203705063260153
"2018-10-17 00:00:00.000000",AAPL,52.3467903137207,52.68994635769821,51.90896816755255,52.60948287919308,91541600,0.0,0.0,No News,-0.0043214478642543686
"2018-10-18 00:00:00.000000",AAPL,51.123260498046875,52.003635406378,50.408546758242004,51.55871374421379,130325200,0.0,0.0,No News,-0.02337354035158723
"2018-10-19 00:00:00.000000",AAPL,51.90187454223633,52.36336055788579,51.456952839383014,51.606049710263214,132314800,0.0,0.0,No News,0.015230132753743186
"2018-10-22 00:00:00.000000",AAPL,52.218990325927734,52.86034005758021,51.81430403669069,52.015462726587266,115168400,0.0,0.0,No News,0.006109910027109811
"2018-10-23 00:00:00.000000",AAPL,52.711246490478516,52.83431062152317,50.810868215917154,51.07829499747305,155071200,0.0,0.0,No News,0.009426765272142035
"2018-10-24 00:00:00.000000",AAPL,50.903167724609375,53.066238670983005,50.77300408116082,52.68048556003546,163702000,0.0,0.0,No News,-0.03430157482987506
"2018-10-25 00:00:00.000000",AAPL,52.01783752441406,52.3917605334903,51.2960242350942,51.52321928773726,119423200,0.0,0.0,No News,0.02189784741560974
"2018-10-26 00:00:00.000000",AAPL,51.18953323364258,52.11014003080295,50.33045670583249,51.09486711409227,189033600,0.0,0.0,No News,-0.01592346645288223
"2018-10-29 00:00:00.000000",AAPL,50.22868347167969,51.99179847777258,48.77322335476921,51.87346856312014,183742000,0.0,0.0,No News,-0.018770434134988467
"2018-10-30 00:00:00.000000",AAPL,50.47953796386719,50.924455949051364,49.5257992228298,49.97071720801397,146640000,0.0,0.0,No News,0.004994247805219398
"2018-10-31 00:00:00.000000",AAPL,51.79536819458008,52.1716564405794,51.26524889935594,51.32678276350277,153435600,0.0,0.0,No News,0.026066606070260567
"2018-11-01 00:00:00.000000",AAPL,52.590545654296875,52.62367788475514,51.31021515740563,51.840334455880125,233292800,0.0,0.0,No News,0.015352288967800165
"2018-11-02 00:00:00.000000",AAPL,49.10218048095703,50.56237119763977,48.61702710758743,49.592068062043005,365314800,0.0,0.0,No News,-0.06633065182990416
"2018-11-05 00:00:00.000000",AAPL,47.70825958251953,48.37090790263362,46.898883307010784,48.349609382233005,264654800,0.0,0.0,No News,-0.02838816697718949
"2018-11-06 00:00:00.000000",AAPL,48.224178314208984,48.449004447935366,47.731925396254766,47.78635615026074,127531600,0.0,0.0,No News,0.01081403380052226
"2018-11-07 00:00:00.000000",AAPL,49.68671798706055,49.71275070620505,48.30936000351542,48.74481311362209,133697600,0.0,0.0,No News,0.030327933496808512
"2018-11-08 00:00:00.000000",AAPL,49.513370513916016,49.900469550137,49.1001442948678,49.86722171346018,101450400,0.0,0.0,No News,-0.003488809085552269
"2018-11-09 00:00:00.000000",AAPL,48.55867004394531,48.92439619156976,48.0314518401516,48.81515486933755,137463200,0.0,0.0,No News,-0.01928166998250258
"2018-11-12 00:00:00.000000",AAPL,46.112571716308594,47.46149160971139,46.02232604202068,47.259627429985954,204542000,0.0,0.0,No News,-0.050374079961889695
"2018-11-13 00:00:00.000000",AAPL,45.65185546875,46.827408453582805,45.46661699229114,45.509366284258455,187531600,0.0,0.0,No News,-0.0099911202175621
"2018-11-14 00:00:00.000000",AAPL,44.362300872802734,46.186188133069685,44.15568598291519,46.048446081058614,243204000,0.0,0.0,No News,-0.02824758342692124
"2018-11-15 00:00:00.000000",AAPL,45.45712661743164,45.59011799426368,44.386064076083116,44.73991897952376,185915200,0.0,0.0,No News,0.02467919208627234
"2018-11-16 00:00:00.000000",AAPL,45.9605827331543,46.30256253867102,44.994018333700204,45.241001735605465,147713200,0.0,0.0,No News,0.011075405622527734
"2018-11-19 00:00:00.000000",AAPL,44.139076232910156,45.28850573158445,43.93246490893677,45.122266527022944,167701200,0.0,0.0,No News,-0.03963192788089198
"2018-11-20 00:00:00.000000",AAPL,42.030208587646484,43.09652044205455,41.68110439834949,42.36031349042638,271300800,0.0,0.0,No News,-0.04777779295007756
"2018-11-21 00:00:00.000000",AAPL,41.98270034790039,42.81152632280583,41.928079679401435,42.68328208090455,124496800,0.0,0.0,No News,-0.0011303355691663075
"2018-11-23 00:00:00.000000",AAPL,40.91638946533203,41.939955371122814,40.871270248544576,41.545728433984664,94496000,0.0,0.0,No News,-0.025398816029748028
"2018-11-26 00:00:00.000000",AAPL,41.4697380065918,41.548108696422304,40.434300553403695,41.37949593469791,179994000,0.0,0.0,No News,0.01352388489039602
"2018-11-27 00:00:00.000000",AAPL,41.379493713378906,41.50536079593518,40.58154192418176,40.73115539333304,165549600,0.0,0.0,No News,-0.00217614813960354
"2018-11-28 00:00:00.000000",AAPL,42.97064971923828,43.05376751403634,41.543358788745984,41.9708336400061,184250000,0.0,0.0,No News,0.0384527664084231
"2018-11-29 00:00:00.000000",AAPL,42.64053726196289,43.4123654086961,42.20118748278702,43.37911757194036,167080000,0.0,0.0,No News,-0.007682277541351645
"2018-11-30 00:00:00.000000",AAPL,42.41017150878906,42.82577123652674,42.04206816804442,42.816269784882905,158126000,0.0,0.0,No News,-0.005402505877413644
"2018-12-03 00:00:00.000000",AAPL,43.89208984375,43.92058695583574,43.034766692325256,43.80659488375015,163210000,0.0,0.0,No News,0.03494252162252698
"2018-12-04 00:00:00.000000",AAPL,41.961326599121094,43.314993644535846,41.86158309301077,42.97301383859059,165377200,0.0,0.0,No News,-0.043988865681770184
"2018-12-06 00:00:00.000000",AAPL,41.49348449707031,41.507733053331634,40.472295688010675,40.79052552365589,172393600,0.0,0.0,No News,-0.011149363949341407
"2018-12-07 00:00:00.000000",AAPL,40.013954162597656,41.43886790910072,39.96883131415951,41.20138228468355,169126400,0.0,0.0,No News,-0.035656931501549805
"2018-12-10 00:00:00.000000",AAPL,40.277557373046875,40.39392299254589,38.78852171429132,39.18512221335925,248104000,0.0,0.0,No News,0.006587782086670657
"2018-12-11 00:00:00.000000",AAPL,40.04719543457031,40.797647130558154,39.66009277068402,40.76677646859411,189126800,0.0,0.0,No News,-0.005719362183336352
"2018-12-12 00:00:00.000000",AAPL,40.1588249206543,40.82853257024421,40.139825633778514,40.46755336709126,142510800,0.0,0.0,No News,0.0027874482812750845
"2018-12-13 00:00:00.000000",AAPL,40.59816360473633,40.982892750447746,40.26568520596623,40.488922255315906,127594400,0.0,0.0,No News,0.010940028373590982
"2018-12-14 00:00:00.000000",AAPL,39.299102783203125,40.1540521035739,39.251606404013955,40.13505282714995,162814800,0.0,0.0,No News,-0.031998019274488865
"2018-12-17 00:00:00.000000",AAPL,38.93338394165039,39.98069614858021,38.64602481476613,39.29198583874038,177151600,0.0,0.0,No News,-0.009306035396539514
"2018-12-18 00:00:00.000000",AAPL,39.43922805786133,39.78595494062072,39.040250439096134,39.27536244428323,135366000,0.0,0.0,No News,0.01299255458937365
"2018-12-19 00:00:00.000000",AAPL,38.20906066894531,39.766965732375674,37.78158583477407,39.422612313422675,196189200,0.0,0.0,No News,-0.031191467214095492
"2018-12-20 00:00:00.000000",AAPL,37.244869232177734,38.498792982639806,36.88151653310877,38.09269098875768,259092000,0.0,0.0,No News,-0.025234628119273017
"2018-12-21 00:00:00.000000",AAPL,35.796207427978516,37.56072751526206,35.53497541336422,37.251995476406,382978400,0.0,0.0,No News,-0.038895607208835226
"2018-12-24 00:00:00.000000",AAPL,34.8700065612793,35.9909387378282,34.8130087201228,35.18348562828449,148676800,0.0,0.0,No News,-0.025874273652110258
"2018-12-26 00:00:00.000000",AAPL,37.32560348510742,37.33985203831882,34.84388021059676,35.21910781471175,234330000,0.0,0.0,No News,0.07042146434680907
"2018-12-27 00:00:00.000000",AAPL,37.083370208740234,37.23061372589875,35.63946113582049,37.00975026203208,212468400,0.0,0.0,No News,-0.006489735027695787
"2018-12-28 00:00:00.000000",AAPL,37.10237121582031,37.64621522429912,36.70339718009544,37.40397891761338,169165600,0.0,0.0,No News,0.0005123861982641
"2018-12-31 00:00:00.000000",AAPL,37.46097946166992,37.84570497009902,37.16174528956495,37.648591489285586,140014000,0.0,0.0,No News,0.009665372699863894
"2019-01-02 00:00:00.000000",AAPL,37.50373077392578,37.72459429722969,36.627408207295694,36.784149594963864,148158800,0.0,0.0,No News,0.0011412224899138845
"2019-01-03 00:00:00.000000",AAPL,33.7680778503418,34.60640172363963,33.72295500680148,34.19317547745964,365248800,0.0,0.0,No News,-0.09960750161371068
"2019-01-04 00:00:00.000000",AAPL,35.20961380004883,35.278486653439785,34.15043005188284,34.32379352547417,234428400,0.0,0.0,No News,0.042689310185075824
"2019-01-07 00:00:00.000000",AAPL,35.131248474121094,35.34498772125398,34.649152921842216,35.314113428905806,219111200,0.0,0.0,No News,-0.0022256797922510785
"2019-01-08 00:00:00.000000",AAPL,35.80094528198242,36.055056550079776,35.2713535405517,35.518336908581354,164101200,0.0,0.0,No News,0.019062710178223474
"2019-01-09 00:00:00.000000",AAPL,36.408912658691406,36.6986453479839,35.534967488442895,35.929190786032024,180396400,0.0,0.0,No News,0.0169818805598676
"2019-01-10 00:00:00.000000",AAPL,36.52528381347656,36.56565592820539,35.82707561156554,36.21655182724987,143122800,0.0,0.0,No News,0.003196227140207508
"2019-01-11 00:00:00.000000",AAPL,36.16667938232422,36.50153493832651,35.98144090958733,36.306798636311406,108092800,0.0,0.0,No News,-0.009817977951482204
"2019-01-14 00:00:00.000000",AAPL,35.622840881347656,35.924448615457706,35.43760239866407,35.824705095839064,129756800,0.0,0.0,No News,-0.015037003956806516
"2019-01-15 00:00:00.000000",AAPL,36.351932525634766,36.427926054181476,35.634724801804865,35.68697193806859,114843600,0.0,0.0,No News,0.02046697080436566
"2019-01-16 00:00:00.000000",AAPL,36.7960319519043,37.019269071588305,36.335309151491586,36.35430844079915,122278800,0.0,0.0,No News,0.012216666224178274
"2019-01-17 00:00:00.000000",AAPL,37.01450729370117,37.441982116151216,36.397043258635236,36.620280311678194,119284800,0.0,0.0,No News,0.005937470162066472
"2019-01-18 00:00:00.000000",AAPL,37.24250411987305,37.49423834764518,37.04301340511108,37.403992634389624,135004000,0.0,0.0,No News,0.006159661247488124
"2019-01-22 00:00:00.000000",AAPL,36.40653610229492,37.221109811985436,36.24504404145378,37.14511631915699,121576000,0.0,0.0,No News,-0.022446611400978367
"2019-01-23 00:00:00.000000",AAPL,36.55378341674805,36.84351614102213,36.02656509052752,36.60840409054777,92522400,0.0,0.0,No News,0.004044529642682537
"2019-01-24 00:00:00.000000",AAPL,36.26405715942383,36.68678131637326,36.03607297019486,36.59891278758119,101766000,0.0,0.0,No News,-0.007926026535230668
"2019-01-25 00:00:00.000000",AAPL,37.465728759765625,37.553600900151864,36.64878130027886,36.924261855530716,134142000,0.0,0.0,No News,0.03313671151187014
"2019-01-28 00:00:00.000000",AAPL,37.11899948120117,37.12612375920128,36.49203765099391,36.99787950771421,104768400,0.0,0.0,No News,-0.009254571845851989
"2019-01-29 00:00:00.000000",AAPL,36.73427200317383,37.55360024747364,36.59890709133916,37.107126146086244,166348800,0.0,0.0,No News,-0.010364704959846427
"2019-01-30 00:00:00.000000",AAPL,39.244503021240234,39.4582386532504,38.05232406307242,38.76953172900132,244439200,0.0,0.0,No News,0.0683348513848192
"2019-01-31 00:00:00.000000",AAPL,39.527103424072266,40.13506597381766,39.080629341215584,39.44873274205534,162958400,0.0,0.0,No News,0.007201018768898226
"2019-02-01 00:00:00.000000",AAPL,39.54609680175781,40.130309255024635,39.405977566123646,39.65059102884413,130672400,0.0,0.0,No News,0.0004805152930578
"2019-02-04 00:00:00.000000",AAPL,40.669410705566406,40.76678067534809,39.72659254412772,39.75746683302016,125982000,0.0,0.0,No News,0.028405177619417188
"2019-02-05 00:00:00.000000",AAPL,41.365238189697266,41.578977394234336,40.93064275033117,41.05175909628241,144406400,0.0,0.0,No News,0.01710935742758668
"2019-02-06 00:00:00.000000",AAPL,41.379493713378906,41.695350007409324,41.04938886264292,41.476860058781234,112958400,0.0,0.0,No News,0.0003446256882715
"2019-02-07 00:00:00.000000",AAPL,40.59580612182617,41.30826322154584,40.453313252384554,40.942533214392995,126966800,0.0,0.0,No News,-0.01893903286930143
"2019-02-08 00:00:00.000000",AAPL,40.643497467041016,40.70312351098446,40.16887284710859,40.30482197415641,95280000,0.0,0.0,No News,0.0011747850275893867
"2019-02-11 00:00:00.000000",AAPL,40.40975570678711,40.83429643477586,40.36682670736698,40.79613489799055,83973600,0.0,0.0,No News,-0.005751024759703682
"2019-02-12 00:00:00.000000",AAPL,40.75797653198242,40.78421213565277,40.474155993899046,40.56955984328428,89134000,0.0,0.0,No News,0.008617246481814833
"2019-02-13 00:00:00.000000",AAPL,40.58863067626953,41.13719089744632,40.52662091325393,40.87722227186637,89960800,0.0,0.0,No News,-0.004154913224899803
"2019-02-14 00:00:00.000000",AAPL,40.73650360107422,40.84621345605926,40.39782819422876,40.476534988953155,87342800,0.0,0.0,No News,0.003643210483844639
"2019-02-15 00:00:00.000000",AAPL,40.645877838134766,40.95116286674207,40.486080490292245,40.843836724374356,98507200,0.0,0.0,No News,-0.0022246819174011057
"2019-02-19 00:00:00.000000",AAPL,40.76750946044922,40.889148896685995,40.42406656800364,40.476537768089266,75891200,0.0,0.0,No News,0.0029924712857434255
"2019-02-20 00:00:00.000000",AAPL,41.02985763549805,41.33752994452727,40.78181498726989,40.8295150766272,104457600,0.0,0.0,No News,0.006435226937356653
"2019-02-21 00:00:00.000000",AAPL,40.798519134521484,41.1109589873407,40.617257291473365,40.97501351487574,68998800,0.0,0.0,No News,-0.00563829645795344
"2019-02-22 00:00:00.000000",AAPL,41.254066467285156,41.26122130122351,40.87484571141324,40.92254581743053,75652800,0.0,0.0,No News,0.011165781073122716
"2019-02-25 00:00:00.000000",AAPL,41.55457305908203,41.945719682081254,41.48779219461515,41.537879662607395,87493600,0.0,0.0,No News,0.007284290193190435
"2019-02-26 00:00:00.000000",AAPL,41.57843017578125,41.809779499488094,41.30176447990518,41.430558762837144,68280800,0.0,0.0,No News,0.0005741153125385
"2019-02-27 00:00:00.000000",AAPL,41.70722198486328,41.73822869074752,41.19682321958781,41.311307838567444,111341600,0.0,0.0,No News,0.003097563052225416
"2019-02-28 00:00:00.000000",AAPL,41.2969856262207,41.71675519338844,41.24213069934181,41.57603864043286,112861600,0.0,0.0,No News,-0.009836098860563358
"2019-03-01 00:00:00.000000",AAPL,41.7310676574707,41.773996653747055,41.234978633444705,41.56649922650965,103544800,0.0,0.0,No News,0.010511227990800176
"2019-03-04 00:00:00.000000",AAPL,41.94095993041992,42.39411639965305,41.4925709243222,41.9027983896276,109744800,0.0,0.0,No News,0.0050296406186398634
"2019-03-05 00:00:00.000000",AAPL,41.864627838134766,41.97672506553204,41.62850744949889,41.962415400636054,78949600,0.0,0.0,No News,-0.0018199891564664172
"2019-03-06 00:00:00.000000",AAPL,41.623741149902344,41.855090443606244,41.485408319904245,41.65951531314144,83241600,0.0,0.0,No News,-0.005753943141780349
"2019-03-07 00:00:00.000000",AAPL,41.14197540283203,41.60467414327128,41.02749440331971,41.46872499943104,99185600,0.0,0.0,No News,-0.011574301919073049
"2019-03-08 00:00:00.000000",AAPL,41.23974609375,41.27790762437119,40.42644621389484,40.622021328865515,95997600,0.0,0.0,No News,0.0023764218893398414
"2019-03-11 00:00:00.000000",AAPL,42.66838073730469,42.72085192885243,41.82169411946825,41.85508454688193,128044000,0.0,0.0,No News,0.034642178453450745
"2019-03-12 00:00:00.000000",AAPL,43.14778137207031,43.56754731458191,42.7804829879991,42.93074174869042,129870400,0.0,0.0,No News,0.011235501007575976
"2019-03-13 00:00:00.000000",AAPL,43.338584899902344,43.71780557424151,43.15016460861008,43.46737552238741,124130000,0.0,0.0,No News,0.0044220935993604105
"2019-03-14 00:00:00.000000",AAPL,43.820369720458984,43.908618737237624,43.54132028091361,43.86091499226116,94318000,0.0,0.0,No News,0.011116764003010315
"2019-03-15 00:00:00.000000",AAPL,44.3903923034668,44.678983933208535,43.822754887497275,44.08749464595025,156171600,0.0,0.0,No News,0.013008164619425333
"2019-03-18 00:00:00.000000",AAPL,44.843544006347656,44.931789362919865,44.311677218092875,44.31406458834656,104879200,0.0,0.0,No News,0.010208328409962553
"2019-03-19 00:00:00.000000",AAPL,44.488182067871094,45.07490392114361,44.34269438014027,44.92226139953133,126585600,0.0,0.0,No News,-0.007924483810339833
"2019-03-20 00:00:00.000000",AAPL,44.876949310302734,45.194160320045455,44.05887804532728,44.41663433069777,124140800,0.0,0.0,No News,0.008738663266539826
"2019-03-21 00:00:00.000000",AAPL,46.52976989746094,46.825516329115906,45.2704683808724,45.320555849510406,204136800,0.0,0.0,No News,0.03683005668967687
"2019-03-22 00:00:00.000000",AAPL,45.56621170043945,47.14987887158073,45.50181457067001,46.58939274805469,169630800,0.0,0.0,No News,-0.020708423857347835
"2019-03-25 00:00:00.000000",AAPL,45.01526641845703,45.788017395190856,44.504867775579754,45.67592017387485,175381200,0.0,0.0,No News,-0.012091092531554604
"2019-03-26 00:00:00.000000",AAPL,44.550174713134766,46.00266730047316,44.02308274366589,45.71169203688233,199202000,0.0,0.0,No News,-0.01033186610513026
"2019-03-27 00:00:00.000000",AAPL,44.95088195800781,45.25855074113513,44.49295438071244,45.01766283557475,119393600,0.0,0.0,No News,0.008994515677059889
"2019-03-28 00:00:00.000000",AAPL,45.010498046875,45.21084063526759,44.72667756034346,45.065352975754955,83121600,0.0,0.0,No News,0.0013262495922299333
"2019-03-29 00:00:00.000000",AAPL,45.30385971069336,45.33486641281112,44.96756800695002,45.2752403790673,94256000,0.0,0.0,No News,0.006517627587965036
"2019-04-01 00:00:00.000000",AAPL,45.61153793334961,45.7164767092003,44.929415874254,45.70693814386287,111448000,0.0,0.0,No News,0.006791435092309062
"2019-04-02 00:00:00.000000",AAPL,46.27456283569336,46.379505213666505,45.56620542365809,45.57574398561771,91062800,0.0,0.0,No News,0.014536341732493296
"2019-04-03 00:00:00.000000",AAPL,46.59178161621094,46.86605990037226,46.06706963719681,46.09092150507348,93087200,0.0,0.0,No News,0.006855143756709703
"2019-04-04 00:00:00.000000",AAPL,46.67287826538086,46.83505934250355,46.06469194760166,46.458222344190496,76457200,0.0,0.0,No News,0.00174057841011388
"2019-04-05 00:00:00.000000",AAPL,46.98531723022461,47.009169100776084,46.730116044604905,46.85413922076049,74106400,0.0,0.0,No News,0.006694229635190396
"2019-04-08 00:00:00.000000",AAPL,47.72467803955078,47.755681101848495,46.82790017839874,46.84698094558115,103526800,0.0,0.0,No News,0.015735996964825416
"2019-04-09 00:00:00.000000",AAPL,47.581565856933594,48.3805560125003,47.51716873376691,47.77714095718664,143072800,0.0,0.0,No News,-0.002998703993321583
"2019-04-10 00:00:00.000000",AAPL,47.84870529174805,47.87732826678451,47.2667545362324,47.38600662091069,86781200,0.0,0.0,No News,0.005614347279315535
"2019-04-11 00:00:00.000000",AAPL,47.45039367675781,47.93932784783885,47.328757886390626,47.90355368575557,83603200,0.0,0.0,No News,-0.008324396920702637
"2019-04-12 00:00:00.000000",AAPL,47.43132019042969,47.734221486599644,46.79690190331519,47.51002699837706,111042800,0.0,0.0,No News,-0.0004019668721414
"2019-04-15 00:00:00.000000",AAPL,47.51717758178711,47.66505261953051,47.22620224726255,47.362151350453125,70146400,0.0,0.0,No News,0.0018101412950919382
"2019-04-16 00:00:00.000000",AAPL,47.52194595336914,48.02757352365968,47.357377528133505,47.57203341989984,102785600,0.0,0.0,No News,0.0001003504800727
"2019-04-17 00:00:00.000000",AAPL,48.44734191894531,48.50696794754076,47.36930230294008,47.59110938245884,115627200,0.0,0.0,No News,0.01947302340026691
"2019-04-18 00:00:00.000000",AAPL,48.621456146240234,48.69062074842897,48.30186145878901,48.44496176516435,96783200,0.0,0.0,No News,0.0035938860709061604
"2019-04-22 00:00:00.000000",AAPL,48.78125,48.87903756789539,48.25892536678017,48.375793702017404,77758000,0.0,0.0,No News,0.0032864884440966247
"2019-04-23 00:00:00.000000",AAPL,49.484832763671875,49.54922989372461,48.63098759521515,48.75739448502875,93292000,0.0,0.0,No News,0.014423221292440669
"2019-04-24 00:00:00.000000",AAPL,49.40851974487305,49.72334332507646,49.38228414324906,49.45621984620272,70162400,0.0,0.0,No News,-0.0015421496757053177
"2019-04-25 00:00:00.000000",AAPL,48.96012496948242,49.55161416212724,48.92196343723849,49.32980707961694,74172800,0.0,0.0,No News,-0.009075252157036195
"2019-04-26 00:00:00.000000",AAPL,48.72639465332031,48.89334681703382,48.206453755716254,48.86949494823866,74596400,0.0,0.0,No News,-0.004773891331114832
"2019-04-29 00:00:00.000000",AAPL,48.80033493041992,49.12470072433398,48.621456815525065,48.75024745696415,88818800,0.0,0.0,No News,0.0015174584047450423
"2019-04-30 00:00:00.000000",AAPL,47.860626220703125,48.51174151592459,47.488560337719434,48.43065098025572,186139600,0.0,0.0,No News,-0.019256193857207005
"2019-05-01 00:00:00.000000",AAPL,50.20988845825195,51.352321593970665,49.9022161048594,50.05724596672888,259309200,0.0,0.0,No News,0.04908548890930731
"2019-05-02 00:00:00.000000",AAPL,49.88312530517578,50.71788955888418,49.639853771521906,50.04769369747791,127985200,0.0,0.0,No News,-0.0065079442139742705
"2019-05-03 00:00:00.000000",AAPL,50.503257751464844,50.524722253231914,50.140730395831206,50.298144020692696,83569600,0.0,0.0,No News,0.01243170796727755
"2019-05-06 00:00:00.000000",AAPL,49.72334671020508,49.809208354157676,48.53559700159812,48.72401368842716,129772400,0.0,0.0,No News,-0.01544278678214861
"2019-05-07 00:00:00.000000",AAPL,48.38294982910156,49.47052812168986,47.898786717614094,49.103233348565844,155054800,0.0,0.0,No News,-0.026957092991257037
"2019-05-08 00:00:00.000000",AAPL,48.39248275756836,48.97443337179271,48.11820448511399,48.15397864611798,105358000,0.0,0.0,No News,0.0001970307412109
"2019-05-09 00:00:00.000000",AAPL,47.87254333496094,48.10150523340118,46.904217269389115,47.79622027595835,139634400,0.0,0.0,No News,-0.010744218791421845
"2019-05-10 00:00:00.000000",AAPL,47.209346771240234,47.60918573031847,46.1534958760035,47.26680951074046,164834800,0.0,0.0,No News,-0.013853380612773414
"2019-05-13 00:00:00.000000",AAPL,44.46556854248047,45.36579626358833,43.77842680351272,44.94202086357993,229722400,0.0,0.0,No News,-0.05811938559656715
"2019-05-14 00:00:00.000000",AAPL,45.169471740722656,45.418469654624175,44.39134823649402,44.630770853179754,146118800,0.0,0.0,No News,0.015830297943221217
"2019-05-15 00:00:00.000000",AAPL,45.71056365966797,45.909284861741796,44.5373943474672,44.59724999917742,106178800,0.0,0.0,No News,0.011979150919701587
"2019-05-16 00:00:00.000000",AAPL,45.509456634521484,46.08167660785888,45.2125712406131,45.46875522341543,132125600,0.0,0.0,No News,-0.0043995743881830585
"2019-05-17 00:00:00.000000",AAPL,45.25087356567383,45.7057750661255,44.714565600818894,44.755267006370964,131516400,0.0,0.0,No News,-0.005681963441670823
"2019-05-20 00:00:00.000000",AAPL,43.83588790893555,44.13756275712424,43.1631109114661,43.938841538280705,154449200,0.0,0.0,No News,-0.03126979758047488
"2019-05-21 00:00:00.000000",AAPL,44.67626190185547,45.01145210514859,44.22135673647284,44.34585752053852,113459200,0.0,0.0,No News,0.019170912989505462
"2019-05-22 00:00:00.000000",AAPL,43.76166915893555,44.4631793828225,43.70660297552515,44.2117848841149,118994400,0.0,0.0,No News,-0.020471559257332128
"2019-05-23 00:00:00.000000",AAPL,43.014671325683594,43.22536075947972,42.57173799121202,43.048190348330664,146118800,0.0,0.0,No News,-0.017069683300675154
"2019-05-24 00:00:00.000000",AAPL,42.84946060180664,43.608429762680224,42.76566123520502,43.14394936030299,94858800,0.0,0.0,No News,-0.003840799401349959
"2019-05-28 00:00:00.000000",AAPL,42.67229080200195,43.23732830832482,42.595677466437365,42.83749298760257,111792800,0.0,0.0,No News,-0.004134703151834285
"2019-05-29 00:00:00.000000",AAPL,42.46878433227539,42.94044717291875,42.13837995674067,42.238937015968816,113924800,0.0,0.0,No News,-0.0047690542481261256
"2019-05-30 00:00:00.000000",AAPL,42.68905258178711,42.91171385804956,42.29879255396897,42.605253206009266,84873600,0.0,0.0,No News,0.0051865918220861396
"2019-05-31 00:00:00.000000",AAPL,41.91571807861328,42.61483166128946,41.89656383142089,42.19344552965514,108174400,0.0,0.0,No News,-0.018115522748887725
"2019-06-03 00:00:00.000000",AAPL,41.491939544677734,42.59807084717863,40.766489319881806,42.042612284986966,161584400,0.0,0.0,No News,-0.010110253464839736
"2019-06-04 00:00:00.000000",AAPL,43.00987243652344,43.05536331158064,41.78402998710208,42.00429832390132,123872000,0.0,0.0,No News,0.03658380178181897
"2019-06-05 00:00:00.000000",AAPL,43.70420455932617,44.2907929158903,43.36901434411754,44.12080124391348,119093600,0.0,0.0,No News,0.016143552246695725
"2019-06-06 00:00:00.000000",AAPL,44.345855712890625,44.4057113648459,43.61082655329625,43.8334914782854,90105200,0.0,0.0,No News,0.014681680173207257
"2019-06-07 00:00:00.000000",AAPL,45.526206970214844,45.94998600483363,44.477538442467015,44.65470883240894,122737600,0.0,0.0,No News,0.02661694623655908
"2019-06-10 00:00:00.000000",AAPL,46.108009338378906,46.77599685145349,45.87816201203644,45.9236528950948,104883600,0.0,0.0,No News,0.01277950452900023
"2019-06-11 00:00:00.000000",AAPL,46.641910552978516,46.92682399749105,46.3522112874126,46.65388241220901,107731600,0.0,0.0,No News,0.011579359470529349
"2019-06-12 00:00:00.000000",AAPL,46.49348449707031,46.91965651730608,46.30194564843296,46.4360217464892,73012800,0.0,0.0,No News,-0.0031822464849421417
"2019-06-13 00:00:00.000000",AAPL,46.483890533447266,47.11596597251329,46.35221104250315,46.61557367768987,86698400,0.0,0.0,No News,-0.0002063507118648
"2019-06-14 00:00:00.000000",AAPL,46.14631271362305,46.349819729325915,45.56212099174863,45.86139923834012,75046000,0.0,0.0,No News,-0.007262253997034063
"2019-06-17 00:00:00.000000",AAPL,46.42163848876953,46.67782237314511,46.009831406820645,46.18460884696114,58676400,0.0,0.0,No News,0.005966365652118499
"2019-06-18 00:00:00.000000",AAPL,47.51340866088867,47.95394531637442,46.737681866076485,46.93879594967235,106204000,0.0,0.0,No News,0.023518561766906698
"2019-06-19 00:00:00.000000",AAPL,47.37454605102539,47.85578778829949,47.240469987030195,47.80790034833085,84496800,0.0,0.0,No News,-0.00292259835227493
"2019-06-20 00:00:00.000000",AAPL,47.75523376464844,48.03056829541135,47.41285754434342,47.97310555578911,86056000,0.0,0.0,No News,0.00803570156034894
"2019-06-21 00:00:00.000000",AAPL,47.59241485595703,48.088021294905,47.441577478312304,47.59720432994686,191202400,0.0,0.0,No News,-0.0034094463759475335
"2019-06-24 00:00:00.000000",AAPL,47.54453659057617,47.92282470708887,47.446372455538985,47.53495764148546,72881600,0.0,0.0,No News,-0.0010060062202299491
"2019-06-25 00:00:00.000000",AAPL,46.82388687133789,47.70735333308996,46.75684517194282,47.50863210598545,84281200,0.0,0.0,No News,-0.015157361306180506
"2019-06-26 00:00:00.000000",AAPL,47.836639404296875,48.12155290184591,47.2500547257955,47.35061178611295,104270000,0.0,0.0,No News,0.02162897189081736
"2019-06-27 00:00:00.000000",AAPL,47.82228469848633,48.26042861636283,47.78158328359725,47.95396424235689,83598800,0.0,0.0,No News,-0.0003000776390086
"2019-06-28 00:00:00.000000",AAPL,47.38652420043945,47.76481237594813,47.178227691464755,47.56848407525534,124442400,0.0,0.0,No News,-0.009112080294663705
"2019-07-01 00:00:00.000000",AAPL,48.2556266784668,48.95952972038265,48.04014414238902,48.64349012878817,109012000,0.0,0.0,No News,0.018340709572855385
"2019-07-02 00:00:00.000000",AAPL,48.53813934326172,48.63391056866705,48.2101315728329,48.2221034326709,67740800,0.0,0.0,No News,0.005854502039261522
"2019-07-03 00:00:00.000000",AAPL,48.94036865234375,48.94755103721536,48.52856153764481,48.66981997785124,45448000,0.0,0.0,No News,0.008286871201169665
"2019-07-05 00:00:00.000000",AAPL,48.89727020263672,49.10078084743417,48.57883774773992,48.686580826337675,69062000,0.0,0.0,No News,-0.0008806318974258
"2019-07-08 00:00:00.000000",AAPL,47.88930130004883,48.21970194740497,47.50383083371806,48.07844351431004,101354400,0.0,0.0,No News,-0.02061401175179589
"2019-07-09 00:00:00.000000",AAPL,48.18141174316406,48.24605322338057,47.599612848119484,47.69298752839831,82312000,0.0,0.0,No News,0.006099701502952026
"2019-07-10 00:00:00.000000",AAPL,48.65785217285156,48.77756346841761,48.25801688405682,48.32745148133247,71588400,0.0,0.0,No News,0.009888469690909396
"2019-07-11 00:00:00.000000",AAPL,48.30350875854492,48.93558426605638,48.29393346215335,48.677007423897294,80767200,0.0,0.0,No News,-0.007282348038048947
"2019-07-12 00:00:00.000000",AAPL,48.67461013793945,48.8422052094691,48.41124384460819,48.47109948824724,70380800,0.0,0.0,No News,0.0076827002619945794
"2019-07-15 00:00:00.000000",AAPL,49.13191223144531,49.28992836732956,48.84220928460961,48.86375644132579,67789600,0.0,0.0,No News,0.009395084875049031
"2019-07-16 00:00:00.000000",AAPL,48.96192932128906,49.34739991342239,48.72250668402115,48.98347648185129,67467200,0.0,0.0,No News,-0.003459725104032474
"2019-07-17 00:00:00.000000",AAPL,48.68659210205078,49.10318513012988,48.667437853715064,48.85418720836417,56430000,0.0,0.0,No News,-0.005623496113307036
"2019-07-18 00:00:00.000000",AAPL,49.239662170410156,49.29233544470562,48.770392177586864,48.8422197019261,74162400,0.0,0.0,No News,0.011359802452389767
"2019-07-19 00:00:00.000000",AAPL,48.504615783691406,49.44075887452363,48.449549617553735,49.270767248666,83717200,0.0,0.0,No News,-0.014927933180672093
"2019-07-22 00:00:00.000000",AAPL,49.613155364990234,49.61554827599075,48.74883956490333,48.758414862204624,89111600,0.0,0.0,No News,0.02285431114932268
"2019-07-23 00:00:00.000000",AAPL,50.00102233886719,50.017783676941924,49.629916523049886,49.91004422158838,73420800,0.0,0.0,No News,0.007817825151888114
"2019-07-24 00:00:00.000000",AAPL,49.96031951904297,50.075241357956344,49.601185575801686,49.72089689021544,59966400,0.0,0.0,No News,-0.0008140397519948
"2019-07-25 00:00:00.000000",AAPL,49.565269470214844,50.09678795373076,49.49583486785246,50.0129885793759,55638400,0.0,0.0,No News,-0.007907276267069219
"2019-07-26 00:00:00.000000",AAPL,49.73765563964844,50.21410430811092,49.594000608507464,49.675403421281054,70475600,0.0,0.0,No News,0.0034779629219445773
"2019-07-29 00:00:00.000000",AAPL,50.202117919921875,50.43196517257796,49.905236299643015,49.91002577350826,86693600,0.0,0.0,No News,0.009338242309579137
"2019-07-30 00:00:00.000000",AAPL,49.986656188964844,50.31706058603145,49.634704632080684,49.981866713461145,135742800,0.0,0.0,No News,-0.004291885280631291
"2019-07-31 00:00:00.000000",AAPL,51.00657653808594,53.000966743437786,50.58998365476769,51.81582589589421,277125600,0.0,0.0,No News,0.02040385228540753
"2019-08-01 00:00:00.000000",AAPL,49.90285873413086,52.2013175225248,49.49823754428213,51.2125008575506,216071600,0.0,0.0,No News,-0.021638735215466665
"2019-08-02 00:00:00.000000",AAPL,48.84699630737305,49.42400195472412,48.2747764812972,49.20852309178124,163448400,0.0,0.0,No News,-0.021158355523942407
"2019-08-05 00:00:00.000000",AAPL,46.28996276855469,47.56129613952905,46.108002914969816,47.403280006312706,209572000,0.0,0.0,No News,-0.05234781526233567
"2019-08-06 00:00:00.000000",AAPL,47.166255950927734,47.42243990688443,46.45756339111695,47.00105375926209,143299200,0.0,0.0,No News,0.018930522514231107
"2019-08-07 00:00:00.000000",AAPL,47.65467071533203,47.77917148507969,46.40488815632608,46.78556919770773,133457600,0.0,0.0,No News,0.010355173514566163
"2019-08-08 00:00:00.000000",AAPL,48.70573425292969,48.72967797252302,47.73846862611717,47.932400333607646,108038000,0.0,0.0,No News,0.022055834650001938
"2019-08-09 00:00:00.000000",AAPL,48.304378509521484,48.72976393634565,47.895810765479915,48.37888091759197,98478800,0.0,0.0,No News,-0.008240420754647815
"2019-08-12 00:00:00.000000",AAPL,48.18181228637695,48.55913570914154,47.86216992838576,47.97512638824654,89927600,0.0,0.0,No News,-0.00253737294478118
"2019-08-13 00:00:00.000000",AAPL,50.222232818603516,50.9840856450634,48.18181060480173,48.31159207921757,188874000,0.0,0.0,No News,0.042348355850522434
"2019-08-14 00:00:00.000000",AAPL,48.72736740112305,49.61419405795877,48.68891335806939,48.825904511255764,146189600,0.0,0.0,No News,-0.029765013094494197
"2019-08-15 00:00:00.000000",AAPL,48.48463821411133,49.30176654519396,47.98714860628682,48.898010052333305,108909600,0.0,0.0,No News,-0.004981372890794145
"2019-08-16 00:00:00.000000",AAPL,49.62862014770508,49.78724034646014,48.989335347035194,49.095082146205236,110481600,0.0,0.0,No News,0.02359472970679599
"2019-08-19 00:00:00.000000",AAPL,50.55390548706055,51.12589392072789,50.476997383640956,50.61879257374309,97654400,0.0,0.0,No News,0.018644188305087406
"2019-08-20 00:00:00.000000",AAPL,50.556312561035156,51.27490759732066,50.54670088073374,50.68128640803711,107537200,0.0,0.0,No News,0.000047614006305
"2019-08-21 00:00:00.000000",AAPL,51.1042594909668,51.346993790769034,50.854315515628436,51.18837726179461,86141600,0.0,0.0,No News,0.010838348411390086
"2019-08-22 00:00:00.000000",AAPL,51.06099319458008,51.53685003904177,50.65002341946824,51.23643471626912,89014800,0.0,0.0,No News,-0.0008466279879149
"2019-08-23 00:00:00.000000",AAPL,48.700931549072266,50.96245911325128,48.306786768888905,50.33278606566632,187272000,0.0,0.0,No News,-0.04622044143391879
"2019-08-26 00:00:00.000000",AAPL,49.626220703125,49.79445258903161,49.28254358810572,49.474810172219016,104174400,0.0,0.0,No News,0.018999413863785897
"2019-08-27 00:00:00.000000",AAPL,49.066246032714844,50.121304742904,48.91483550162449,49.9554748597441,103493200,0.0,0.0,No News,-0.011283846774471251
"2019-08-28 00:00:00.000000",AAPL,49.39548873901367,49.441152454824554,48.86435650196321,49.0518153700021,63755200,0.0,0.0,No News,0.006710167027640601
"2019-08-29 00:00:00.000000",AAPL,50.23185729980469,50.30636340005424,49.66707854342665,50.10928913577256,83962000,0.0,0.0,No News,0.016932083923899555
"2019-08-30 00:00:00.000000",AAPL,50.166954040527344,50.57792012503005,49.79684033035191,50.50822538767908,84573600,0.0,0.0,No News,-0.0012920736513877262
"2019-09-03 00:00:00.000000",AAPL,49.436363220214844,49.743988332094034,49.080672372200894,49.61180480733799,80092000,0.0,0.0,No News,-0.014563188742180655
"2019-09-04 00:00:00.000000",AAPL,50.27511978149414,50.344814542362265,49.82569950609764,50.0828531875686,76752400,0.0,0.0,No News,0.016966388841004543
"2019-09-05 00:00:00.000000",AAPL,51.2580680847168,51.42389794369397,50.83267892479877,50.950443061493466,95654800,0.0,0.0,No News,0.019551386600265674
"2019-09-06 00:00:00.000000",AAPL,51.253257751464844,51.532044060281095,51.073008551878715,51.443122295315995,77449200,0.0,0.0,No News,-0.0000938453873057
"2019-09-09 00:00:00.000000",AAPL,51.471954345703125,52.01750954613083,50.72692661728154,51.63297650314114,109237600,0.0,0.0,No News,0.004266979384974334
"2019-09-10 00:00:00.000000",AAPL,52.08000564575195,52.09923266869462,50.88074988553813,51.39746283359591,127111600,0.0,0.0,No News,0.01181325457286797
"2019-09-11 00:00:00.000000",AAPL,53.735897064208984,53.764739433347756,52.32754966606249,52.40926543357923,177158400,0.0,0.0,No News,0.03179514667721817
"2019-09-12 00:00:00.000000",AAPL,53.615726470947266,54.41603338856972,53.56045107438245,54.02669627568618,128906800,0.0,0.0,No News,-0.002236318733418119
"2019-09-13 00:00:00.000000",AAPL,52.57268524169922,53.062961469937115,52.156911432083696,52.8731005859375,159053200,0.0,0.0,No News,-0.019454016533996588
"2019-09-16 00:00:00.000000",AAPL,52.84906768798828,52.90434675357643,52.28669102458082,52.32754707272448,84632400,0.0,0.0,No News,0.0052571491263651016
"2019-09-17 00:00:00.000000",AAPL,53.04133605957031,53.07017842826459,52.661610598516674,52.86349251065767,73274800,0.0,0.0,No News,0.0036380655325303213
"2019-09-18 00:00:00.000000",AAPL,53.53882598876953,53.558053012289186,52.738519012265336,53.12785615379395,101360000,0.0,0.0,No News,0.009379287290962823
"2019-09-19 00:00:00.000000",AAPL,53.10382843017578,53.77675595935053,52.96202958128968,53.35617442002631,88242400,0.0,0.0,No News,-0.00812489909070846
"2019-09-20 00:00:00.000000",AAPL,52.327552795410156,53.48835829201576,52.26506771503566,53.204767926646866,221652400,0.0,0.0,No News,-0.014618072890663969
"2019-09-23 00:00:00.000000",AAPL,52.56547164916992,52.834642604048994,52.30831437342142,52.6207470415799,76662000,0.0,0.0,No News,0.004546722348931054
"2019-09-24 00:00:00.000000",AAPL,52.31551742553711,53.47151851811177,52.19775698127355,53.120631853049794,124763200,0.0,0.0,No News,-0.004755102842052827
"2019-09-25 00:00:00.000000",AAPL,53.120643615722656,53.233600080826086,52.1857511921416,52.5246205874519,87613600,0.0,0.0,No News,0.015389816058524408
"2019-09-26 00:00:00.000000",AAPL,52.84666442871094,53.09901405388438,52.59191280094367,52.8731011259611,75334000,0.0,0.0,No News,-0.005157678227577511
"2019-09-27 00:00:00.000000",AAPL,52.589508056640625,53.103818957729175,52.21939431443392,53.002876179178735,101408000,0.0,0.0,No News,-0.004866085208030668
"2019-09-30 00:00:00.000000",AAPL,53.82722473144531,53.9738275789729,53.062966121770074,53.089402821067836,103909600,0.0,0.0,No News,0.02353542979469636
"2019-10-01 00:00:00.000000",AAPL,53.97623062133789,54.84863804778662,53.88250117060058,54.09159276622988,139223200,0.0,0.0,No News,0.0027682253847565175
"2019-10-02 00:00:00.000000",AAPL,52.62315368652344,53.733487563158945,52.37560808292696,53.60851376014331,138449200,0.0,0.0,No News,-0.02506801455453156
"2019-10-03 00:00:00.000000",AAPL,53.07017135620117,53.103817725877704,51.70268021152755,52.49577373492866,114426000,0.0,0.0,No News,0.008494695554368104
"2019-10-04 00:00:00.000000",AAPL,54.557830810546875,54.6731929479549,53.80799525329293,54.22857675291312,138478800,0.0,0.0,No News,0.02803193237045898
"2019-10-07 00:00:00.000000",AAPL,54.569847106933594,55.25959957952468,54.27664143090137,54.3799862186076,122306000,0.0,0.0,No News,0.0002202487930365
"2019-10-08 00:00:00.000000",AAPL,53.93056106567383,54.81017807266463,53.91373971335013,54.27183612343445,111820000,0.0,0.0,No News,-0.011715005175056414
"2019-10-09 00:00:00.000000",AAPL,54.5626335144043,54.74528471456468,54.22857181467111,54.5626335144043,74770400,0.0,0.0,No News,0.011720116316994433
"2019-10-10 00:00:00.000000",AAPL,55.29804229736328,55.38216004530796,54.62751698465318,54.778923796903236,113013600,0.0,0.0,No News,0.013478249409732745
"2019-10-11 00:00:00.000000",AAPL,56.76888656616211,57.11255994872208,55.83158852183792,55.98540102647654,166795600,0.0,0.0,No News,0.0265984871740923
"2019-10-14 00:00:00.000000",AAPL,56.68717956542969,57.23033292132796,56.398781533076416,56.45405693637564,96427600,0.0,0.0,No News,-0.0014392919374452973
"2019-10-15 00:00:00.000000",AAPL,56.55499267578125,57.114963649042345,56.44924588810258,56.812146302927566,87360000,0.0,0.0,No News,-0.0023318656998247977
"2019-10-16 00:00:00.000000",AAPL,56.32667922973633,56.535770821642835,56.045490882530835,56.086346932926865,73903200,0.0,0.0,No News,-0.004037016631825874
"2019-10-17 00:00:00.000000",AAPL,56.54537582397461,56.754463724015515,56.12239235171388,56.49971210622329,67585200,0.0,0.0,No News,0.003882646682334956
"2019-10-18 00:00:00.000000",AAPL,56.81695556640625,57.09814389578318,56.307448635792866,56.37954905370019,97433600,0.0,0.0,No News,0.004802863867720442
"2019-10-21 00:00:00.000000",AAPL,57.802310943603516,57.917673069593235,57.035654109180335,57.08371982808641,87247200,0.0,0.0,No News,0.01734262892783134
"2019-10-22 00:00:00.000000",AAPL,57.670143127441406,58.20848515863878,57.58842735440891,57.95854116803715,82293600,0.0,0.0,No News,-0.0022865489978604048
"2019-10-23 00:00:00.000000",AAPL,58.444000244140625,58.45842326091589,57.97295104383975,58.18444461705697,75828800,0.0,0.0,No News,0.013418678621780478
"2019-10-24 00:00:00.000000",AAPL,58.540138244628906,58.8333439248231,58.11474907464559,58.763645508761726,69275200,0.0,0.0,No News,0.001644959278739977
"2019-10-25 00:00:00.000000",AAPL,59.261138916015625,59.29718729410837,58.37191014032259,58.43920289088229,73477200,0.0,0.0,No News,0.012316347262006477
"2019-10-28 00:00:00.000000",AAPL,59.8547477722168,59.90281348892253,59.2947731880061,59.463005030065744,96572800,0.0,0.0,No News,0.010016831722428288
"2019-10-29 00:00:00.000000",AAPL,58.47044372558594,60.02299199906073,58.297407843177915,59.83553309820382,142839600,0.0,0.0,No News,-0.023127723332808436
"2019-10-30 00:00:00.000000",AAPL,58.463226318359375,58.953506199746954,57.970548101650635,58.82372472112932,124522000,0.0,0.0,No News,-0.0001234368471776
"2019-10-31 00:00:00.000000",AAPL,59.785064697265625,59.883601825447826,57.021243105367084,59.41976222287998,139162000,0.0,0.0,No News,0.022609740552261393
"2019-11-01 00:00:00.000000",AAPL,61.48180389404297,61.50823692360431,59.88119007430968,59.972513844449246,151125200,0.0,0.0,No News,0.02838065335162132
"2019-11-04 00:00:00.000000",AAPL,61.88555908203125,61.96967684280091,61.37605584677562,61.844699369305836,103272000,0.0,0.0,No News,0.006567068017134137
"2019-11-05 00:00:00.000000",AAPL,61.796634674072266,62.051386280807854,61.601966131837685,61.7774039861912,79897600,0.0,0.0,No News,-0.0014369169363261936
"2019-11-06 00:00:00.000000",AAPL,61.82307815551758,61.883161230177926,61.37365793055572,61.710121681781736,75864400,0.0,0.0,No News,0.0004279113512375
"2019-11-07 00:00:00.000000",AAPL,62.536582946777344,62.75835567028647,62.218390178586034,62.370255243239974,94940400,0.0,0.0,No News,0.011541075154247737
"2019-11-08 00:00:00.000000",AAPL,62.7077522277832,62.7800654404132,61.91468299950218,62.35822120185219,69986400,0.0,0.0,No News,0.002737106393413624
"2019-11-11 00:00:00.000000",AAPL,63.20431137084961,63.26939325068321,62.25937720712118,62.26419563498271,81821200,0.0,0.0,No News,0.007918624498972182
"2019-11-12 00:00:00.000000",AAPL,63.146446228027344,63.34652498524913,62.89575559310551,63.04761329533837,87388800,0.0,0.0,No News,-0.0009155252476803
"2019-11-13 00:00:00.000000",AAPL,63.751495361328125,63.826221446810386,62.93191395655707,62.9463765952712,102734400,0.0,0.0,No News,0.009581681463370018
"2019-11-14 00:00:00.000000",AAPL,63.31037139892578,63.850329538427395,63.18020029158952,63.57793757671805,89182800,0.0,0.0,No News,-0.006919429260477061
"2019-11-15 00:00:00.000000",AAPL,64.0624771118164,64.06729554078912,63.399578987253335,63.56108095621039,100206400,0.0,0.0,No News,0.0118796604137974
"2019-11-18 00:00:00.000000",AAPL,64.38549041748047,64.46503495810572,63.69366698470871,64.07211597134203,86703200,0.0,0.0,No News,0.005042160719140876
"2019-11-19 00:00:00.000000",AAPL,64.19022369384766,64.60242366565966,63.97327672744023,64.5783168124191,76167200,0.0,0.0,No News,-0.003032775278508981
"2019-11-20 00:00:00.000000",AAPL,63.442955017089844,64.13959672655233,62.77041280435066,64.00943296128311,106234400,0.0,0.0,No News,-0.011641471765574063
"2019-11-21 00:00:00.000000",AAPL,63.15852737426758,63.64063511840121,62.95844854087911,63.56349611380853,121395200,0.0,0.0,No News,-0.00448320294579041
"2019-11-22 00:00:00.000000",AAPL,63.10306930541992,63.44054318535335,62.87647812395486,63.29832231296636,65325200,0.0,0.0,No News,-0.000878077294599
"2019-11-25 00:00:00.000000",AAPL,64.20948791503906,64.22636344351746,63.28142948162671,63.32723028385271,84020400,0.0,0.0,No News,0.017533514958900875
"2019-11-26 00:00:00.000000",AAPL,63.7081298828125,64.39995331834635,63.27664139219919,64.34692117225768,105207600,0.0,0.0,No News,-0.007808161200256736
"2019-11-27 00:00:00.000000",AAPL,64.56385040283203,64.59760146667433,63.95398456897874,64.01906644818817,65235600,0.0,0.0,No News,0.013431888859295915
"2019-11-29 00:00:00.000000",AAPL,64.421630859375,64.60242121725912,64.09620674390789,64.2649473538178,46617600,0.0,0.0,No News,-0.002202773573287242
"2019-12-02 00:00:00.000000",AAPL,63.67677307128906,64.66268223641534,63.50562693205221,64.4264468627075,94487200,0.0,0.0,No News,-0.011562231165986425
"2019-12-03 00:00:00.000000",AAPL,62.54141616821289,62.56069723689113,61.77968521879456,62.26661128399151,114430400,0.0,0.0,No News,-0.017830000615846053
"2019-12-04 00:00:00.000000",AAPL,63.09343719482422,63.47189353394653,62.83792068269356,62.93193522248252,67181600,0.0,0.0,No News,0.008826487477139988
"2019-12-05 00:00:00.000000",AAPL,64.01908874511719,64.09382221874256,63.33209104505554,63.587607579449056,74424400,0.0,0.0,No News,0.014671122567545103
"2019-12-06 00:00:00.000000",AAPL,65.25567626953125,65.32558393574297,64.43368187672564,64.4770771543204,106075600,0.0,0.0,No News,0.0193159188712817
"2019-12-09 00:00:00.000000",AAPL,64.34208679199219,65.27736940401036,63.85756627540826,65.08452929679349,128042400,0.0,0.0,No News,-0.014000153393025627
"2019-12-10 00:00:00.000000",AAPL,64.7181396484375,65.10141438333517,64.08657238840084,64.74706493312719,90420400,0.0,0.0,No News,0.005844585949800418
"2019-12-11 00:00:00.000000",AAPL,65.27013397216797,65.34968584475796,64.72294450121728,64.7976705897848,78756800,0.0,0.0,No News,0.008529205671377715
"2019-12-12 00:00:00.000000",AAPL,65.43646240234375,65.70162305327142,64.43850349697,64.5493861850386,137310400,0.0,0.0,No News,0.0025483083924220384
"2019-12-13 00:00:00.000000",AAPL,66.32594299316406,66.36209958719724,65.30869579489323,65.4364539980619,133587600,0.0,0.0,No News,0.013593042138360767
"2019-12-16 00:00:00.000000",AAPL,67.46131896972656,67.68550461462198,66.76709014300219,66.77190857113695,128186000,0.0,0.0,No News,0.01711812791986267
"2019-12-17 00:00:00.000000",AAPL,67.59391021728516,67.9217399186146,67.20580969773938,67.39142586827938,114158400,0.0,0.0,No News,0.001965441079177399
"2019-12-18 00:00:00.000000",AAPL,67.43238067626953,67.95305771312601,67.28292851276375,67.44684331426187,116028400,0.0,0.0,No News,-0.0023897055296309144
"2019-12-19 00:00:00.000000",AAPL,67.49990844726562,67.77953184581898,67.24198637269039,67.3745630712442,98369200,0.0,0.0,No News,0.0010014146070309593
"2019-12-20 00:00:00.000000",AAPL,67.36007690429688,68.13385757058333,67.14794837558046,68.03261909048223,275978000,0.0,0.0,No News,-0.002071581224113661
"2019-12-23 00:00:00.000000",AAPL,68.45928192138672,68.51954537378231,67.58425541558223,67.62282490788083,98572000,0.0,0.0,No News,0.016318345637454712
"2019-12-24 00:00:00.000000",AAPL,68.52437591552734,68.67383548324801,68.19895910016623,68.62562177025686,48478800,0.0,0.0,No News,0.0009508424908016
"2019-12-26 00:00:00.000000",AAPL,69.88390350341797,69.90077903385306,68.62801534674483,68.65694062384628,93121200,0.0,0.0,No News,0.019840057931597377
"2019-12-27 00:00:00.000000",AAPL,69.85740661621094,70.86260446261116,69.45243789154644,70.17559948118166,146266000,0.0,0.0,No News,-0.0003791557980979
"2019-12-30 00:00:00.000000",AAPL,70.27201080322266,70.55404702486167,68.75337459667797,69.7754404953618,144114400,0.0,0.0,No News,0.0059350068531673905
"2019-12-31 00:00:00.000000",AAPL,70.78546142578125,70.79269274701018,69.78990785044671,69.88874081149524,100805600,0.0,0.0,No News,0.007306616342548811
"2020-01-02 00:00:00.000000",AAPL,72.40052795410156,72.46079141879511,71.15668916006118,71.4097927692221,135480400,0.0,0.0,No News,0.022816359401905073
"2020-01-03 00:00:00.000000",AAPL,71.69664001464844,72.45595811976894,71.47246171476719,71.62914523544616,146322800,0.0,0.0,No News,-0.009722138212850506
"2020-01-06 00:00:00.000000",AAPL,72.26793670654297,72.3065062028637,70.56851011431775,70.81920816221287,118387200,0.0,0.0,No News,0.007968249164505004
"2020-01-07 00:00:00.000000",AAPL,71.92804718017578,72.53308721808551,71.70868733859578,72.27757077764687,108872000,0.0,0.0,No News,-0.004703185698346046
"2020-01-08 00:00:00.000000",AAPL,73.08511352539062,73.38643082203993,71.63155918060959,71.63155918060959,132079200,0.0,0.0,No News,0.016086441806441032
"2020-01-09 00:00:00.000000",AAPL,74.6374740600586,74.83031411820693,73.81066146009205,74.06135206440953,170108400,0.0,0.0,No News,0.0212404477435566
"2020-01-10 00:00:00.000000",AAPL,74.80623626708984,75.370308736383,74.30484750773756,74.87132551313572,140644800,0.0,0.0,No News,0.00226109215453163
"2020-01-13 00:00:00.000000",AAPL,76.4044189453125,76.4309386915993,75.00389679896787,75.12201817653433,121532000,0.0,0.0,No News,0.021364297389812048
"2020-01-14 00:00:00.000000",AAPL,75.3727035522461,76.55146021431688,75.24977111147209,76.34174457661803,161954400,0.0,0.0,No News,-0.01350334715332202
"2020-01-15 00:00:00.000000",AAPL,75.04971313476562,76.05249814521463,74.61822463542303,75.17265296599935,121923600,0.0,0.0,No News,-0.004285243891465007
"2020-01-16 00:00:00.000000",AAPL,75.98980712890625,76.10069718746519,75.23048903454546,75.5920697800867,108829200,0.0,0.0,No News,0.012526283644182845
"2020-01-17 00:00:00.000000",AAPL,76.83106231689453,76.83346785199363,75.93192920531072,76.23806481127154,137816400,0.0,0.0,No News,0.011070631967274425
"2020-01-21 00:00:00.000000",AAPL,76.3104248046875,76.90100236781842,76.1730223343127,76.45987702591754,110843200,0.0,0.0,No News,-0.006776393512035961
"2020-01-22 00:00:00.000000",AAPL,76.58280944824219,77.13481745633268,76.48879491769239,76.79493065234263,101832400,0.0,0.0,No News,0.003569429003335234
"2020-01-23 00:00:00.000000",AAPL,76.95162963867188,77.03117417903718,76.0886526637108,76.63584965719392,104472000,0.0,0.0,No News,0.004815965790324617
"2020-01-24 00:00:00.000000",AAPL,76.7298355102539,77.93992295405599,76.5394009459346,77.1974804769854,146537600,0.0,0.0,No News,-0.002882253819177172
"2020-01-27 00:00:00.000000",AAPL,74.47358703613281,75.15335327614349,73.49249613883003,74.74115326828117,161940000,0.0,0.0,No News,-0.029405099843066607
"2020-01-28 00:00:00.000000",AAPL,76.58037567138672,76.75152179476333,75.25457988632637,75.35341281852345,162234000,0.0,0.0,No News,0.028289071590331005
"2020-01-29 00:00:00.000000",AAPL,78.18339538574219,79.0294966511186,77.46987813568431,78.20991513135742,216229200,0.0,0.0,No News,0.02093251306619548
"2020-01-30 00:00:00.000000",AAPL,78.07008361816406,78.12311574202653,76.83588948795824,77.26737779773116,126743200,0.0,0.0,No News,-0.0014493073243886379
"2020-01-31 00:00:00.000000",AAPL,74.60858154296875,77.78325671620777,74.31449554353281,77.3614124669731,199588400,0.0,0.0,No News,-0.044338393335471515
"2020-02-03 00:00:00.000000",AAPL,74.4036636352539,75.5679502030693,72.85127664058147,73.35266528651083,173788400,0.0,0.0,No News,-0.002746572893854382
"2020-02-04 00:00:00.000000",AAPL,76.86001586914062,77.050450456367,75.60171457078681,76.00668324335653,136616400,0.0,0.0,No News,0.033013861332533256
"2020-02-05 00:00:00.000000",AAPL,77.48674774169922,78.28463523931488,76.88411323556181,77.98572352193352,118826800,0.0,0.0,No News,0.008154199104325466
"2020-02-06 00:00:00.000000",AAPL,78.39311981201172,78.39553270453209,77.19990767879175,77.75674147890366,105425600,0.0,0.0,No News,0.011697123659569097
"2020-02-07 00:00:00.000000",AAPL,77.32752990722656,78.14180794117812,76.83702966688513,77.8929335802923,117684000,0.0,0.0,No News,-0.013592900848192535
"2020-02-10 00:00:00.000000",AAPL,77.69477844238281,77.69477844238281,75.83426407732661,75.91399735238319,109348800,0.0,0.0,No News,0.004749259876745793
"2020-02-11 00:00:00.000000",AAPL,77.22606658935547,78.26264398287658,77.00860470842123,78.19015914717811,94323200,0.0,0.0,No News,-0.006032732989578404
"2020-02-12 00:00:00.000000",AAPL,79.06001281738281,79.06484268174145,77.67549348632544,77.67549348632544,113730400,0.0,0.0,No News,0.023747761721171656
"2020-02-13 00:00:00.000000",AAPL,78.49700164794922,78.82319807398167,78.12973294999506,78.33269781258844,94747600,0.0,0.0,No News,-0.007121313915469107
"2020-02-14 00:00:00.000000",AAPL,78.51634216308594,78.7652165546687,78.00892627887556,78.4655954129786,80113600,0.0,0.0,No News,0.0002463853998329
"2020-02-18 00:00:00.000000",AAPL,77.07865905761719,77.25987847546425,76.01791785904396,76.19913727689102,152531200,0.0,0.0,No News,-0.018310622551449773
"2020-02-19 00:00:00.000000",AAPL,78.19497680664062,78.4245243735885,77.32029218115534,77.32029218115534,93984000,0.0,0.0,No News,0.014482838215815086
"2020-02-20 00:00:00.000000",AAPL,77.39279174804688,78.44386614487053,76.88779437840257,77.95578436208415,100566000,0.0,0.0,No News,-0.01025877992875912
"2020-02-21 00:00:00.000000",AAPL,75.64097595214844,77.42901329626612,75.0248329307541,76.98683382307465,129554000,0.0,0.0,No News,-0.022635387047433175
"2020-02-24 00:00:00.000000",AAPL,72.04801940917969,73.49777501677713,69.8854717188165,71.82572767869755,222195200,0.0,0.0,No News,-0.0475001346524363
"2020-02-25 00:00:00.000000",AAPL,69.60758972167969,73.09908711151304,69.13642361597664,72.71732141374063,230673600,0.0,0.0,No News,-0.03387226612906813
"2020-02-26 00:00:00.000000",AAPL,70.71182250976562,71.97552869907848,69.22582460812832,69.23307309062069,198054800,0.0,0.0,No News,0.015863683723299715
"2020-02-27 00:00:00.000000",AAPL,66.0895004272461,69.10499371673924,65.95419053994536,67.9210285159399,320605600,0.0,0.0,No News,-0.06536844785581886
"2020-02-28 00:00:00.000000",AAPL,66.05086517333984,67.27108062705318,61.94564270332902,62.16069333508348,426510000,0.0,0.0,No News,-0.0005845898918359
"2020-03-02 00:00:00.000000",AAPL,72.20022583007812,72.83570304979878,67.10433710214947,68.20615048257532,341397200,0.0,0.0,No News,0.0931003801479402
"2020-03-03 00:00:00.000000",AAPL,69.9072036743164,73.45426993984877,69.05667582944147,73.3745366413102,319475600,0.0,0.0,No News,-0.03175921029884732
"2020-03-04 00:00:00.000000",AAPL,73.14983367919922,73.30930768219956,70.82781196815235,71.62759322830975,219178400,0.0,0.0,No News,0.04638477630988613
"2020-03-05 00:00:00.000000",AAPL,70.7770767211914,72.37905058025478,70.41221917601806,71.40529829391956,187572800,0.0,0.0,No News,-0.03243694262400665
"2020-03-06 00:00:00.000000",AAPL,69.83712768554688,70.26964007470336,67.9524487742093,68.13849804691934,226176800,0.0,0.0,No News,-0.013280416191067457
"2020-03-09 00:00:00.000000",AAPL,64.31359100341797,67.19376858532901,63.54763339444034,63.728852881306615,286744800,3.0,-0.3161,neutral,-0.07909169327523802
"2020-03-10 00:00:00.000000",AAPL,68.94554138183594,69.21133137729244,65.08677501833562,66.96421319736713,285290000,8.0,-0.35157499999999997,neutral,0.07202133026861768
"2020-03-11 00:00:00.000000",AAPL,66.55103302001953,67.95004932218703,65.68842661681832,67.02462518678024,255598800,14.0,-0.23967142857142856,negative,-0.03473043091438033
"2020-03-12 00:00:00.000000",AAPL,59.97880935668945,65.23900739248786,59.92323641976663,61.841747078919504,418474000,5.0,-0.25316,negative,-0.09875464534642242
"2020-03-13 00:00:00.000000",AAPL,67.16474151611328,67.63591489908035,61.119261384040925,64.00427846865324,370732000,11.0,0.07465454545454545,neutral,0.11980784941377598
"2020-03-16 00:00:00.000000",AAPL,58.52421569824219,62.60044010140755,57.99022079286357,58.4613905994218,322423600,17.0,-0.4002235294117647,negative,-0.12864675159656758
"2020-03-17 00:00:00.000000",AAPL,61.09754180908203,62.24526145876219,57.603628724262,59.8048414183544,324056000,12.0,-0.13260833333333333,negative,0.04397027931323705
"2020-03-18 00:00:00.000000",AAPL,59.60186004638672,60.40647473225053,57.29433197423103,57.934642818544056,300233600,4.0,-0.034074999999999994,neutral,-0.024480228146805394
"2020-03-19 00:00:00.000000",AAPL,59.14518356323242,61.092687597465435,58.62085583762495,59.775827267657704,271857200,2.0,0.0,neutral,-0.007662117974151728
"2020-03-20 00:00:00.000000",AAPL,55.390323638916016,60.84865193316744,55.090706190239764,59.725089265820536,401693200,2.0,0.10775000000000001,negative,-0.06348547249501835
"2020-03-23 00:00:00.000000",AAPL,54.213600158691406,55.21151627155354,51.372080998658355,55.11003383943649,336752800,9.0,-0.1398,negative,-0.021244206621639394
"2020-03-24 00:00:00.000000",AAPL,59.65260696411133,59.84832336499044,56.61295251663222,57.11070131069981,287531200,7.0,0.11578571428571427,neutral,0.10032550484563152
"2020-03-25 00:00:00.000000",AAPL,59.32399368286133,62.399890444761496,59.02920978154729,60.587696143364745,303602000,12.0,0.198075,neutral,-0.005508783236375603
"2020-03-26 00:00:00.000000",AAPL,62.445796966552734,62.50378482179249,59.526955709117544,59.5656167372231,252087200,1.0,0.0,neutral,0.05262294545408008
"2020-03-27 00:00:00.000000",AAPL,59.860416412353516,61.82483295199707,59.69369391072969,61.07096113970106,204216800,12.0,0.14081666666666667,positive,-0.04140199468643191
"2020-03-30 00:00:00.000000",AAPL,61.568695068359375,61.740251079824446,60.26149806281595,60.585279571290975,167976400,6.0,-0.16526666666666667,neutral,0.028537700844548652
"2020-03-31 00:00:00.000000",AAPL,61.44305419921875,63.424386025978244,60.88973245903772,61.75958725464871,197002000,5.0,0.16798,neutral,-0.0020406615569994457
"2020-04-01 00:00:00.000000",AAPL,58.21010208129883,60.09719995282628,57.78000823267317,59.56079010801558,176218400,7.0,-0.5365571428571428,negative,-0.05261704776975473
"2020-04-02 00:00:00.000000",AAPL,59.181434631347656,59.23459262853542,57.241178794751,58.07237254686632,165934000,4.0,0.035999999999999976,neutral,0.016686666322835553
"2020-04-03 00:00:00.000000",AAPL,58.330902099609375,59.36747545856447,57.741334387528624,58.666761911075945,129880000,5.0,-0.53492,negative,-0.014371610574099969
"2020-04-06 00:00:00.000000",AAPL,63.41954803466797,63.57418477082714,60.256665999907646,60.62393470039306,201820400,8.0,0.23093750000000002,neutral,0.08723756622808465
"2020-04-07 00:00:00.000000",AAPL,62.68499755859375,65.64975169679985,62.58110020442296,65.43228251516715,202887200,2.0,0.47115,neutral,-0.011582398469201949
"2020-04-08 00:00:00.000000",AAPL,64.2894058227539,64.6035165473233,63.1199373363336,63.48478743589154,168895200,10.0,0.08216999999999999,neutral,0.025594772699168766
"2020-04-09 00:00:00.000000",AAPL,64.75333404541016,65.25592013573771,63.95839000283478,64.92489377394622,161834800,5.0,0.18761999999999998,neutral,0.007216246856212916
"2020-04-13 00:00:00.000000",AAPL,66.0242919921875,66.13302662112467,64.23142416734326,64.83065918840516,131022800,8.0,-0.024474999999999983,negative,0.01962768350871391
"2020-04-14 00:00:00.000000",AAPL,69.35870361328125,69.64865760923763,67.18407076511772,67.65524416508772,194994800,5.0,0.28958,positive,0.05050280011315089
"2020-04-15 00:00:00.000000",AAPL,68.72565460205078,69.18474234820361,67.80747910974512,68.23515430833677,131154400,6.0,0.26205,neutral,-0.009127174792079695
"2020-04-16 00:00:00.000000",AAPL,69.27172088623047,69.63657830758835,68.22306550095219,69.43844332553729,157125200,8.0,0.327025,positive,0.007945595969098163
"2020-04-17 00:00:00.000000",AAPL,68.33179473876953,69.3345480225858,66.89653644635722,68.7884711835537,215250000,10.0,-0.020630000000000003,negative,-0.013568684817353405
"2020-04-20 00:00:00.000000",AAPL,66.91345977783203,68.06118282102301,66.89413295001411,67.15992291899424,130015200,6.0,0.15411666666666665,neutral,-0.020756588735298842
"2020-04-21 00:00:00.000000",AAPL,64.84514617919922,66.99078550242736,64.13476539316186,66.75640806793423,180991600,6.0,-0.005066666666666664,neutral,-0.03091027732686502
"2020-04-22 00:00:00.000000",AAPL,66.7129135131836,67.14783719048366,65.77057396314187,66.11125999851906,116862400,4.0,0.439425,positive,0.02880350256012698
"2020-04-23 00:00:00.000000",AAPL,66.45437622070312,68.0781026916564,66.41571518879498,66.65734110784256,124814400,6.0,-0.37906666666666666,negative,-0.003875371031867414
"2020-04-24 00:00:00.000000",AAPL,68.37286376953125,68.3825308677387,66.93035721969842,66.97868533690023,126161200,6.0,-0.08716666666666667,neutral,0.028869243200125627
"2020-04-27 00:00:00.000000",AAPL,68.42121887207031,68.7522452213369,67.64318307081028,68.09018514896542,117087600,18.0,-0.12652777777777777,neutral,0.0007072265204813
"2020-04-28 00:00:00.000000",AAPL,67.3121566772461,69.06394488685403,67.2203450064915,68.88272541689459,112004800,2.0,-0.2291,negative,-0.01620933115643375
"2020-04-29 00:00:00.000000",AAPL,69.52302551269531,69.99178036647727,68.59518290617446,68.79814778505363,137280800,4.0,0.6392249999999999,positive,0.032845015589829885
"2020-04-30 00:00:00.000000",AAPL,70.98969268798828,71.16608226501852,69.67283584195576,70.06185003558508,183064000,36.0,0.0980638888888889,neutral,0.02109613562524193
"2020-05-01 00:00:00.000000",AAPL,69.8468017578125,72.24614521202258,69.06876605288338,69.16541493960355,240616800,28.0,0.28206785714285715,positive,-0.016099392558282744
"2020-05-04 00:00:00.000000",AAPL,70.83503723144531,70.96309864089797,69.18231725189493,69.87095242016659,133568000,8.0,0.1217375,neutral,0.014148614521527048
"2020-05-05 00:00:00.000000",AAPL,71.89820861816406,72.7294023781066,71.14916678667844,71.29414381435919,147751200,6.0,0.1023,neutral,0.015009117355934576
"2020-05-06 00:00:00.000000",AAPL,72.63999938964844,73.27063948300304,72.21473542323028,72.59891973995855,142333600,5.0,0.16858,neutral,0.010317235794063517
"2020-05-07 00:00:00.000000",AAPL,73.3914566040039,73.73698728324429,72.96378136839786,73.26581377672255,115215200,0.0,0.0,No News,0.01034495072507613
"2020-05-08 00:00:00.000000",AAPL,75.13829803466797,75.19159993074032,73.72338371341871,74.05046319414457,133838400,7.0,-0.23297142857142858,neutral,0.02380169997291981
"2020-05-11 00:00:00.000000",AAPL,76.32061767578125,76.81486350373997,74.4380975285037,74.64646215282984,145946400,3.0,0.0,neutral,0.015735246499298805
"2020-05-12 00:00:00.000000",AAPL,75.44840240478516,77.45448015586908,75.3272624261115,77.00383559042835,162301200,8.0,0.114925,neutral,-0.011428304664689248
"2020-05-13 00:00:00.000000",AAPL,74.53743743896484,76.54836579208815,73.46171369194431,75.62769739388037,200622400,3.0,0.10876666666666664,negative,-0.012074012660108213
"2020-05-14 00:00:00.000000",AAPL,74.99535369873047,75.05592369907653,73.05468852162736,73.77668558751988,158929200,6.0,0.012116666666666664,neutral,0.006143439800175399
"2020-05-15 00:00:00.000000",AAPL,74.5519790649414,74.59801285788724,72.73487900802405,72.76880175811006,166348400,7.0,-0.4544,negative,-0.005912028038032591
"2020-05-18 00:00:00.000000",AAPL,76.30850982666016,76.68162311206635,75.18433442581173,75.8748339325949,135178400,4.0,-0.06032499999999999,neutral,0.02356115536770198
"2020-05-19 00:00:00.000000",AAPL,75.86754608154297,77.17100598439245,75.83604850545491,76.32545133616954,101729600,4.0,-0.241425,neutral,-0.005778696846771902
"2020-05-20 00:00:00.000000",AAPL,77.34303283691406,77.41328870045753,76.68644883413718,76.7252145142633,111504800,7.0,0.42134285714285713,positive,0.01944819401151099
"2020-05-21 00:00:00.000000",AAPL,76.76642608642578,77.74523944094076,76.52898900422082,77.204952332668,102688800,5.0,-0.10540000000000001,negative,-0.0074551867096305235
"2020-05-22 00:00:00.000000",AAPL,77.26068115234375,77.3430554740474,76.40300778879455,76.5047612593345,81803200,1.0,0.0,neutral,0.0064384274625670646
"2020-05-26 00:00:00.000000",AAPL,76.73734283447266,78.55686050645615,76.68161577577496,78.37757568234818,125522000,3.0,0.5749333333333334,positive,-0.00677366947929392
"2020-05-27 00:00:00.000000",AAPL,77.07169342041016,77.21706291080646,75.85545038481993,76.59440888025136,112945200,11.0,0.3034909090909091,neutral,0.004357077969961987
"2020-05-28 00:00:00.000000",AAPL,77.10559844970703,78.36303205284943,76.4708261278027,76.7470214416537,133560800,12.0,-0.10459999999999998,neutral,0.0004399154578314
"2020-05-29 00:00:00.000000",AAPL,77.0304946899414,77.80821132778638,76.67434283627068,77.34788086093664,153532400,6.0,0.12348333333333333,neutral,-0.0009740376999293
"2020-06-01 00:00:00.000000",AAPL,77.97781372070312,78.09895371175787,76.85363105469186,76.9844643152945,80791200,23.0,-0.2385086956521739,neutral,0.012297974127971179
"2020-06-02 00:00:00.000000",AAPL,78.33880615234375,78.36303562857958,77.27035057638682,77.71130190496551,87642800,9.0,0.0886888888888889,negative,0.004629424889156297
"2020-06-03 00:00:00.000000",AAPL,78.77008819580078,79.0317547887438,78.08685668442773,78.65864144374004,104491200,0.0,0.0,No News,0.005505343579251365
"2020-06-04 00:00:00.000000",AAPL,78.09168243408203,78.89120338502829,77.71856920653472,78.59320375117642,87560400,0.0,0.0,No News,-0.008612479397413164
"2020-06-05 00:00:00.000000",AAPL,80.31581115722656,80.3763811505578,78.31215843959637,78.34123085338769,137250400,0.0,0.0,No News,0.028480993798820187
"2020-06-08 00:00:00.000000",AAPL,80.7906723022461,80.82459504521165,79.30307721267422,80.01295571139336,95654400,0.0,0.0,No News,0.0059124241936614474
"2020-06-09 00:00:00.000000",AAPL,83.34188842773438,83.73438081455681,80.43937898287314,80.47087656345983,147712400,5.0,0.5189,positive,0.03157810243172543
"2020-06-10 00:00:00.000000",AAPL,85.4860610961914,85.95365964938672,83.85067134903046,84.28919748972832,166651600,5.0,0.32286000000000004,neutral,0.025727430814292518
"2020-06-11 00:00:00.000000",AAPL,81.38184356689453,85.05480894028344,81.28009011611704,84.63081897651477,201662400,0.0,0.0,No News,-0.048010371242613314
"2020-06-12 00:00:00.000000",AAPL,82.08446502685547,84.26498513269779,80.97482582626513,83.51876594974783,200146000,0.0,0.0,No News,0.008633639017815886
"2020-06-15 00:00:00.000000",AAPL,83.09961700439453,83.75135081292053,80.5774812512651,80.73981210877636,138808800,0.0,0.0,No News,0.012367163228839129
"2020-06-16 00:00:00.000000",AAPL,85.30193328857422,85.57329308072946,83.51875616005826,85.15172088189794,165428800,0.0,0.0,No News,0.026502123157357227
"2020-06-17 00:00:00.000000",AAPL,85.18321990966797,86.10630607045023,85.06207991592963,86.04573607358105,114406400,0.0,0.0,No News,-0.0013916845061957561
"2020-06-18 00:00:00.000000",AAPL,85.21715545654297,85.63387739334637,84.60903023062069,85.1396240743936,96820400,0.0,0.0,No News,0.0003983830020864
"2020-06-19 00:00:00.000000",AAPL,84.73018646240234,86.38738125563314,83.62296476686302,85.92220766128817,264476000,0.0,0.0,No News,-0.005714447889415442
"2020-06-22 00:00:00.000000",AAPL,86.947021484375,87.08996579558588,85.07661960868549,85.12265339969562,135445200,0.0,0.0,No News,0.02616346209690379
"2020-06-23 00:00:00.000000",AAPL,88.80287170410156,90.22021092110661,87.77075672869731,88.18990371305667,212155600,0.0,0.0,No News,0.021344609487975008
"2020-06-24 00:00:00.000000",AAPL,87.23534393310547,89.35045118216385,86.86223062980297,88.43220783059057,192623200,0.0,0.0,No News,-0.017651768922735123
"2020-06-25 00:00:00.000000",AAPL,88.39344024658203,88.43220593644023,86.63206719010891,87.39040482402382,137522400,0.0,0.0,No News,0.01327554017973065
"2020-06-26 00:00:00.000000",AAPL,85.6774673461914,88.50972079929527,85.52967271907464,88.28924513838203,205256800,0.0,0.0,No News,-0.030725955374224068
"2020-06-29 00:00:00.000000",AAPL,87.65205383300781,87.74654657742667,85.10811395697272,85.58540582946648,130646000,0.0,0.0,No News,0.0230467420195537
"2020-06-30 00:00:00.000000",AAPL,88.3837661743164,88.66966227489779,87.22082480115472,87.24020395339367,140223200,0.0,0.0,No News,0.008347920092125038
"2020-07-01 00:00:00.000000",AAPL,88.216552734375,89.00396260480164,88.16810117862731,88.46125786012283,110737200,0.0,0.0,No News,-0.0018919021804481018
"2020-07-02 00:00:00.000000",AAPL,88.216552734375,89.75745712558465,88.10268825115901,89.12268481304834,114041600,0.0,0.0,No News,0.0
"2020-07-06 00:00:00.000000",AAPL,90.57637786865234,91.04397648582848,89.61210082402599,89.6435984064739,118655600,0.0,0.0,No News,0.026750366695725614
"2020-07-07 00:00:00.000000",AAPL,90.29534149169922,91.73206023970783,90.18389475245895,90.95434344364946,112424400,0.0,0.0,No News,-0.003102755746765107
"2020-07-08 00:00:00.000000",AAPL,92.3983154296875,92.42981301031341,91.18449035546323,91.27171499364255,117092000,0.0,0.0,No News,0.023289949439768254
"2020-07-09 00:00:00.000000",AAPL,92.79566192626953,93.34320967936996,91.74901058829923,93.28990778547893,125642800,0.0,0.0,No News,0.004300365160708974
"2020-07-10 00:00:00.000000",AAPL,92.95797729492188,93.01612951561695,91.78050018746696,92.39104305128085,90257200,0.0,0.0,No News,0.0017491697918088356
"2020-07-13 00:00:00.000000",AAPL,92.52914428710938,96.8683794397454,92.31593673037001,94.26144459491981,191649200,0.0,0.0,No News,-0.004613192114238607
"2020-07-14 00:00:00.000000",AAPL,94.06036376953125,94.25175963929699,90.97856198164641,91.91133403395911,170989200,0.0,0.0,No News,0.016548510139363648
"2020-07-15 00:00:00.000000",AAPL,94.70724487304688,96.18272909779543,93.51038115292206,95.93318100843004,153198000,0.0,0.0,No News,0.00687729748845789
"2020-07-16 00:00:00.000000",AAPL,93.54188537597656,94.39713348994569,92.94345347342261,93.58065106367306,110577600,0.0,0.0,No News,-0.01230486113953011
"2020-07-17 00:00:00.000000",AAPL,93.3529052734375,94.14758336972574,92.8804563206502,93.99252801605422,92186800,0.0,0.0,No News,-0.0020202725418617673
"2020-07-20 00:00:00.000000",AAPL,95.32019805908203,95.45829940379683,93.09606991347445,93.44011069251526,90318000,0.0,0.0,No News,0.02107371784394063
"2020-07-21 00:00:00.000000",AAPL,94.00464630126953,96.185166447433,93.75509818029391,96.11006023390243,103433200,0.0,0.0,No News,-0.013801395555190554
"2020-07-22 00:00:00.000000",AAPL,94.26872253417969,94.94952872983103,93.61941392094188,93.70663117027293,89001600,0.0,0.0,No News,0.0028091827723475404
"2020-07-23 00:00:00.000000",AAPL,89.9779281616211,94.07972590175224,89.16871402354269,94.00219454397538,197004400,0.0,0.0,No News,-0.04551662796748779
"2020-07-24 00:00:00.000000",AAPL,89.75504302978516,90.09908386887433,86.39219558540321,88.17780532258647,185438800,0.0,0.0,No News,-0.002477108957605556
"2020-07-27 00:00:00.000000",AAPL,91.88225555419922,91.97432312790853,90.59333170366311,90.81622514062431,121214000,0.0,0.0,No News,0.023700200597175813
"2020-07-28 00:00:00.000000",AAPL,90.37286376953125,91.63029754160469,90.36801343757494,91.45343048257014,103625600,0.0,0.0,No News,-0.016427456809412044
"2020-07-29 00:00:00.000000",AAPL,92.10514831542969,92.28928344671583,90.81864234957972,90.85498286396583,90329200,0.0,0.0,No News,0.019168193566556635
"2020-07-30 00:00:00.000000",AAPL,93.21965026855469,93.32382888856975,90.87195660039106,91.27898520449537,158130000,0.0,0.0,No News,0.012100322007063014
"2020-07-31 00:00:00.000000",AAPL,102.97869873046875,103.12891115542561,97.71152622340603,99.70791855704327,374336800,0.0,0.0,No News,0.10468874785304827
"2020-08-03 00:00:00.000000",AAPL,105.5735092163086,108.19013023936542,104.56078059833798,104.85878026409463,308151200,0.0,0.0,No News,0.025197545879185768
"2020-08-04 00:00:00.000000",AAPL,106.2785415649414,107.36880152265259,105.04048696818748,105.76248400195036,173071600,0.0,0.0,No News,0.00667811796601625
"2020-08-05 00:00:00.000000",AAPL,106.66376495361328,106.98357631299436,105.53473931977294,105.99992015103618,121776800,0.0,0.0,No News,0.003624658214155918
"2020-08-06 00:00:00.000000",AAPL,110.38516998291016,110.8794231758555,106.406937145771,106.99567567916016,202428800,0.0,0.0,No News,0.0348891212579574
"2020-08-07 00:00:00.000000",AAPL,107.87549591064453,110.36334336865978,107.07938502036484,109.90703455219526,198045600,0.0,0.0,No News,-0.022735609073702312
"2020-08-10 00:00:00.000000",AAPL,109.44344329833984,110.46042737696229,106.79540187658976,109.31965534861051,212403600,0.0,0.0,No News,0.014534787297701746
"2020-08-11 00:00:00.000000",AAPL,106.18860626220703,109.20557448641424,105.92889749318043,108.70800797992307,187902400,0.0,0.0,No News,-0.029739899787876833
"2020-08-12 00:00:00.000000",AAPL,109.71770477294922,109.97498398938008,107.08422600127558,107.2783964791796,165598000,0.0,0.0,No News,0.03323424833383659
"2020-08-13 00:00:00.000000",AAPL,111.6594467163086,112.66186835700262,110.60847874929773,111.09634192240293,210082000,0.0,0.0,No News,0.017697617238508823
"2020-08-14 00:00:00.000000",AAPL,111.55992889404297,111.64973292886683,109.75168569136507,111.48468727529169,165565200,0.0,0.0,No News,-0.0008912620041766
"2020-08-17 00:00:00.000000",AAPL,111.2686538696289,112.70554049467134,110.64244782402939,112.68126733476751,119561600,0.0,0.0,No News,-0.002610928738496332
"2020-08-18 00:00:00.000000",AAPL,112.19584655761719,112.62060097941455,110.68614768785797,111.02109807418744,105633600,0.0,0.0,No News,0.008332919072379985
"2020-08-19 00:00:00.000000",AAPL,112.33661651611328,113.74923011045664,112.24196081309763,112.60360648521876,145538000,0.0,0.0,No News,0.0012546806572184543
"2020-08-20 00:00:00.000000",AAPL,114.8293228149414,114.94340001045877,112.36088962986535,112.37788158405773,126907200,0.0,0.0,No News,0.022189615248653816
"2020-08-21 00:00:00.000000",AAPL,120.74676513671875,121.22976923366335,115.77592204362502,115.78805492165831,338054800,0.0,0.0,No News,0.051532502123293744
"2020-08-24 00:00:00.000000",AAPL,122.1909408569336,125.03316047656546,120.32687724435412,124.94820069131609,345937600,0.0,0.0,No News,0.011960367787738457
"2020-08-25 00:00:00.000000",AAPL,121.18852233886719,121.53318353096768,119.4676607314497,121.06474178007431,211495600,0.0,0.0,No News,-0.00820370570057305
"2020-08-26 00:00:00.000000",AAPL,122.83656311035156,123.29287194891076,121.43851175938384,122.50404222890556,163022400,0.0,0.0,No News,0.013598983960511735
"2020-08-27 00:00:00.000000",AAPL,121.36812591552734,123.77102105443406,120.22492431150832,123.43850018201364,155552400,0.0,0.0,No News,-0.011954398247898124
"2020-08-28 00:00:00.000000",AAPL,121.17150115966797,122.75886357315514,120.94819846216912,122.34139041384468,187630000,0.0,0.0,No News,-0.0016200691439878234
"2020-08-31 00:00:00.000000",AAPL,125.28072357177734,127.1836302061131,122.32929317534541,123.86326545477932,225702700,0.0,0.0,No News,0.03391244948508687
"2020-09-01 00:00:00.000000",AAPL,130.27098083496094,130.87292869764627,126.72732074484928,128.8923509024096,151948100,0.0,0.0,No News,0.03983260250188869
"2020-09-02 00:00:00.000000",AAPL,127.57194519042969,133.96025319602614,123.30013540143739,133.58161557752118,200119000,0.0,0.0,No News,-0.020718625339519292
"2020-09-03 00:00:00.000000",AAPL,117.35842895507812,125.08653127360425,116.9895020715435,123.21276461682936,257599600,0.0,0.0,No News,-0.08006083328200098
"2020-09-04 00:00:00.000000",AAPL,117.43611145019531,120.09628586271513,107.65947772486805,116.57204011831335,332607200,0.0,0.0,No News,0.0006619251451203
"2020-09-08 00:00:00.000000",AAPL,109.53327178955078,115.52352252708134,109.39735093120817,110.63034940535363,231366600,0.0,0.0,No News,-0.06729480023694523
"2020-09-09 00:00:00.000000",AAPL,113.90214538574219,115.66912348309229,111.90216122256825,113.84389572106855,176940500,0.0,0.0,No News,0.03988626948517937
"2020-09-10 00:00:00.000000",AAPL,110.18372344970703,116.98950502781075,109.22256693467808,116.85358420375128,182274400,0.0,0.0,No News,-0.0326457585451293
"2020-09-11 00:00:00.000000",AAPL,108.73714447021484,111.87304930648419,106.79540974753245,111.23227329257654,180860300,0.0,0.0,No News,-0.01312879011710355
"2020-09-14 00:00:00.000000",AAPL,111.99925231933594,112.55264638404466,109.51383440164483,111.37789783991316,140150100,0.0,0.0,No News,0.029999940360900812
"2020-09-15 00:00:00.000000",AAPL,112.17401123046875,115.36816560750079,110.30023700342959,114.88273194668369,184642000,0.0,0.0,No News,0.0015603578373410976
"2020-09-16 00:00:00.000000",AAPL,108.86334228515625,112.62060121644382,108.77596778791039,111.87303669164397,154679000,0.0,0.0,No News,-0.029513689570309753
"2020-09-17 00:00:00.000000",AAPL,107.12548065185547,108.93129419191115,105.54296982143195,106.52354774325607,178011000,0.0,0.0,No News,-0.01596369904525463
"2020-09-18 00:00:00.000000",AAPL,103.72745513916016,107.64975978247199,102.99930468969426,107.18374764280628,287104900,0.0,0.0,No News,-0.03172004916121196
"2020-09-21 00:00:00.000000",AAPL,106.87307739257812,106.97987339137704,100.09642017457678,101.49447149912258,195713800,0.0,0.0,No News,0.03032584043634179
"2020-09-22 00:00:00.000000",AAPL,108.55265808105469,109.57207159281869,105.97986595474057,109.39731520243424,183055400,0.0,0.0,No News,0.0157156575767623
"2020-09-23 00:00:00.000000",AAPL,103.99929809570312,108.84392339466623,103.65948864684648,108.36820053624751,150718700,0.0,0.0,No News,-0.041946093866735534
"2020-09-24 00:00:00.000000",AAPL,105.0672607421875,107.03812018263172,101.94106684060164,102.10611250444195,167743300,0.0,0.0,No News,0.010268940906712709
"2020-09-25 00:00:00.000000",AAPL,109.00898742675781,109.16432976181966,104.53328824582925,105.27114952311253,149981400,0.0,0.0,No News,0.03751622205362781
"2020-09-28 00:00:00.000000",AAPL,111.61090850830078,111.96042134324223,109.49441741099088,111.65945483814875,137672400,0.0,0.0,No News,0.02386886753985462
"2020-09-29 00:00:00.000000",AAPL,110.76626586914062,111.95072536524631,110.26141804491623,111.21287142269765,99382200,0.0,0.0,No News,-0.007567742709462255
"2020-09-30 00:00:00.000000",AAPL,112.43612670898438,113.84388857632474,110.30993260341256,110.47497824771594,142675200,0.0,0.0,No News,0.015075536100643827
"2020-10-01 00:00:00.000000",AAPL,113.3875961303711,114.29050304173128,112.45556438431055,114.2128318777771,116120400,0.0,0.0,No News,0.008462310551210939
"2020-10-02 00:00:00.000000",AAPL,109.72742462158203,112.00896881944756,108.9507351859753,109.60121453266758,144712000,0.0,0.0,No News,-0.032280175554481816
"2020-10-05 00:00:00.000000",AAPL,113.10602569580078,113.2516572532297,110.24197049725645,110.59148327223437,106243800,0.0,0.0,No News,0.030790853661885942
"2020-10-06 00:00:00.000000",AAPL,109.86336517333984,112.73713196201183,108.97987223056897,112.32936199997019,161498200,0.0,0.0,No News,-0.028669211056730814
"2020-10-07 00:00:00.000000",AAPL,111.72740936279297,112.18371817362878,110.80508099423795,111.28081129884058,96849000,0.0,0.0,No News,0.016966931483594072
"2020-10-08 00:00:00.000000",AAPL,111.62062072753906,113.0089613382161,111.25168639294162,112.86332975388186,83477200,0.0,0.0,No News,-0.0009557962174451
"2020-10-09 00:00:00.000000",AAPL,113.56234741210938,113.59147224549314,111.57206651675105,111.92157933161523,100506900,0.0,0.0,No News,0.017395770350623563
"2020-10-12 00:00:00.000000",AAPL,120.77588653564453,121.53316180020073,115.8050435838883,116.56231884844449,240226800,0.0,0.0,No News,0.06352051791741986
"2020-10-13 00:00:00.000000",AAPL,117.57203674316406,121.73705863931524,116.1642820228976,121.62055188862823,262330500,0.0,0.0,No News,-0.026527230595280393
"2020-10-14 00:00:00.000000",AAPL,117.65939331054688,119.44578532679022,116.13513216796562,117.47492618014813,150712000,0.0,0.0,No News,0.0007430046276535
"2020-10-15 00:00:00.000000",AAPL,117.1933822631836,117.66910513115165,114.70796452850907,115.26135855246798,112559200,0.0,0.0,No News,-0.003960678652602856
"2020-10-16 00:00:00.000000",AAPL,115.5526351928711,118.00893594757436,115.34875392683747,117.74679760043794,115393800,0.0,0.0,No News,-0.014000338915279742
"2020-10-19 00:00:00.000000",AAPL,112.60118103027344,116.91182635817701,112.29050382279274,116.46522833536906,120639300,0.0,0.0,No News,-0.025542075762022498
"2020-10-20 00:00:00.000000",AAPL,114.08663177490234,115.51380805714416,112.26139629791038,112.81479042703165,124423700,0.0,0.0,No News,0.013192141778952893
"2020-10-21 00:00:00.000000",AAPL,113.46526336669922,115.25165563302974,113.05749347361974,113.27108546353527,89946000,0.0,0.0,No News,-0.005446461154441917
"2020-10-22 00:00:00.000000",AAPL,112.37788391113281,114.60117079702067,111.2516743484804,114.02835526922215,101988000,0.0,0.0,No News,-0.009583368718337981
"2020-10-23 00:00:00.000000",AAPL,111.6885757446289,113.15458745033783,110.95071451824744,112.99924512599237,82572600,0.0,0.0,No News,-0.006133841842483889
"2020-10-26 00:00:00.000000",AAPL,111.69828796386719,113.15458894171616,109.59150025316038,110.688585063703,111850700,0.0,0.0,No News,0.0000869580364289
"2020-10-27 00:00:00.000000",AAPL,113.2031021118164,113.86329203454582,111.20311826081029,112.12543904078562,92276800,0.0,0.0,No News,0.013472132611701326
"2020-10-28 00:00:00.000000",AAPL,107.96044921875,112.06722147724142,107.86336396260268,111.69829454102945,143937800,0.0,0.0,No News,-0.046311918978050426
"2020-10-29 00:00:00.000000",AAPL,111.96040344238281,113.52350020230705,108.93129515957777,109.09634821039327,146129200,0.0,0.0,No News,0.03705018136343696
"2020-10-30 00:00:00.000000",AAPL,105.68863677978516,108.7274493921632,104.58184842091872,107.82454231970571,190272600,0.0,0.0,No News,-0.05601772117430104
"2020-11-02 00:00:00.000000",AAPL,105.60124206542969,107.45560232371076,104.19348732192323,105.93134082759394,122866900,0.0,0.0,No News,-0.0008269073858674
"2020-11-03 00:00:00.000000",AAPL,107.22259521484375,108.24200151383607,105.56241289323033,106.46531984784082,107624400,0.0,0.0,No News,0.015353542417706478
"2020-11-04 00:00:00.000000",AAPL,111.6011962890625,112.22255078584597,109.07694271998845,110.81479612438059,138235500,0.0,0.0,No News,0.04083655189883495
"2020-11-05 00:00:00.000000",AAPL,115.56231689453125,116.13513237076141,113.46524768018678,114.51377858379472,126387100,0.0,0.0,No News,0.03549353176473935
"2020-11-06 00:00:00.000000",AAPL,115.43104553222656,115.92703675245446,112.94133225108231,115.07120221763194,114457900,0.0,0.0,No News,-0.001135935708389213
"2020-11-09 00:00:00.000000",AAPL,113.12610626220703,118.6404186508716,112.86352313794548,117.19133287792215,154515300,0.0,0.0,No News,-0.019968105282179294
"2020-11-10 00:00:00.000000",AAPL,112.78573608398438,114.36124992222891,110.99625432436308,112.37727008295128,138023400,0.0,0.0,No News,-0.00300876773247849
"2020-11-11 00:00:00.000000",AAPL,116.2090835571289,116.3452388928094,113.24283383562194,113.97224059958567,112295000,0.0,0.0,No News,0.03035266330660269
"2020-11-12 00:00:00.000000",AAPL,115.936767578125,117.22052312713384,115.31434109496367,116.33551348572685,103162300,0.0,0.0,No News,-0.002343327824885888
"2020-11-13 00:00:00.000000",AAPL,115.98539733886719,116.38413582545107,114.63356412889462,116.16045525051373,81581900,0.0,0.0,No News,0.0004194507209234
"2020-11-16 00:00:00.000000",AAPL,116.99683380126953,117.66788289766848,114.90586651270257,115.65472076865481,91183000,0.0,0.0,No News,0.008720377613117059
"2020-11-17 00:00:00.000000",AAPL,116.1118392944336,117.35669240875295,115.69364575572538,116.26744964367843,74271000,0.0,0.0,No News,-0.0075642603144217
"2020-11-18 00:00:00.000000",AAPL,114.78914642333984,116.52999772652923,114.75997134662337,115.35322263955022,76322100,0.0,0.0,No News,-0.011391541802552085
"2020-11-19 00:00:00.000000",AAPL,115.38240814208984,115.79087409284412,113.60265410249275,114.36123584529591,74113000,0.0,0.0,No News,0.005168273632439657
"2020-11-20 00:00:00.000000",AAPL,114.11809539794922,115.50883100676269,114.06947274108221,115.38240319501891,73604300,0.0,0.0,No News,-0.010957586728330915
"2020-11-23 00:00:00.000000",AAPL,110.72395324707031,114.39044233270789,110.62670048886426,113.96252129270948,127959300,0.0,0.0,No News,-0.0297423659152648
"2020-11-24 00:00:00.000000",AAPL,112.00769805908203,112.66902713847026,109.49853707376413,110.78230006896696,113874200,0.0,0.0,No News,0.011594102038130494
"2020-11-25 00:00:00.000000",AAPL,112.84407806396484,113.54430968345936,112.00769112066959,112.37726193090761,76499200,0.0,0.0,No News,0.007467165376808582
"2020-11-27 00:00:00.000000",AAPL,113.38871002197266,114.26399962865095,113.02887409805055,113.36926243956174,46691300,0.0,0.0,No News,0.004826411517129703
"2020-11-30 00:00:00.000000",AAPL,115.78117370605469,117.6484533013128,113.60267342501068,113.75828376790362,169410200,0.0,0.0,No News,0.02109966401080343
"2020-12-01 00:00:00.000000",AAPL,119.35040283203125,120.07980962174469,116.71481385558914,117.68735624187373,127728200,0.0,0.0,No News,0.030827370389577613
"2020-12-02 00:00:00.000000",AAPL,119.70051574707031,119.98255392256038,117.57064559900594,118.66961579736986,89004200,0.0,0.0,No News,0.002933487501770804
"2020-12-03 00:00:00.000000",AAPL,119.56433868408203,120.3812705585125,118.85437962376297,120.12840751265676,78967600,0.0,0.0,No News,-0.001137648088969212
"2020-12-04 00:00:00.000000",AAPL,118.89330291748047,119.48655434771668,118.18334373345853,119.23369125780223,78260400,0.0,0.0,No News,-0.005612340384992254
"2020-12-07 00:00:00.000000",AAPL,120.35211181640625,121.14959622013072,118.89329833984375,118.95164850453536,86712000,0.0,0.0,No News,0.012269899675831919
"2020-12-08 00:00:00.000000",AAPL,120.96481323242188,121.54834457068203,119.71023272701726,120.95509315138429,82225500,0.0,0.0,No News,0.005090907062356154
"2020-12-09 00:00:00.000000",AAPL,118.43620300292969,122.49170271232049,117.67762117756554,121.1106943933289,115089200,0.0,0.0,No News,-0.020903683988117372
"2020-12-10 00:00:00.000000",AAPL,119.85611724853516,120.4688236783502,116.85096494578069,117.19135328461722,81312200,0.0,0.0,No News,0.011988853151348788
"2020-12-11 00:00:00.000000",AAPL,119.04890441894531,119.38929273400028,117.23997517904313,119.0683519998447,86939800,0.0,0.0,No News,-0.006734848818070738
"2020-12-14 00:00:00.000000",AAPL,118.43620300292969,119.96309415447033,118.20279492279666,119.23368741163418,79184500,0.0,0.0,No News,-0.005146636325685683
"2020-12-15 00:00:00.000000",AAPL,124.36871337890625,124.38816838110739,120.7216795566684,120.9259125603246,157243700,0.0,0.0,No News,0.050090345904029165
"2020-12-16 00:00:00.000000",AAPL,124.30062103271484,124.84524231148528,123.08494323552482,123.91161007354079,98208600,0.0,0.0,No News,-0.0005475038242452
"2020-12-17 00:00:00.000000",AAPL,125.16620635986328,126.02204843734285,124.52432480175362,125.36071187570329,94359800,0.0,0.0,No News,0.006963644428780613
"2020-12-18 00:00:00.000000",AAPL,123.18219757080078,125.55520289308356,122.65702389685748,125.41904757982878,192541500,0.0,0.0,No News,-0.015850994024363962
"2020-12-21 00:00:00.000000",AAPL,124.70909118652344,124.78689634893868,120.06034032088816,121.5872313887212,121251600,0.0,0.0,No News,0.012395408150151388
"2020-12-22 00:00:00.000000",AAPL,128.25888061523438,130.71941139606707,126.09010064650239,127.99629004452623,168904800,0.0,0.0,No News,0.028464560161068242
"2020-12-23 00:00:00.000000",AAPL,127.36416625976562,128.79379001399928,127.18910090140182,128.5312142361838,88223700,0.0,0.0,No News,-0.006975847217572495
"2020-12-24 00:00:00.000000",AAPL,128.34640502929688,129.79549835924004,127.50029800003861,127.71425848740788,54930100,0.0,0.0,No News,0.00771204961627836
"2020-12-28 00:00:00.000000",AAPL,132.93687438964844,133.56902125794645,129.84418064610074,130.3110118631278,124486200,0.0,0.0,No News,0.035766248063619166
"2020-12-29 00:00:00.000000",AAPL,131.16677856445312,134.97914269594398,130.6513323196226,134.25947087325437,121047300,0.0,0.0,No News,-0.013315310994954088
"2020-12-30 00:00:00.000000",AAPL,130.0483856201172,132.2560612728946,129.73716489381331,131.85731528225065,96452100,0.0,0.0,No News,-0.008526495478322516
"2018-01-02 00:00:00.000000",AMZN,59.45050048828125,59.5,58.5255012512207,58.599998474121094,53890000,0.0,0.0,No News,0.0
"2018-01-03 00:00:00.000000",AMZN,60.209999084472656,60.27450180053711,59.415000915527344,59.415000915527344,62176000,0.0,0.0,No News,0.012775310383486449
"2018-01-04 00:00:00.000000",AMZN,60.47949981689453,60.79349899291992,60.233001708984375,60.25,60442000,0.0,0.0,No News,0.004476012896857506
"2018-01-05 00:00:00.000000",AMZN,61.457000732421875,61.457000732421875,60.5,60.8754997253418,70894000,0.0,0.0,No News,0.016162516530176196
"2018-01-08 00:00:00.000000",AMZN,62.34349822998047,62.65399932861328,61.60150146484375,61.79999923706055,85590000,0.0,0.0,No News,0.014424678832250848
"2018-01-09 00:00:00.000000",AMZN,62.6349983215332,62.96649932861328,62.0880012512207,62.845001220703125,73226000,0.0,0.0,No News,0.0046757095740346255
"2018-01-10 00:00:00.000000",AMZN,62.71649932861328,62.71649932861328,61.86149978637695,62.25749969482422,53720000,0.0,0.0,No News,0.0013012055442500614
"2018-01-11 00:00:00.000000",AMZN,63.83399963378906,63.8385009765625,62.823001861572266,62.98699951171875,62500000,0.0,0.0,No News,0.01781828254348916
"2018-01-12 00:00:00.000000",AMZN,65.26000213623047,65.28800201416016,63.669498443603516,63.669498443603516,108874000,0.0,0.0,No News,0.022339231610462695
"2018-01-16 00:00:00.000000",AMZN,65.24299621582031,66.99700164794922,64.61499786376953,66.1500015258789,144414000,0.0,0.0,No News,-0.0002605871874576
"2018-01-17 00:00:00.000000",AMZN,64.75,65.69999694824219,64.04399871826172,65.61199951171875,105076000,0.0,0.0,No News,-0.00755630863716783
"2018-01-18 00:00:00.000000",AMZN,64.66600036621094,65.2300033569336,64.20099639892578,64.69750213623047,80538000,0.0,0.0,No News,-0.0012972916415299185
"2018-01-19 00:00:00.000000",AMZN,64.72899627685547,65.6500015258789,64.64949798583984,65.5999984741211,91570000,0.0,0.0,No News,0.000974173604178
"2018-01-22 00:00:00.000000",AMZN,66.3655014038086,66.37249755859375,64.83300018310547,64.8584976196289,82802000,0.0,0.0,No News,0.025282411609683475
"2018-01-23 00:00:00.000000",AMZN,68.12699890136719,68.24500274658203,66.86699676513672,66.90450286865234,103386000,0.0,0.0,No News,0.02654236704761037
"2018-01-24 00:00:00.000000",AMZN,67.87550354003906,69.40799713134766,66.9000015258789,68.74099731445312,136150000,0.0,0.0,No News,-0.0036915667119321594
"2018-01-25 00:00:00.000000",AMZN,68.89749908447266,68.91699981689453,67.88099670410156,68.4000015258789,95060000,0.0,0.0,No News,0.015056912893923968
"2018-01-26 00:00:00.000000",AMZN,70.10250091552734,70.12650299072266,69.04550170898438,69.60050201416016,97146000,0.0,0.0,No News,0.017489776074125496
"2018-01-29 00:00:00.000000",AMZN,70.88400268554688,71.56950378417969,70.02200317382812,70.45899963378906,114038000,0.0,0.0,No News,0.011147987016343786
"2018-01-30 00:00:00.000000",AMZN,71.89099884033203,71.9625015258789,69.5999984741211,70.15850067138672,117438000,0.0,0.0,No News,0.014206254114237371
"2018-01-31 00:00:00.000000",AMZN,72.54450225830078,73.62899780273438,72.50199890136719,72.56500244140625,128494000,0.0,0.0,No News,0.009090198056924459
"2018-02-01 00:00:00.000000",AMZN,69.5,72.99400329589844,69.25700378417969,72.25,182276000,0.0,0.0,No News,-0.04196737400527717
"2018-02-02 00:00:00.000000",AMZN,71.49749755859375,74.9000015258789,70.69999694824219,73.86949920654297,222514000,0.0,0.0,No News,0.02874097206609716
"2018-02-05 00:00:00.000000",AMZN,69.5,72.9489974975586,66.03600311279297,70.13099670410156,229900000,0.0,0.0,No News,-0.027938006598856924
"2018-02-06 00:00:00.000000",AMZN,72.14199829101562,72.19950103759766,67.5895004272461,68.072998046875,221336000,0.0,0.0,No News,0.03801436389950541
"2018-02-07 00:00:00.000000",AMZN,70.83899688720703,73.04949951171875,70.75749969482422,72.44999694824219,143254000,0.0,0.0,No News,-0.018061620618718965
"2018-02-08 00:00:00.000000",AMZN,67.5250015258789,71.6875,67.49700164794922,71.48400115966797,171572000,0.0,0.0,No News,-0.046782076355553315
"2018-02-09 00:00:00.000000",AMZN,66.9800033569336,69.17500305175781,63.29650115966797,68.67449951171875,282830000,0.0,0.0,No News,-0.008071057484337008
"2018-02-12 00:00:00.000000",AMZN,69.3115005493164,69.69049835205078,67.20050048828125,68.2334976196289,134778000,0.0,0.0,No News,0.0348088545167482
"2018-02-13 00:00:00.000000",AMZN,70.72550201416016,70.98600006103516,69.17649841308594,69.29650115966797,118358000,0.0,0.0,No News,0.020400675986486094
"2018-02-14 00:00:00.000000",AMZN,72.55249786376953,72.60299682617188,70.16799926757812,70.3125,119184000,0.0,0.0,No News,0.025832207585371192
"2018-02-15 00:00:00.000000",AMZN,73.08799743652344,73.4469985961914,71.84200286865234,73.34449768066406,113054000,0.0,0.0,No News,0.007380856462852581
"2018-02-16 00:00:00.000000",AMZN,72.43450164794922,73.29000091552734,72.3280029296875,72.86849975585938,89452000,0.0,0.0,No News,-0.008941218962002284
"2018-02-20 00:00:00.000000",AMZN,73.4175033569336,74.4384994506836,72.32450103759766,72.32450103759766,129984000,0.0,0.0,No News,0.013570904563712238
"2018-02-21 00:00:00.000000",AMZN,74.14600372314453,75.17449951171875,73.94599914550781,74.25,126088000,0.0,0.0,No News,0.009922706887337096
"2018-02-22 00:00:00.000000",AMZN,74.26699829101562,75.12699890136719,73.78800201416016,74.76799774169922,97162000,0.0,0.0,No News,0.001631842065593636
"2018-02-23 00:00:00.000000",AMZN,75.0,75.0,74.32499694824219,74.76699829101562,88362000,0.0,0.0,No News,0.009869817359685173
"2018-02-26 00:00:00.000000",AMZN,76.09750366210938,76.14199829101562,75.3499984741211,75.45999908447266,99100000,0.0,0.0,No News,0.014633382161458375
"2018-02-27 00:00:00.000000",AMZN,75.5989990234375,76.33899688720703,75.3604965209961,76.2249984741211,96176000,0.0,0.0,No News,-0.006550867172796515
"2018-02-28 00:00:00.000000",AMZN,75.62249755859375,76.43499755859375,75.5999984741211,75.97550201416016,90300000,0.0,0.0,No News,0.0003108313001468
"2018-03-01 00:00:00.000000",AMZN,74.67250061035156,75.92449951171875,73.25,75.68000030517578,136704000,0.0,0.0,No News,-0.012562358807392093
"2018-03-02 00:00:00.000000",AMZN,75.01249694824219,75.05249786376953,72.75050354003906,73.45500183105469,131752000,0.0,0.0,No News,0.004553166629101657
"2018-03-05 00:00:00.000000",AMZN,76.18049621582031,76.26899719238281,74.05000305175781,74.71199798583984,104678000,0.0,0.0,No News,0.01557072907976953
"2018-03-06 00:00:00.000000",AMZN,76.88200378417969,77.10649871826172,76.4000015258789,76.66000366210938,91234000,0.0,0.0,No News,0.00920849302913429
"2018-03-07 00:00:00.000000",AMZN,77.25,77.29499816894531,76.12550354003906,76.32599639892578,83482000,0.0,0.0,No News,0.004786506564700588
"2018-03-08 00:00:00.000000",AMZN,77.59300231933594,77.74400329589844,77.26249694824219,77.5,77252000,0.0,0.0,No News,0.0044401594736043215
"2018-03-09 00:00:00.000000",AMZN,78.94450378417969,78.9469985961914,77.9540023803711,78.17500305175781,90686000,0.0,0.0,No News,0.01741782666536884
"2018-03-12 00:00:00.000000",AMZN,79.91950225830078,80.2665023803711,79.33499908447266,79.62999725341797,103484000,0.0,0.0,No News,0.012350428812454961
"2018-03-13 00:00:00.000000",AMZN,79.40899658203125,80.87699890136719,78.90049743652344,80.7979965209961,130638000,0.0,0.0,No News,-0.006387748444923624
"2018-03-14 00:00:00.000000",AMZN,79.55000305175781,80.3219985961914,79.54450225830078,79.8499984741211,85188000,0.0,0.0,No News,0.001775698923243585
"2018-03-15 00:00:00.000000",AMZN,79.11599731445312,79.84549713134766,78.90550231933594,79.75,81394000,0.0,0.0,No News,-0.005455760159082668
"2018-03-16 00:00:00.000000",AMZN,78.58399963378906,79.47200012207031,78.375,79.17250061035156,108500000,0.0,0.0,No News,-0.006724274466889391
"2018-03-19 00:00:00.000000",AMZN,77.24649810791016,78.08300018310547,76.26750183105469,77.72650146484375,131616000,0.0,0.0,No News,-0.01702002356856136
"2018-03-20 00:00:00.000000",AMZN,79.32550048828125,79.3499984741211,77.27050018310547,77.51699829101562,91632000,0.0,0.0,No News,0.02691387223103381
"2018-03-21 00:00:00.000000",AMZN,79.09300231933594,79.5,78.15850067138672,79.32250213623047,95016000,0.0,0.0,No News,-0.0029309385697435797
"2018-03-22 00:00:00.000000",AMZN,77.24600219726562,78.69249725341797,77.12000274658203,78.27349853515625,126412000,0.0,0.0,No News,-0.023352257063312565
"2018-03-23 00:00:00.000000",AMZN,74.77799987792969,77.45099639892578,74.76799774169922,76.95050048828125,160120000,0.0,0.0,No News,-0.03194990354365934
"2018-03-26 00:00:00.000000",AMZN,77.79299926757812,77.84950256347656,74.9625015258789,76.5,112494000,0.0,0.0,No News,0.0403193371656132
"2018-03-27 00:00:00.000000",AMZN,74.85250091552734,78.79850006103516,74.11599731445312,78.62000274658203,139992000,0.0,0.0,No News,-0.037799009933227934
"2018-03-28 00:00:00.000000",AMZN,71.57099914550781,72.79499816894531,69.30850219726562,72.3499984741211,274106000,0.0,0.0,No News,-0.043839574227757305
"2018-03-29 00:00:00.000000",AMZN,72.36699676513672,72.77349853515625,68.26000213623047,70.30000305175781,251622000,0.0,0.0,No News,0.011121789958675743
"2018-04-02 00:00:00.000000",AMZN,68.59950256347656,71.06800079345703,67.75,70.88099670410156,209272000,0.0,0.0,No News,-0.05206094449224363
"2018-04-03 00:00:00.000000",AMZN,69.60250091552734,70.69999694824219,67.7665023803711,69.56900024414062,204624000,0.0,0.0,No News,0.014621073252283123
"2018-04-04 00:00:00.000000",AMZN,70.52850341796875,70.76950073242188,67.64399719238281,67.91200256347656,139646000,0.0,0.0,No News,0.013304155601610468
"2018-04-05 00:00:00.000000",AMZN,72.5875015258789,72.97799682617188,71.35350036621094,72.09950256347656,128270000,0.0,0.0,No News,0.02919384373872269
"2018-04-06 00:00:00.000000",AMZN,70.2614974975586,72.625,70.01300048828125,71.49849700927734,117646000,0.0,0.0,No News,-0.032044139547784845
"2018-04-09 00:00:00.000000",AMZN,70.30400085449219,71.92400360107422,70.12850189208984,71.25150299072266,84164000,0.0,0.0,No News,0.000604930985638
"2018-04-10 00:00:00.000000",AMZN,71.81099700927734,71.91899871826172,70.78500366210938,71.59950256347656,85082000,0.0,0.0,No News,0.02143542524562969
"2018-04-11 00:00:00.000000",AMZN,71.35250091552734,72.43900299072266,71.24449920654297,71.97200012207031,71650000,0.0,0.0,No News,-0.006384761566404218
"2018-04-12 00:00:00.000000",AMZN,72.42500305175781,72.60600280761719,71.75299835205078,71.9749984741211,62700000,0.0,0.0,No News,0.015031037769792865
"2018-04-13 00:00:00.000000",AMZN,71.53949737548828,72.98899841308594,71.22599792480469,72.45700073242188,73706000,0.0,0.0,No News,-0.012226519005276604
"2018-04-16 00:00:00.000000",AMZN,72.07499694824219,72.3499984741211,71.3740005493164,72.25,56172000,0.0,0.0,No News,0.007485369514734552
"2018-04-17 00:00:00.000000",AMZN,75.19149780273438,75.3594970703125,72.85099792480469,73.11499786376953,102288000,0.0,0.0,No News,0.04323969457439136
"2018-04-18 00:00:00.000000",AMZN,76.39199829101562,76.69000244140625,75.20549774169922,75.73249816894531,104550000,0.0,0.0,No News,0.015965907361371823
"2018-04-19 00:00:00.000000",AMZN,77.84549713134766,78.4260025024414,76.9530029296875,77.16100311279297,130474000,0.0,0.0,No News,0.019026846696625466
"2018-04-20 00:00:00.000000",AMZN,76.37449645996094,78.05999755859375,75.80449676513672,78.05999755859375,110832000,0.0,0.0,No News,-0.018896413095091713
"2018-04-23 00:00:00.000000",AMZN,75.89299774169922,77.4000015258789,75.17050170898438,77.33450317382812,89308000,0.0,0.0,No News,-0.006304443768269441
"2018-04-24 00:00:00.000000",AMZN,73.00450134277344,76.9749984741211,72.42250061035156,76.79000091552734,149894000,0.0,0.0,No News,-0.03806011733462866
"2018-04-25 00:00:00.000000",AMZN,73.00849914550781,73.49949645996094,70.7509994506836,72.9000015258789,131746000,0.0,0.0,No News,0.0000547610443307
"2018-04-26 00:00:00.000000",AMZN,75.89800262451172,76.47100067138672,73.92500305175781,74.25050354003906,176022000,0.0,0.0,No News,0.03957763154732241
"2018-04-27 00:00:00.000000",AMZN,78.63099670410156,81.90499877929688,78.36949920654297,81.70050048828125,261064000,0.0,0.0,No News,0.03600877473825914
"2018-04-30 00:00:00.000000",AMZN,78.30650329589844,79.80000305175781,78.0469970703125,79.125,109282000,0.0,0.0,No News,-0.004126787422321976
"2018-05-01 00:00:00.000000",AMZN,79.11299896240234,79.25,77.60900115966797,78.16100311279297,91442000,0.0,0.0,No News,0.010299216955919732
"2018-05-02 00:00:00.000000",AMZN,78.48400115966797,79.42500305175781,78.31800079345703,79.04900360107422,87206000,0.0,0.0,No News,-0.007950625194139027
"2018-05-03 00:00:00.000000",AMZN,78.60399627685547,78.73999786376953,77.3010025024414,78.00050354003906,85038000,0.0,0.0,No News,0.001528911821702117
"2018-05-04 00:00:00.000000",AMZN,79.04750061035156,79.24500274658203,78.1094970703125,78.12249755859375,68872000,0.0,0.0,No News,0.005642261901468659
"2018-05-07 00:00:00.000000",AMZN,80.00700378417969,80.34750366210938,79.3915023803711,79.46700286865234,76038000,0.0,0.0,No News,0.012138311349751518
"2018-05-08 00:00:00.000000",AMZN,79.61949920654297,79.84400177001953,79.12550354003906,79.75,61358000,0.0,0.0,No News,-0.004843383195326512
"2018-05-09 00:00:00.000000",AMZN,80.4000015258789,80.4000015258789,79.5999984741211,80.0,72746000,0.0,0.0,No News,0.009802904151798408
"2018-05-10 00:00:00.000000",AMZN,80.4540023803711,80.77999877929688,80.1719970703125,80.42400360107422,56350000,0.0,0.0,No News,0.00067165240631
"2018-05-11 00:00:00.000000",AMZN,80.14550018310547,80.55500030517578,79.89450073242188,80.54949951171875,45278000,0.0,0.0,No News,-0.003834516470754168
"2018-05-14 00:00:00.000000",AMZN,80.0770034790039,80.55899810791016,80.00250244140625,80.19999694824219,50190000,0.0,0.0,No News,-0.0008546543966295
"2018-05-15 00:00:00.000000",AMZN,78.80599975585938,79.38999938964844,78.26100158691406,79.38999938964844,101550000,0.0,0.0,No News,-0.015872268790349864
"2018-05-16 00:00:00.000000",AMZN,79.36399841308594,79.72149658203125,78.83350372314453,78.875,51412000,0.0,0.0,No News,0.007080662119067549
"2018-05-17 00:00:00.000000",AMZN,79.08799743652344,79.7020034790039,78.6500015258789,79.02799987792969,42952000,0.0,0.0,No News,-0.003477659670395261
"2018-05-18 00:00:00.000000",AMZN,78.71849822998047,79.17949676513672,78.6050033569336,79.06649780273438,52852000,0.0,0.0,No News,-0.004672001043388829
"2018-05-21 00:00:00.000000",AMZN,79.27300262451172,79.60250091552734,78.75,79.25,58504000,0.0,0.0,No News,0.007044143460552821
"2018-05-22 00:00:00.000000",AMZN,79.06999969482422,79.49449920654297,78.76249694824219,79.49449920654297,42312000,0.0,0.0,No News,-0.0025608078786804045
"2018-05-23 00:00:00.000000",AMZN,80.09300231933594,80.09300231933594,78.31700134277344,78.55249786376953,67238000,0.0,0.0,No News,0.012937936366005598
"2018-05-24 00:00:00.000000",AMZN,80.15350341796875,80.41200256347656,79.41899871826172,79.90149688720703,68600000,0.0,0.0,No News,0.0007553855752789
"2018-05-25 00:00:00.000000",AMZN,80.50749969482422,80.70600128173828,80.02249908447266,80.1500015258789,53968000,0.0,0.0,No News,0.004416479152626884
"2018-05-29 00:00:00.000000",AMZN,80.64350128173828,81.0895004272461,80.00749969482422,80.0354995727539,76930000,0.0,0.0,No News,0.0016893033249025802
"2018-05-30 00:00:00.000000",AMZN,81.24449920654297,81.30000305175781,80.64649963378906,80.90499877929688,58148000,0.0,0.0,No News,0.00745252767120097
"2018-05-31 00:00:00.000000",AMZN,81.48100280761719,81.75,81.06749725341797,81.1500015258789,63326000,0.0,0.0,No News,0.0029110106331380337
"2018-06-01 00:00:00.000000",AMZN,82.0770034790039,82.33650207519531,81.75450134277344,81.85150146484375,66268000,0.0,0.0,No News,0.007314596664868223
"2018-06-04 00:00:00.000000",AMZN,83.26349639892578,83.28399658203125,82.27449798583984,82.44499969482422,63754000,0.0,0.0,No News,0.014455850842866047
"2018-06-05 00:00:00.000000",AMZN,84.81749725341797,84.94999694824219,83.50299835205078,83.64949798583984,95644000,0.0,0.0,No News,0.018663651200122366
"2018-06-06 00:00:00.000000",AMZN,84.7874984741211,85.7249984741211,84.32350158691406,85.22550201416016,109464000,0.0,0.0,No News,-0.0003536862117877
"2018-06-07 00:00:00.000000",AMZN,84.46499633789062,84.99500274658203,83.80549621582031,84.9280014038086,75314000,0.0,0.0,No News,-0.003803651977406841
"2018-06-08 00:00:00.000000",AMZN,84.19950103759766,84.47200012207031,83.65049743652344,84.05599975585938,59102000,0.0,0.0,No News,-0.003143258294014406
"2018-06-11 00:00:00.000000",AMZN,84.45600128173828,84.71199798583984,84.02950286865234,84.07550048828125,46710000,0.0,0.0,No News,0.0030463392416790747
"2018-06-12 00:00:00.000000",AMZN,84.9375,84.97550201416016,84.57599639892578,84.6500015258789,45184000,0.0,0.0,No News,0.005701178257960349
"2018-06-13 00:00:00.000000",AMZN,85.24299621582031,85.6875,85.00599670410156,85.1405029296875,66550000,0.0,0.0,No News,0.0035967177727189714
"2018-06-14 00:00:00.000000",AMZN,86.19300079345703,86.23999786376953,85.44349670410156,85.67400360107422,63488000,0.0,0.0,No News,0.011144664310384744
"2018-06-15 00:00:00.000000",AMZN,85.79850006103516,86.04350280761719,85.4260025024414,85.69999694824219,95552000,0.0,0.0,No News,-0.004576946257703773
"2018-06-18 00:00:00.000000",AMZN,86.18949890136719,86.33699798583984,85.12799835205078,85.31300354003906,62154000,0.0,0.0,No News,0.004557175708828076
"2018-06-19 00:00:00.000000",AMZN,86.73899841308594,86.80549621582031,85.01950073242188,85.4520034790039,85802000,0.0,0.0,No News,0.006375480989251114
"2018-06-20 00:00:00.000000",AMZN,87.50399780273438,88.14649963378906,87.06800079345703,87.125,86652000,0.0,0.0,No News,0.008819555259391043
"2018-06-21 00:00:00.000000",AMZN,86.51100158691406,88.15499877929688,85.87799835205078,88.0,98822000,0.0,0.0,No News,-0.011348009699612582
"2018-06-22 00:00:00.000000",AMZN,85.78350067138672,87.1500015258789,85.59500122070312,87.13099670410156,81502000,0.0,0.0,No News,-0.008409345657574563
"2018-06-25 00:00:00.000000",AMZN,83.15750122070312,85.25,82.31549835205078,85.12550354003906,150224000,0.0,0.0,No News,-0.030611940875939325
"2018-06-26 00:00:00.000000",AMZN,84.55449676513672,85.07849884033203,83.16699981689453,83.61849975585938,87732000,0.0,0.0,No News,0.016799393006361685
"2018-06-27 00:00:00.000000",AMZN,83.02549743652344,85.59750366210938,83.0,85.40550231933594,97444000,0.0,0.0,No News,-0.018083004300295413
"2018-06-28 00:00:00.000000",AMZN,85.07250213623047,85.2750015258789,83.05850219726562,83.62699890136719,90594000,0.0,0.0,No News,0.024655133217022396
"2018-06-29 00:00:00.000000",AMZN,84.98999786376953,86.17050170898438,84.71600341796875,85.8499984741211,90870000,0.0,0.0,No News,-0.0009698112831902
"2018-07-02 00:00:00.000000",AMZN,85.68900299072266,85.69450378417969,83.90299987792969,84.13500213623047,63714000,0.0,0.0,No News,0.008224557530564391
"2018-07-03 00:00:00.000000",AMZN,84.697998046875,86.25,84.6240005493164,86.197998046875,43546000,0.0,0.0,No News,-0.011565135656379955
"2018-07-05 00:00:00.000000",AMZN,84.98650360107422,85.53450012207031,84.10749816894531,85.26899719238281,59662000,0.0,0.0,No News,0.0034062854005068033
"2018-07-06 00:00:00.000000",AMZN,85.53150177001953,85.76349639892578,84.58350372314453,84.80000305175781,53006000,0.0,0.0,No News,0.006412761389779309
"2018-07-09 00:00:00.000000",AMZN,86.95099639892578,86.97799682617188,85.8115005493164,86.20249938964844,60240000,0.0,0.0,No News,0.01659616164256117
"2018-07-10 00:00:00.000000",AMZN,87.15350341796875,87.5,86.55000305175781,86.92649841308594,60058000,0.0,0.0,No News,0.0023289787055904565
"2018-07-11 00:00:00.000000",AMZN,87.75,87.8479995727539,86.69999694824219,86.89949798583984,64196000,0.0,0.0,No News,0.006844206585369106
"2018-07-12 00:00:00.000000",AMZN,89.83100128173828,89.9000015258789,88.10900115966797,88.22550201416016,90654000,0.0,0.0,No News,0.023715114321803732
"2018-07-13 00:00:00.000000",AMZN,90.65149688720703,90.76499938964844,89.7614974975586,90.19650268554688,87664000,0.0,0.0,No News,0.009133768896724348
"2018-07-16 00:00:00.000000",AMZN,91.12449645996094,92.09750366210938,90.72250366210938,91.09750366210938,109324000,0.0,0.0,No News,0.0052177800587500656
"2018-07-17 00:00:00.000000",AMZN,92.19650268554688,92.58450317382812,89.86900329589844,90.5780029296875,113658000,0.0,0.0,No News,0.011764193682617163
"2018-07-18 00:00:00.000000",AMZN,92.14600372314453,92.94400024414062,91.5634994506836,92.4000015258789,97238000,0.0,0.0,No News,-0.0005477318654329
"2018-07-19 00:00:00.000000",AMZN,90.64849853515625,92.05000305175781,90.5634994506836,91.4729995727539,93538000,0.0,0.0,No News,-0.016251439318926697
"2018-07-20 00:00:00.000000",AMZN,90.68499755859375,91.74199676513672,90.50299835205078,91.25050354003906,77688000,0.0,0.0,No News,0.0004026434417261
"2018-07-23 00:00:00.000000",AMZN,90.0999984741211,90.94999694824219,88.49949645996094,90.6104965209961,77770000,0.0,0.0,No News,-0.006450891550111915
"2018-07-24 00:00:00.000000",AMZN,91.46199798583984,92.0,90.46900177001953,91.45050048828125,85574000,0.0,0.0,No News,0.01511653201758878
"2018-07-25 00:00:00.000000",AMZN,93.18049621582031,93.19200134277344,91.13200378417969,91.46499633789062,74764000,0.0,0.0,No News,0.01878920500125658
"2018-07-26 00:00:00.000000",AMZN,90.4000015258789,92.23400115966797,90.2249984741211,91.94999694824219,198488000,0.0,0.0,No News,-0.029839878546057075
"2018-07-27 00:00:00.000000",AMZN,90.8635025024414,94.00250244140625,90.32649993896484,93.80249786376953,193620000,0.0,0.0,No News,0.005127223105519718
"2018-07-30 00:00:00.000000",AMZN,88.96099853515625,91.4749984741211,88.3010025024414,91.36650085449219,131246000,0.0,0.0,No News,-0.020938043492589764
"2018-07-31 00:00:00.000000",AMZN,88.87200164794922,90.09149932861328,86.96600341796875,89.32450103759766,114774000,0.0,0.0,No News,-0.0010004034202905077
"2018-08-01 00:00:00.000000",AMZN,89.8584976196289,89.9219970703125,88.8010025024414,89.19999694824219,83062000,0.0,0.0,No News,0.011100188511422582
"2018-08-02 00:00:00.000000",AMZN,91.71649932861328,91.8280029296875,89.30000305175781,89.4384994506836,87094000,0.0,0.0,No News,0.020676972776122904
"2018-08-03 00:00:00.000000",AMZN,91.16449737548828,92.05000305175781,91.07499694824219,91.88700103759766,69210000,0.0,0.0,No News,-0.006018567620502124
"2018-08-06 00:00:00.000000",AMZN,92.38749694824219,92.38849639892578,90.94599914550781,91.29049682617188,67836000,0.0,0.0,No News,0.013415305387102894
"2018-08-07 00:00:00.000000",AMZN,93.1240005493164,93.48600006103516,92.3134994506836,92.72650146484375,67550000,0.0,0.0,No News,0.00797189690599387
"2018-08-08 00:00:00.000000",AMZN,94.32599639892578,94.57550048828125,92.7249984741211,93.05000305175781,79260000,0.0,0.0,No News,0.012907476510019888
"2018-08-09 00:00:00.000000",AMZN,94.9260025024414,95.72850036621094,93.8740005493164,94.0999984741211,97208000,0.0,0.0,No News,0.006360983466085601
"2018-08-10 00:00:00.000000",AMZN,94.31500244140625,94.9749984741211,93.9104995727539,94.42549896240234,72798000,0.0,0.0,No News,-0.006436593187619355
"2018-08-13 00:00:00.000000",AMZN,94.80999755859375,96.25,94.68350219726562,94.92500305175781,110630000,0.0,0.0,No News,0.005248317917343259
"2018-08-14 00:00:00.000000",AMZN,95.98249816894531,96.05049896240234,95.0,95.96949768066406,79722000,0.0,0.0,No News,0.012366845697121098
"2018-08-15 00:00:00.000000",AMZN,94.13099670410156,95.81050109863281,93.489501953125,95.47750091552734,154014000,0.0,0.0,No News,-0.019289990364543264
"2018-08-16 00:00:00.000000",AMZN,94.32599639892578,95.25,94.17749786376953,95.1969985961914,79142000,0.0,0.0,No News,0.002071577924933621
"2018-08-17 00:00:00.000000",AMZN,94.11100006103516,94.4000015258789,92.77749633789062,94.29000091552734,82086000,0.0,0.0,No News,-0.002279290398177758
"2018-08-20 00:00:00.000000",AMZN,93.83550262451172,94.5875015258789,93.3030014038086,94.52850341796875,57240000,0.0,0.0,No News,-0.002927367006458015
"2018-08-21 00:00:00.000000",AMZN,94.1709976196289,94.88749694824219,93.72049713134766,94.0,62112000,0.0,0.0,No News,0.0035753524597155195
"2018-08-22 00:00:00.000000",AMZN,95.24500274658203,95.29000091552734,93.83200073242188,93.83200073242188,61610000,0.0,0.0,No News,0.011404839643848641
"2018-08-23 00:00:00.000000",AMZN,95.1449966430664,95.9749984741211,95.03800201416016,95.3584976196289,71260000,0.0,0.0,No News,-0.0010499879325082118
"2018-08-24 00:00:00.000000",AMZN,95.26950073242188,95.80049896240234,95.12699890136719,95.52549743652344,56018000,0.0,0.0,No News,0.0013085721135976947
"2018-08-27 00:00:00.000000",AMZN,96.38400268554688,96.38500213623047,95.46399688720703,95.75,71380000,0.0,0.0,No News,0.0116984128662041
"2018-08-28 00:00:00.000000",AMZN,96.64099884033203,97.08899688720703,96.44100189208984,96.8864974975586,62014000,0.0,0.0,No News,0.0026663776936470818
"2018-08-29 00:00:00.000000",AMZN,99.90499877929688,99.93450164794922,97.4469985961914,97.67250061035156,130636000,0.0,0.0,No News,0.03377448472317157
"2018-08-30 00:00:00.000000",AMZN,100.11900329589844,101.27850341796875,99.34500122070312,99.87100219726562,145546000,0.0,0.0,No News,0.0021420801683240676
"2018-08-31 00:00:00.000000",AMZN,100.635498046875,101.11900329589844,100.23699951171875,100.3499984741211,84088000,0.0,0.0,No News,0.005158808357790701
"2018-09-04 00:00:00.000000",AMZN,101.97550201416016,102.5250015258789,100.6500015258789,101.32499694824219,114422000,0.0,0.0,No News,0.013315420436047276
"2018-09-05 00:00:00.000000",AMZN,99.74099731445312,102.01899719238281,99.49449920654297,101.90550231933594,164412000,0.0,0.0,No News,-0.021912171605654396
"2018-09-06 00:00:00.000000",AMZN,97.91549682617188,100.375,96.760498046875,100.32550048828125,149774000,0.0,0.0,No News,-0.018302408612638987
"2018-09-07 00:00:00.000000",AMZN,97.60350036621094,98.76000213623047,96.86750030517578,96.93550109863281,97852000,0.0,0.0,No News,-0.0031863848938521455
"2018-09-10 00:00:00.000000",AMZN,96.95050048828125,98.6520004272461,96.57599639892578,98.55000305175781,90896000,0.0,0.0,No News,-0.0066903325749549936
"2018-09-11 00:00:00.000000",AMZN,99.35749816894531,99.44400024414062,95.8499984741211,96.41349792480469,100672000,0.0,0.0,No News,0.0248270784425193
"2018-09-12 00:00:00.000000",AMZN,99.5,100.0,98.12200164794922,99.69999694824219,88280000,0.0,0.0,No News,0.00143423328566894
"2018-09-13 00:00:00.000000",AMZN,99.49349975585938,100.43800354003906,99.10150146484375,100.0,72430000,0.0,0.0,No News,-0.0000653290868404
"2018-09-14 00:00:00.000000",AMZN,98.5094985961914,99.68250274658203,97.96099853515625,99.64649963378906,72840000,0.0,0.0,No News,-0.009890105002663963
"2018-09-17 00:00:00.000000",AMZN,95.40149688720703,97.84100341796875,94.37049865722656,97.73650360107422,141004000,0.0,0.0,No News,-0.03155027437226787
"2018-09-18 00:00:00.000000",AMZN,97.05249786376953,97.91000366210938,95.77200317382812,95.93250274658203,85374000,0.0,0.0,No News,0.017305818361681213
"2018-09-19 00:00:00.000000",AMZN,96.32099914550781,97.04149627685547,95.24500274658203,97.0250015258789,81136000,0.0,0.0,No News,-0.007537144683164243
"2018-09-20 00:00:00.000000",AMZN,97.21499633789062,97.75,96.61250305175781,96.92900085449219,63098000,0.0,0.0,No News,0.009281436034859869
"2018-09-21 00:00:00.000000",AMZN,95.75050354003906,97.8655014038086,95.5250015258789,97.71099853515625,137118000,0.0,0.0,No News,-0.015064474134848682
"2018-09-24 00:00:00.000000",AMZN,96.71800231933594,96.84400177001953,93.25,95.18949890136719,84274000,0.0,0.0,No News,0.010104372755515678
"2018-09-25 00:00:00.000000",AMZN,98.72750091552734,98.79550170898438,96.94249725341797,97.1449966430664,90768000,0.0,0.0,No News,0.020776882772626015
"2018-09-26 00:00:00.000000",AMZN,98.74250030517578,99.76249694824219,98.07599639892578,98.42500305175781,86270000,0.0,0.0,No News,0.0001519271683101
"2018-09-27 00:00:00.000000",AMZN,100.64900207519531,100.80799865722656,99.42900085449219,99.66200256347656,86588000,0.0,0.0,No News,0.019307813394711104
"2018-09-28 00:00:00.000000",AMZN,100.1500015258789,101.32599639892578,99.822998046875,100.22049713134766,81702000,0.0,0.0,No News,-0.004957829079553111
"2018-10-01 00:00:00.000000",AMZN,100.21800231933594,101.65950012207031,100.18000030517578,101.09950256347656,69210000,0.0,0.0,No News,0.0006789894400496
"2018-10-02 00:00:00.000000",AMZN,98.56549835205078,100.66950225830078,98.28849792480469,99.99949645996094,108014000,0.0,0.0,No News,-0.016489093067526883
"2018-10-03 00:00:00.000000",AMZN,97.63800048828125,99.48500061035156,97.4905014038086,99.08499908447266,105062000,0.0,0.0,No News,-0.009409964736917797
"2018-10-04 00:00:00.000000",AMZN,95.47100067138672,97.80000305175781,94.82849884033203,97.44999694824219,145140000,0.0,0.0,No News,-0.02219422567092222
"2018-10-05 00:00:00.000000",AMZN,94.48249816894531,96.4540023803711,93.1415023803711,95.89949798583984,136446000,0.0,0.0,No News,-0.010353955604213816
"2018-10-08 00:00:00.000000",AMZN,93.22100067138672,95.0999984741211,91.53299713134766,93.69999694824219,147864000,0.0,0.0,No News,-0.013351652655319235
"2018-10-09 00:00:00.000000",AMZN,93.51599884033203,94.83399963378906,92.61599731445312,92.99949645996094,95458000,0.0,0.0,No News,0.003164503350325587
"2018-10-10 00:00:00.000000",AMZN,87.76249694824219,92.9280014038086,87.72049713134766,92.89450073242188,219778000,0.0,0.0,No News,-0.06152425214335033
"2018-10-11 00:00:00.000000",AMZN,85.96800231933594,87.7699966430664,84.25499725341797,86.19999694824219,278718000,0.0,0.0,No News,-0.020447169250033426
"2018-10-12 00:00:00.000000",AMZN,89.43049621582031,90.44750213623047,87.12650299072266,90.4000015258789,188892000,0.0,0.0,No News,0.04027654247009993
"2018-10-15 00:00:00.000000",AMZN,88.04750061035156,89.75250244140625,86.71150207519531,89.75,128744000,0.0,0.0,No News,-0.015464474245241777
"2018-10-16 00:00:00.000000",AMZN,90.99800109863281,91.19400024414062,88.07749938964844,89.17500305175781,117198000,0.0,0.0,No News,0.03351032644684038
"2018-10-17 00:00:00.000000",AMZN,91.58650207519531,92.25,90.3499984741211,92.1395034790039,105904000,0.0,0.0,No News,0.0064671857563620705
"2018-10-18 00:00:00.000000",AMZN,88.53600311279297,91.50749969482422,88.39350128173828,91.07450103759766,117480000,0.0,0.0,No News,-0.033307298491406456
"2018-10-19 00:00:00.000000",AMZN,88.20149993896484,90.45500183105469,87.6500015258789,89.25800323486328,118144000,0.0,0.0,No News,-0.0037781598679350603
"2018-10-22 00:00:00.000000",AMZN,89.46499633789062,90.4749984741211,87.80000305175781,89.19999694824219,90000000,0.0,0.0,No News,0.014325112382443717
"2018-10-23 00:00:00.000000",AMZN,88.43499755859375,88.81700134277344,85.69999694824219,87.11199951171875,134478000,0.0,0.0,No News,-0.011512868959461908
"2018-10-24 00:00:00.000000",AMZN,83.20999908447266,88.885498046875,82.8280029296875,88.68499755859375,138568000,0.0,0.0,No News,-0.059082926650834144
"2018-10-25 00:00:00.000000",AMZN,89.1084976196289,89.7405014038086,84.60050201416016,85.16699981689453,205714000,0.0,0.0,No News,0.07088689580645524
"2018-10-26 00:00:00.000000",AMZN,82.1405029296875,84.9229965209961,80.1500015258789,82.47949981689453,299276000,0.0,0.0,No News,-0.07819674751655215
"2018-10-29 00:00:00.000000",AMZN,76.94400024414062,83.28700256347656,74.75,83.0,277322000,0.0,0.0,No News,-0.06326358495753426
"2018-10-30 00:00:00.000000",AMZN,76.52100372314453,77.04949951171875,73.81800079345703,74.30799865722656,249202000,0.0,0.0,No News,-0.005497459446531794
"2018-10-31 00:00:00.000000",AMZN,79.90049743652344,81.19550323486328,78.25450134277344,78.49949645996094,187804000,0.0,0.0,No News,0.04416426273766638
"2018-11-01 00:00:00.000000",AMZN,83.27649688720703,83.52249908447266,79.9219970703125,81.17649841308594,162710000,0.0,0.0,No News,0.04225254609166407
"2018-11-02 00:00:00.000000",AMZN,83.27649688720703,84.87200164794922,82.59149932861328,83.92949676513672,139110000,0.0,0.0,No News,0.0
"2018-11-05 00:00:00.000000",AMZN,81.38999938964844,82.90450286865234,79.81800079345703,82.87850189208984,112494000,0.0,0.0,No News,-0.022653420449634698
"2018-11-06 00:00:00.000000",AMZN,82.1405029296875,83.25,80.72750091552734,80.9175033569336,85148000,0.0,0.0,No News,0.00922107808904249
"2018-11-07 00:00:00.000000",AMZN,87.77449798583984,87.96150207519531,83.2040023803711,83.6500015258789,163844000,0.0,0.0,No News,0.06858973168176319
"2018-11-08 00:00:00.000000",AMZN,87.74549865722656,89.19999694824219,86.25550079345703,87.75,130698000,0.0,0.0,No News,-0.0003303844428476
"2018-11-09 00:00:00.000000",AMZN,85.62149810791016,87.19599914550781,85.09349822998047,86.625,118044000,0.0,0.0,No News,-0.024206376188181555
"2018-11-12 00:00:00.000000",AMZN,81.84249877929688,85.42749786376953,81.50050354003906,84.91200256347656,136124000,0.0,0.0,No News,-0.04413610380713673
"2018-11-13 00:00:00.000000",AMZN,81.55850219726562,83.85299682617188,80.6875,82.4645004272461,118666000,0.0,0.0,No News,-0.003470038015299326
"2018-11-14 00:00:00.000000",AMZN,79.95050048828125,83.6500015258789,79.85350036621094,82.81600189208984,129738000,0.0,0.0,No News,-0.019715929862163195
"2018-11-15 00:00:00.000000",AMZN,80.97200012207031,81.24099731445312,77.32550048828125,79.05049896240234,168546000,0.0,0.0,No News,0.012776650897123432
"2018-11-16 00:00:00.000000",AMZN,79.67050170898438,80.7239990234375,78.65599822998047,79.375,121322000,0.0,0.0,No News,-0.016073437868940443
"2018-11-19 00:00:00.000000",AMZN,75.614501953125,79.05950164794922,75.16799926757812,78.85050201416016,155800000,0.0,0.0,No News,-0.05090968010562913
"2018-11-20 00:00:00.000000",AMZN,74.77300262451172,76.73750305175781,71.0,71.875,217576000,0.0,0.0,No News,-0.011128808718927297
"2018-11-21 00:00:00.000000",AMZN,75.83650207519531,77.5,75.75,77.14949798583984,114336000,0.0,0.0,No News,0.014223040580892299
"2018-11-23 00:00:00.000000",AMZN,75.10299682617188,76.80999755859375,75.09049987792969,75.8499984741211,54152000,0.0,0.0,No News,-0.009672192531983259
"2018-11-26 00:00:00.000000",AMZN,79.06649780273438,79.2405014038086,76.21099853515625,76.94999694824219,125154000,0.0,0.0,No News,0.052774205345442304
"2018-11-27 00:00:00.000000",AMZN,79.07099914550781,79.88249969482422,77.90049743652344,78.79949951171875,115664000,0.0,0.0,No News,0.0000569311010166
"2018-11-28 00:00:00.000000",AMZN,83.88749694824219,84.07250213623047,80.06099700927734,80.69599914550781,169174000,0.0,0.0,No News,0.06091358215761211
"2018-11-29 00:00:00.000000",AMZN,83.67849731445312,84.49949645996094,82.61650085449219,83.74949645996094,132264000,0.0,0.0,No News,-0.0024914277024860043
"2018-11-30 00:00:00.000000",AMZN,84.50849914550781,84.80000305175781,83.32499694824219,83.9749984741211,115236000,0.0,0.0,No News,0.009918938050902604
"2018-12-03 00:00:00.000000",AMZN,88.61799621582031,88.91699981689453,86.5,88.4729995727539,137246000,0.0,0.0,No News,0.04862821032044029
"2018-12-04 00:00:00.000000",AMZN,83.41999816894531,88.51699829101562,83.25,87.80000305175781,173890000,0.0,0.0,No News,-0.05865623540184539
"2018-12-06 00:00:00.000000",AMZN,84.95950317382812,85.05249786376953,80.49250030517578,80.74349975585938,175788000,0.0,0.0,No News,0.0184548674019982
"2018-12-07 00:00:00.000000",AMZN,81.45649719238281,85.94650268554688,81.27300262451172,85.25350189208984,151522000,0.0,0.0,No News,-0.041231479123390424
"2018-12-10 00:00:00.000000",AMZN,82.05149841308594,82.89949798583984,79.54350280761719,81.19200134277344,149896000,0.0,0.0,No News,0.007304527462037358
"2018-12-11 00:00:00.000000",AMZN,82.16200256347656,83.97350311279297,80.9800033569336,83.9000015258789,124894000,0.0,0.0,No News,0.0013467657815862122
"2018-12-12 00:00:00.000000",AMZN,83.177001953125,85.24949645996094,83.01349639892578,83.44999694824219,131960000,0.0,0.0,No News,0.01235363498916997
"2018-12-13 00:00:00.000000",AMZN,82.91899871826172,84.60600280761719,82.07499694824219,84.0,105426000,0.0,0.0,No News,-0.0031018578309504052
"2018-12-14 00:00:00.000000",AMZN,79.59549713134766,82.12850189208984,79.25,81.9000015258789,127344000,0.0,0.0,No News,-0.04008130390245668
"2018-12-17 00:00:00.000000",AMZN,76.04550170898438,78.80650329589844,75.25050354003906,78.30000305175781,176596000,0.0,0.0,No News,-0.04460045543160707
"2018-12-18 00:00:00.000000",AMZN,77.5739974975586,78.37750244140625,76.15049743652344,77.0,130460000,0.0,0.0,No News,0.020099752835132323
"2018-12-19 00:00:00.000000",AMZN,74.75399780273438,79.22650146484375,74.15899658203125,77.15249633789062,175844000,0.0,0.0,No News,-0.03635238334743507
"2018-12-20 00:00:00.000000",AMZN,73.04149627685547,75.4749984741211,71.6344985961914,74.19999694824219,199836000,0.0,0.0,No News,-0.022908494210543306
"2018-12-21 00:00:00.000000",AMZN,68.87249755859375,74.0,68.197998046875,73.24949645996094,272806000,0.0,0.0,No News,-0.0570771264386426
"2018-12-24 00:00:00.000000",AMZN,67.197998046875,69.80149841308594,65.3499984741211,67.30000305175781,144400000,0.0,0.0,No News,-0.024313035987901577
"2018-12-26 00:00:00.000000",AMZN,73.54499816894531,73.65799713134766,68.15049743652344,68.44450378417969,208236000,0.0,0.0,No News,0.09445222040160872
"2018-12-27 00:00:00.000000",AMZN,73.08200073242188,73.44999694824219,69.5155029296875,72.70999908447266,194440000,0.0,0.0,No News,-0.006295430662189294
"2018-12-28 00:00:00.000000",AMZN,73.9010009765625,75.67350006103516,72.44999694824219,73.6675033569336,176580000,0.0,0.0,No News,0.011206593086295902
"2018-12-31 00:00:00.000000",AMZN,75.09850311279297,76.03800201416016,74.3499984741211,75.54000091552734,139090000,0.0,0.0,No News,0.016204139597652434
"2019-01-02 00:00:00.000000",AMZN,76.95649719238281,77.66799926757812,73.04650115966797,73.26000213623047,159662000,0.0,0.0,No News,0.024740760502233394
"2019-01-03 00:00:00.000000",AMZN,75.01399993896484,76.9000015258789,74.85549926757812,76.00050354003906,139512000,0.0,0.0,No News,-0.025241497784936007
"2019-01-04 00:00:00.000000",AMZN,78.76950073242188,79.69999694824219,75.91549682617188,76.5,183652000,0.0,0.0,No News,0.05006399867375011
"2019-01-07 00:00:00.000000",AMZN,81.47550201416016,81.72799682617188,79.45950317382812,80.1155014038086,159864000,0.0,0.0,No News,0.03435341415874271
"2019-01-08 00:00:00.000000",AMZN,82.8290023803711,83.83049774169922,80.83049774169922,83.2344970703125,177628000,0.0,0.0,No News,0.01661235994563981
"2019-01-09 00:00:00.000000",AMZN,82.97100067138672,83.38999938964844,82.06999969482422,82.64900207519531,126976000,0.0,0.0,No News,0.0017143547179709895
"2019-01-10 00:00:00.000000",AMZN,82.81099700927734,83.1624984741211,81.08100128173828,82.05049896240234,130154000,0.0,0.0,No News,-0.0019284287379283116
"2019-01-11 00:00:00.000000",AMZN,82.02799987792969,83.0145034790039,81.81099700927734,82.02749633789062,93724000,0.0,0.0,No News,-0.009455231305329326
"2019-01-14 00:00:00.000000",AMZN,80.8604965209961,82.41000366210938,79.75749969482422,80.75,120118000,0.0,0.0,No News,-0.014232985793521946
"2019-01-15 00:00:00.000000",AMZN,83.72799682617188,83.75800323486328,81.30049896240234,81.5999984741211,119970000,0.0,0.0,No News,0.035462313843586335
"2019-01-16 00:00:00.000000",AMZN,84.18900299072266,85.25,83.79399871826172,84.21099853515625,127338000,0.0,0.0,No News,0.005505997778829874
"2019-01-17 00:00:00.000000",AMZN,84.66100311279297,85.00849914550781,83.875,84.0,84178000,0.0,0.0,No News,0.005606434395265758
"2019-01-18 00:00:00.000000",AMZN,84.80999755859375,85.80999755859375,84.5770034790039,85.5999984741211,120410000,0.0,0.0,No News,0.0017598946424279838
"2019-01-22 00:00:00.000000",AMZN,81.6084976196289,84.09349822998047,80.51000213623047,84.05000305175781,128336000,0.0,0.0,No News,-0.03774908655967102
"2019-01-23 00:00:00.000000",AMZN,82.0009994506836,82.87149810791016,80.5999984741211,82.80000305175781,104504000,0.0,0.0,No News,0.004809570602366753
"2019-01-24 00:00:00.000000",AMZN,82.74649810791016,82.86299896240234,81.58899688720703,82.05349731445312,81798000,0.0,0.0,No News,0.009091336230296898
"2019-01-25 00:00:00.000000",AMZN,83.52850341796875,84.17400360107422,83.08049774169922,83.5250015258789,98918000,0.0,0.0,No News,0.009450615167288179
"2019-01-28 00:00:00.000000",AMZN,81.89450073242188,82.25,80.70449829101562,82.17949676513672,96754000,0.0,0.0,No News,-0.019562216712664893
"2019-01-29 00:00:00.000000",AMZN,79.69400024414062,81.61900329589844,79.53600311279297,81.5634994506836,92656000,0.0,0.0,No News,-0.02686994204251958
"2019-01-30 00:00:00.000000",AMZN,83.52149963378906,83.84750366210938,80.98400115966797,81.1500015258789,115676000,0.0,0.0,No News,0.04802744720961405
"2019-01-31 00:00:00.000000",AMZN,85.9365005493164,86.82050323486328,83.9540023803711,84.64250183105469,218206000,0.0,0.0,No News,0.02891472167185971
"2019-02-01 00:00:00.000000",AMZN,81.3115005493164,83.65299987792969,81.10050201416016,81.94400024414062,230124000,0.0,0.0,No News,-0.05381880772938674
"2019-02-04 00:00:00.000000",AMZN,81.66549682617188,82.48149871826172,80.67500305175781,81.1500015258789,98582000,0.0,0.0,No News,0.004353581897566405
"2019-02-05 00:00:00.000000",AMZN,82.94049835205078,83.26300048828125,82.125,82.16699981689453,89062000,0.0,0.0,No News,0.015612487224473615
"2019-02-06 00:00:00.000000",AMZN,82.01300048828125,83.61299896240234,81.66699981689453,83.5374984741211,78798000,0.0,0.0,No News,-0.011182689786027766
"2019-02-07 00:00:00.000000",AMZN,80.71849822998047,81.2770004272461,79.64550018310547,81.25,92532000,0.0,0.0,No News,-0.015784110453143985
"2019-02-08 00:00:00.000000",AMZN,79.41100311279297,79.42949676513672,78.33799743652344,79.30000305175781,113150000,0.0,0.0,No News,-0.016198209157239574
"2019-02-11 00:00:00.000000",AMZN,79.55000305175781,80.4645004272461,79.30000305175781,80.04900360107422,66346000,0.0,0.0,No News,0.0017503863887402549
"2019-02-12 00:00:00.000000",AMZN,81.90049743652344,81.97000122070312,79.94400024414062,80.19999694824219,97172000,0.0,0.0,No News,0.029547382710171766
"2019-02-13 00:00:00.000000",AMZN,82.0,82.81900024414062,81.85549926757812,82.3499984741211,71206000,0.0,0.0,No News,0.001214920135908626
"2019-02-14 00:00:00.000000",AMZN,81.13249969482422,81.8949966430664,80.3030014038086,81.2249984741211,82410000,0.0,0.0,No News,-0.010579272014338836
"2019-02-15 00:00:00.000000",AMZN,80.39749908447266,81.44550323486328,80.2249984741211,81.39299774169922,86878000,0.0,0.0,No News,-0.009059262479477748
"2019-02-19 00:00:00.000000",AMZN,81.37899780273438,81.69999694824219,80.02799987792969,80.05000305175781,73634000,0.0,0.0,No News,0.012208075244112715
"2019-02-20 00:00:00.000000",AMZN,81.1050033569336,81.74649810791016,80.50599670410156,81.5,66752000,0.0,0.0,No News,-0.0033668938325457365
"2019-02-21 00:00:00.000000",AMZN,80.97200012207031,81.1780014038086,80.04550170898438,80.99250030517578,69668000,0.0,0.0,No News,-0.0016398893947140447
"2019-02-22 00:00:00.000000",AMZN,81.5780029296875,81.74700164794922,81.05850219726562,81.17500305175781,61924000,0.0,0.0,No News,0.0074841032295558385
"2019-02-25 00:00:00.000000",AMZN,81.6500015258789,82.7300033569336,81.51950073242188,82.07250213623047,63690000,0.0,0.0,No News,0.0008825736547322
"2019-02-26 00:00:00.000000",AMZN,81.81999969482422,81.99949645996094,80.80650329589844,81.29900360107422,53316000,0.0,0.0,No News,0.00208203509820426
"2019-02-27 00:00:00.000000",AMZN,82.05449676513672,82.09049987792969,80.75499725341797,81.40899658203125,62976000,0.0,0.0,No News,0.0028660116253622636
"2019-02-28 00:00:00.000000",AMZN,81.99150085449219,82.5885009765625,81.69149780273438,81.76249694824219,60518000,0.0,0.0,No News,-0.0007677325817358
"2019-03-01 00:00:00.000000",AMZN,83.58650207519531,83.71299743652344,82.55000305175781,82.75650024414062,99498000,0.0,0.0,No News,0.019453250691601864
"2019-03-04 00:00:00.000000",AMZN,84.80850219726562,85.47149658203125,83.71800231933594,84.25,123348000,0.0,0.0,No News,0.014619586796095208
"2019-03-05 00:00:00.000000",AMZN,84.62149810791016,85.38999938964844,84.45050048828125,85.14749908447266,73630000,0.0,0.0,No News,-0.0022050158240090045
"2019-03-06 00:00:00.000000",AMZN,83.44750213623047,84.88749694824219,83.41400146484375,84.79850006103516,79920000,0.0,0.0,No News,-0.013873495481994347
"2019-03-07 00:00:00.000000",AMZN,81.29750061035156,83.48750305175781,81.02549743652344,83.36849975585938,99140000,0.0,0.0,No News,-0.02576471998369667
"2019-03-08 00:00:00.000000",AMZN,81.04000091552734,81.13600158691406,79.32849884033203,80.20050048828125,93340000,0.0,0.0,No News,-0.0031673752931026256
"2019-03-11 00:00:00.000000",AMZN,83.53099822998047,83.614501953125,81.30049896240234,81.30599975585938,77528000,0.0,0.0,No News,0.030737873720530162
"2019-03-12 00:00:00.000000",AMZN,83.65499877929688,84.2135009765625,83.04900360107422,83.44999694824219,72290000,0.0,0.0,No News,0.0014844854239022265
"2019-03-13 00:00:00.000000",AMZN,84.54049682617188,85.0,83.96749877929688,84.1500015258789,71040000,0.0,0.0,No News,0.010585118161452245
"2019-03-14 00:00:00.000000",AMZN,84.31099700927734,85.0999984741211,84.21700286865234,84.55999755859375,58932000,0.0,0.0,No News,-0.002714673150861824
"2019-03-15 00:00:00.000000",AMZN,85.61799621582031,85.94000244140625,84.65650177001953,85.1500015258789,151018000,0.0,0.0,No News,0.015502120161135613
"2019-03-18 00:00:00.000000",AMZN,87.10749816894531,87.5,85.63150024414062,85.63500213623047,108582000,0.0,0.0,No News,0.017397066258948213
"2019-03-19 00:00:00.000000",AMZN,88.09249877929688,89.20800018310547,87.67549896240234,87.67549896240234,127284000,0.0,0.0,No News,0.011307873960989534
"2019-03-20 00:00:00.000000",AMZN,89.8635025024414,89.9749984741211,88.35150146484375,88.49700164794922,125312000,0.0,0.0,No News,0.02010391063581385
"2019-03-21 00:00:00.000000",AMZN,90.96299743652344,91.1875,89.36399841308594,89.81300354003906,115356000,0.0,0.0,No News,0.012235166707998735
"2019-03-22 00:00:00.000000",AMZN,88.2385025024414,90.9489974975586,88.15550231933594,90.50849914550781,127260000,0.0,0.0,No News,-0.029951683771010984
"2019-03-25 00:00:00.000000",AMZN,88.71299743652344,89.13400268554688,87.375,87.8895034790039,102076000,0.0,0.0,No News,0.005377413721055602
"2019-03-26 00:00:00.000000",AMZN,89.18800354003906,90.28849792480469,88.66799926757812,89.6500015258789,97318000,0.0,0.0,No News,0.0053544138654035844
"2019-03-27 00:00:00.000000",AMZN,88.28500366210938,89.375,87.28399658203125,89.20649719238281,86496000,0.0,0.0,No News,-0.01012467867973188
"2019-03-28 00:00:00.000000",AMZN,88.6709976196289,88.89649963378906,87.67350006103516,88.5,60860000,0.0,0.0,No News,0.00437213503435796
"2019-03-29 00:00:00.000000",AMZN,89.0374984741211,89.64299774169922,88.83149719238281,89.3290023803711,66416000,0.0,0.0,No News,0.004133266392968293
"2019-04-01 00:00:00.000000",AMZN,90.70950317382812,90.78350067138672,89.9365005493164,90.00550079345703,84776000,0.0,0.0,No News,0.018778657625842854
"2019-04-02 00:00:00.000000",AMZN,90.6989974975586,91.0,90.25599670410156,90.5510025024414,68962000,0.0,0.0,No News,-0.0001158167105093
"2019-04-03 00:00:00.000000",AMZN,91.03500366210938,91.5,90.48100280761719,91.33599853515625,78522000,0.0,0.0,No News,0.003704629310371743
"2019-04-04 00:00:00.000000",AMZN,90.94300079345703,91.4375,90.20999908447266,91.03250122070312,72478000,0.0,0.0,No News,-0.0010106317894359451
"2019-04-05 00:00:00.000000",AMZN,91.86399841308594,91.92900085449219,91.2594985961914,91.44999694824219,72810000,0.0,0.0,No News,0.010127196283313822
"2019-04-08 00:00:00.000000",AMZN,92.49299621582031,92.51000213623047,91.25550079345703,91.6614990234375,75056000,0.0,0.0,No News,0.0068470544892456076
"2019-04-09 00:00:00.000000",AMZN,91.79199981689453,92.65450286865234,91.58899688720703,92.27449798583984,74288000,0.0,0.0,No News,-0.007578913297284662
"2019-04-10 00:00:00.000000",AMZN,92.36650085449219,92.4000015258789,91.44049835205078,92.05000305175781,59280000,0.0,0.0,No News,0.006258726672734749
"2019-04-11 00:00:00.000000",AMZN,92.20349884033203,92.49749755859375,92.0155029296875,92.43499755859375,53096000,0.0,0.0,No News,-0.001764730856449126
"2019-04-12 00:00:00.000000",AMZN,92.15299987792969,92.57499694824219,92.06500244140625,92.41999816894531,62288000,0.0,0.0,No News,-0.0005476903050045
"2019-04-15 00:00:00.000000",AMZN,92.24349975585938,92.34249877929688,90.94499969482422,92.0999984741211,74488000,0.0,0.0,No News,0.000982061116291
"2019-04-16 00:00:00.000000",AMZN,93.1520004272461,93.4885025024414,92.4000015258789,92.56749725341797,60892000,0.0,0.0,No News,0.009848939749589336
"2019-04-17 00:00:00.000000",AMZN,93.24099731445312,93.82350158691406,93.02200317382812,93.64949798583984,57870000,0.0,0.0,No News,0.0009553942674214
"2019-04-18 00:00:00.000000",AMZN,93.08450317382812,93.54100036621094,92.9739990234375,93.43949890136719,54998000,0.0,0.0,No News,-0.001678383384266291
"2019-04-22 00:00:00.000000",AMZN,94.3655014038086,94.4209976196289,92.28199768066406,92.7699966430664,67476000,0.0,0.0,No News,0.01376167016316665
"2019-04-23 00:00:00.000000",AMZN,96.1884994506836,96.46299743652344,94.47899627685547,94.55999755859375,92808000,0.0,0.0,No News,0.019318479950358514
"2019-04-24 00:00:00.000000",AMZN,95.0875015258789,96.4844970703125,94.90799713134766,96.25,73516000,0.0,0.0,No News,-0.01144625325368731
"2019-04-25 00:00:00.000000",AMZN,95.11250305175781,96.12249755859375,95.0155029296875,95.8499984741211,121982000,0.0,0.0,No News,0.0002629317783904
"2019-04-26 00:00:00.000000",AMZN,97.53150177001953,97.55000305175781,94.9000015258789,96.44999694824219,168652000,0.0,0.0,No News,0.02543302552920257
"2019-04-29 00:00:00.000000",AMZN,96.92150115966797,97.81700134277344,96.70449829101562,97.44999694824219,80426000,0.0,0.0,No News,-0.006254395751948416
"2019-04-30 00:00:00.000000",AMZN,96.32599639892578,96.7854995727539,95.34750366210938,96.50499725341797,70120000,0.0,0.0,No News,-0.006144196629405907
"2019-05-01 00:00:00.000000",AMZN,95.57599639892578,97.18199920654297,95.52749633789062,96.65450286865234,62340000,0.0,0.0,No News,-0.007786060129541195
"2019-05-02 00:00:00.000000",AMZN,95.04100036621094,96.07749938964844,94.09349822998047,95.66649627685547,79258000,0.0,0.0,No News,-0.005597598276473326
"2019-05-03 00:00:00.000000",AMZN,98.12300109863281,98.22000122070312,96.80000305175781,97.44999694824219,127632000,0.0,0.0,No News,0.03242811755501673
"2019-05-06 00:00:00.000000",AMZN,97.52749633789062,97.94999694824219,95.5250015258789,95.89900207519531,108356000,0.0,0.0,No News,-0.006068961956673058
"2019-05-07 00:00:00.000000",AMZN,96.05000305175781,97.45500183105469,95.16899871826172,96.99949645996094,118042000,0.0,0.0,No News,-0.015149504925400126
"2019-05-08 00:00:00.000000",AMZN,95.88849639892578,96.76850128173828,95.5,95.94349670410156,81572000,0.0,0.0,No News,-0.0016814851400369646
"2019-05-09 00:00:00.000000",AMZN,94.99349975585938,95.47000122070312,93.80000305175781,95.0,106166000,0.0,0.0,No News,-0.009333722778829934
"2019-05-10 00:00:00.000000",AMZN,94.4990005493164,95.18949890136719,92.80000305175781,94.9000015258789,114360000,0.0,0.0,No News,-0.005205610992477072
"2019-05-13 00:00:00.000000",AMZN,91.13400268554688,92.3270034790039,90.9000015258789,91.8280029296875,115668000,0.0,0.0,No News,-0.035608819608768605
"2019-05-14 00:00:00.000000",AMZN,92.00599670410156,92.62200164794922,90.7874984741211,91.9749984741211,92582000,0.0,0.0,No News,0.009568262041155462
"2019-05-15 00:00:00.000000",AMZN,93.55750274658203,93.72149658203125,91.1500015258789,91.39749908447266,93852000,0.0,0.0,No News,0.01686309695084587
"2019-05-16 00:00:00.000000",AMZN,95.37850189208984,95.87550354003906,94.114501953125,94.2969970703125,94156000,0.0,0.0,No News,0.01946395630546416
"2019-05-17 00:00:00.000000",AMZN,93.44999694824219,95.52649688720703,93.36650085449219,94.65249633789062,94732000,0.0,0.0,No News,-0.020219492921261684
"2019-05-20 00:00:00.000000",AMZN,92.94850158691406,93.38899993896484,91.7770004272461,92.6344985961914,75964000,0.0,0.0,No News,-0.005366456690264809
"2019-05-21 00:00:00.000000",AMZN,92.8759994506836,93.94999694824219,92.30000305175781,93.739501953125,80102000,0.0,0.0,No News,-0.0007800247985996
"2019-05-22 00:00:00.000000",AMZN,92.98400115966797,93.57450103759766,92.55000305175781,92.58899688720703,58732000,0.0,0.0,No News,0.0011628591845380676
"2019-05-23 00:00:00.000000",AMZN,90.77400207519531,92.19999694824219,90.20999908447266,91.82949829101562,88486000,0.0,0.0,No News,-0.02376751975512159
"2019-05-24 00:00:00.000000",AMZN,91.16400146484375,92.08799743652344,90.89250183105469,91.79450225830078,67394000,0.0,0.0,No News,0.004296377605180091
"2019-05-28 00:00:00.000000",AMZN,91.82150268554688,92.4635009765625,91.36750030517578,91.63749694824219,64000000,0.0,0.0,No News,0.007212290050219838
"2019-05-29 00:00:00.000000",AMZN,90.95950317382812,91.5,90.37650299072266,91.15599822998047,85580000,0.0,0.0,No News,-0.009387773958249856
"2019-05-30 00:00:00.000000",AMZN,90.81600189208984,91.47350311279297,90.3915023803711,91.27449798583984,62938000,0.0,0.0,No News,-0.001577639243082074
"2019-05-31 00:00:00.000000",AMZN,88.75350189208984,89.77950286865234,88.63500213623047,89.50050354003906,92376000,0.0,0.0,No News,-0.022710755340790256
"2019-06-03 00:00:00.000000",AMZN,84.6344985961914,88.31449890136719,83.5999984741211,88.00050354003906,181974000,0.0,0.0,No News,-0.04640947352034053
"2019-06-04 00:00:00.000000",AMZN,86.47799682617188,86.54100036621094,84.04450225830078,84.96199798583984,113582000,0.0,0.0,No News,0.02178187690076805
"2019-06-05 00:00:00.000000",AMZN,86.92500305175781,87.5999984741211,85.76249694824219,87.4800033569336,84796000,0.0,0.0,No News,0.005169016882808464
"2019-06-06 00:00:00.000000",AMZN,87.71800231933594,88.0,86.30650329589844,86.885498046875,73786000,0.0,0.0,No News,0.009122798271355315
"2019-06-07 00:00:00.000000",AMZN,90.20149993896484,90.3125,87.97450256347656,88.18499755859375,96164000,0.0,0.0,No News,0.02831229113708922
"2019-06-10 00:00:00.000000",AMZN,93.03150177001953,94.24349975585938,90.9000015258789,91.0999984741211,107420000,0.0,0.0,No News,0.03137422141504986
"2019-06-11 00:00:00.000000",AMZN,93.18499755859375,94.68499755859375,92.9000015258789,94.1624984741211,80854000,0.0,0.0,No News,0.001649933470424525
"2019-06-12 00:00:00.000000",AMZN,92.76599884033203,93.25,92.21900177001953,92.6989974975586,53566000,0.0,0.0,No News,-0.004496418192190821
"2019-06-13 00:00:00.000000",AMZN,93.51499938964844,94.15450286865234,93.11100006103516,93.33599853515625,55916000,0.0,0.0,No News,0.008074084887562893
"2019-06-14 00:00:00.000000",AMZN,93.4834976196289,93.80000305175781,92.94999694824219,93.19999694824219,57024000,0.0,0.0,No News,-0.0003368632863726
"2019-06-17 00:00:00.000000",AMZN,94.30149841308594,94.78450012207031,93.77249908447266,93.82499694824219,52686000,0.0,0.0,No News,0.008750215966301989
"2019-06-18 00:00:00.000000",AMZN,95.06849670410156,96.08350372314453,94.989501953125,95.06749725341797,77914000,0.0,0.0,No News,0.008133468756305495
"2019-06-19 00:00:00.000000",AMZN,95.43949890136719,95.97899627685547,94.62349700927734,95.39199829101562,57906000,0.0,0.0,No News,0.0039024725343070887
"2019-06-20 00:00:00.000000",AMZN,95.90950012207031,96.76000213623047,95.29000091552734,96.66649627685547,64344000,0.0,0.0,No News,0.004924598579345574
"2019-06-21 00:00:00.000000",AMZN,95.56500244140625,96.29750061035156,95.37899780273438,95.80500030517578,78672000,0.0,0.0,No News,-0.0035919036198248655
"2019-06-24 00:00:00.000000",AMZN,95.69499969482422,95.84300231933594,95.06500244140625,95.63300323486328,45660000,0.0,0.0,No News,0.0013603018897809793
"2019-06-25 00:00:00.000000",AMZN,93.91349792480469,95.81950378417969,93.62100219726562,95.59200286865234,60246000,0.0,0.0,No News,-0.01861645619625707
"2019-06-26 00:00:00.000000",AMZN,94.8915023803711,95.19000244140625,94.36599731445312,94.6240005493164,48838000,0.0,0.0,No News,0.010413885939478895
"2019-06-27 00:00:00.000000",AMZN,95.21399688720703,95.56199645996094,94.9020004272461,95.0999984741211,42834000,0.0,0.0,No News,0.0033985604479442877
"2019-06-28 00:00:00.000000",AMZN,94.68150329589844,95.64700317382812,94.19999694824219,95.45500183105469,60748000,0.0,0.0,No News,-0.005592597818778633
"2019-07-01 00:00:00.000000",AMZN,96.1094970703125,96.49099731445312,95.73300170898438,96.14900207519531,63842000,0.0,0.0,No News,0.015082077541072714
"2019-07-02 00:00:00.000000",AMZN,96.71549987792969,96.739501953125,95.33149719238281,95.96900177001953,52918000,0.0,0.0,No News,0.006305337412949363
"2019-07-03 00:00:00.000000",AMZN,96.94999694824219,97.07949829101562,96.5250015258789,96.79450225830078,33806000,0.0,0.0,No News,0.0024246069203848197
"2019-07-05 00:00:00.000000",AMZN,97.14550018310547,97.29499816894531,96.26499938964844,96.43000030517578,52568000,0.0,0.0,No News,0.002016536782024403
"2019-07-08 00:00:00.000000",AMZN,97.61599731445312,97.80000305175781,96.4124984741211,96.70600128173828,57668000,0.0,0.0,No News,0.004843221049465329
"2019-07-09 00:00:00.000000",AMZN,99.41500091552734,99.50050354003906,97.17400360107422,97.38999938964844,86914000,0.0,0.0,No News,0.018429393240526393
"2019-07-10 00:00:00.000000",AMZN,100.87049865722656,101.24700164794922,99.7699966430664,99.82550048828125,98638000,0.0,0.0,No News,0.014640624938845548
"2019-07-11 00:00:00.000000",AMZN,100.05349731445312,101.79000091552734,99.76499938964844,101.28099822998047,86356000,0.0,0.0,No News,-0.008099507325226352
"2019-07-12 00:00:00.000000",AMZN,100.55000305175781,100.8499984741211,100.19349670410156,100.41349792480469,50186000,0.0,0.0,No News,0.0049624026209122984
"2019-07-15 00:00:00.000000",AMZN,101.04949951171875,101.1449966430664,100.07749938964844,101.06999969482422,59626000,0.0,0.0,No News,0.004967642414728024
"2019-07-16 00:00:00.000000",AMZN,100.49500274658203,101.31600189208984,100.06099700927734,100.52899932861328,52364000,0.0,0.0,No News,-0.0054873776497271765
"2019-07-17 00:00:00.000000",AMZN,99.60150146484375,100.5999984741211,99.60150146484375,100.35250091552734,51176000,0.0,0.0,No News,-0.008891002112726198
"2019-07-18 00:00:00.000000",AMZN,98.8949966430664,99.375,97.57749938964844,99.00050354003906,69738000,0.0,0.0,No News,-0.007093314974038978
"2019-07-19 00:00:00.000000",AMZN,98.22599792480469,99.80000305175781,98.11150360107422,99.56050109863281,63712000,0.0,0.0,No News,-0.006764737761974726
"2019-07-22 00:00:00.000000",AMZN,99.28150177001953,99.44999694824219,97.91300201416016,98.55699920654297,58000000,0.0,0.0,No News,0.010745666804249376
"2019-07-23 00:00:00.000000",AMZN,99.72450256347656,99.8895034790039,98.65650177001953,99.79949951171875,54070000,0.0,0.0,No News,0.004462067812825987
"2019-07-24 00:00:00.000000",AMZN,100.04049682617188,100.06500244140625,98.29350280761719,98.46499633789062,52626000,0.0,0.0,No News,0.003168672237739978
"2019-07-25 00:00:00.000000",AMZN,98.69100189208984,100.05999755859375,98.63600158691406,100.05000305175781,82730000,0.0,0.0,No News,-0.013489486526910066
"2019-07-26 00:00:00.000000",AMZN,97.15249633789062,97.54499816894531,96.22550201416016,97.0999984741211,98542000,0.0,0.0,No News,-0.015589116785757695
"2019-07-29 00:00:00.000000",AMZN,95.62249755859375,96.61150360107422,94.5270004272461,96.5,89864000,0.0,0.0,No News,-0.015748424764873037
"2019-07-30 00:00:00.000000",AMZN,94.92649841308594,95.49449920654297,94.17400360107422,94.55599975585938,58218000,0.0,0.0,No News,-0.007278612913047322
"2019-07-31 00:00:00.000000",AMZN,93.33899688720703,94.97750091552734,92.47200012207031,94.90550231933594,89414000,0.0,0.0,No News,-0.01672348135049362
"2019-08-01 00:00:00.000000",AMZN,92.76599884033203,94.89600372314453,92.20050048828125,93.58599853515625,94266000,0.0,0.0,No News,-0.006138892274227259
"2019-08-02 00:00:00.000000",AMZN,91.16200256347656,92.31800079345703,90.4010009765625,92.25350189208984,99124000,0.0,0.0,No News,-0.01729077783786115
"2019-08-05 00:00:00.000000",AMZN,88.25650024414062,89.43350219726562,87.43900299072266,88.51100158691406,121164000,0.0,0.0,No News,-0.03187185710749196
"2019-08-06 00:00:00.000000",AMZN,89.3915023803711,89.6884994506836,87.66999816894531,89.61150360107422,101406000,0.0,0.0,No News,0.01286026675758456
"2019-08-07 00:00:00.000000",AMZN,89.66999816894531,89.94650268554688,87.8499984741211,88.69950103759766,90538000,0.0,0.0,No News,0.0031154615501278737
"2019-08-08 00:00:00.000000",AMZN,91.64450073242188,91.71299743652344,89.90550231933594,90.30000305175781,74024000,0.0,0.0,No News,0.022019656560675394
"2019-08-09 00:00:00.000000",AMZN,90.37899780273438,91.55449676513672,90.11100006103516,91.44750213623047,57596000,0.0,0.0,No News,-0.013808825620453047
"2019-08-12 00:00:00.000000",AMZN,89.24600219726562,90.04900360107422,88.8499984741211,89.79949951171875,58110000,0.0,0.0,No News,-0.0125360496687702
"2019-08-13 00:00:00.000000",AMZN,91.21700286865234,91.58699798583984,89.0,89.1500015258789,79880000,0.0,0.0,No News,0.022085030397553274
"2019-08-14 00:00:00.000000",AMZN,88.14800262451172,89.78250122070312,87.86100006103516,89.65049743652344,97872000,0.0,0.0,No News,-0.033645045853565536
"2019-08-15 00:00:00.000000",AMZN,88.80599975585938,89.4000015258789,88.0979995727539,89.09950256347656,75182000,0.0,0.0,No News,0.007464685662255555
"2019-08-16 00:00:00.000000",AMZN,89.62850189208984,90.14550018310547,89.22750091552734,89.64450073242188,60360000,0.0,0.0,No News,0.009261785673171152
"2019-08-19 00:00:00.000000",AMZN,90.80599975585938,91.30000305175781,90.63050079345703,90.90399932861328,56326000,0.0,0.0,No News,0.013137538159314621
"2019-08-20 00:00:00.000000",AMZN,90.06900024414062,90.84100341796875,89.99400329589844,90.7249984741211,38590000,0.0,0.0,No News,-0.008116198419710674
"2019-08-21 00:00:00.000000",AMZN,91.177001953125,91.47899627685547,90.75,90.96949768066406,40636000,0.0,0.0,No News,0.012301698764070057
"2019-08-22 00:00:00.000000",AMZN,90.23300170898438,91.47049713134766,90.00499725341797,91.4000015258789,53070000,0.0,0.0,No News,-0.010353490725939274
"2019-08-23 00:00:00.000000",AMZN,87.48100280761719,90.24500274658203,87.2614974975586,89.65149688720703,105416000,0.0,0.0,No News,-0.030498806969126657
"2019-08-26 00:00:00.000000",AMZN,88.44349670410156,88.5,87.17549896240234,88.34549713134766,61600000,0.0,0.0,No News,0.011002318967479496
"2019-08-27 00:00:00.000000",AMZN,88.09149932861328,88.97000122070312,87.33399963378906,88.7864990234375,60394000,0.0,0.0,No News,-0.003979912470737479
"2019-08-28 00:00:00.000000",AMZN,88.2125015258789,88.39299774169922,87.20249938964844,87.75,48394000,0.0,0.0,No News,0.0013735967509673763
"2019-08-29 00:00:00.000000",AMZN,89.31999969482422,89.92749786376953,88.86250305175781,89.1500015258789,60302000,0.0,0.0,No News,0.012554889043934425
"2019-08-30 00:00:00.000000",AMZN,88.81449890136719,89.98699951171875,88.22850036621094,89.87449645996094,61174000,0.0,0.0,No News,-0.005659435682760394
"2019-09-03 00:00:00.000000",AMZN,89.49199676513672,90.04000091552734,88.4000015258789,88.5,70860000,0.0,0.0,No News,0.007628234940805445
"2019-09-04 00:00:00.000000",AMZN,90.03099822998047,90.38150024414062,89.8115005493164,90.25,46482000,0.0,0.0,No News,0.006022901313268436
"2019-09-05 00:00:00.000000",AMZN,92.03600311279297,92.0999984741211,90.77899932861328,91.09750366210938,66216000,0.0,0.0,No News,0.022270161635782326
"2019-09-06 00:00:00.000000",AMZN,91.67549896240234,92.03250122070312,91.31999969482422,91.91100311279297,49938000,0.0,0.0,No News,-0.003916990505865581
"2019-09-09 00:00:00.000000",AMZN,91.56749725341797,92.5,91.23049926757812,92.05000305175781,59990000,0.0,0.0,No News,-0.0011780869502403535
"2019-09-10 00:00:00.000000",AMZN,91.02749633789062,91.29049682617188,90.26699829101562,91.13749694824219,52278000,0.0,0.0,No News,-0.005897299060526495
"2019-09-11 00:00:00.000000",AMZN,91.14949798583984,91.6709976196289,90.4540023803711,90.60700225830078,48656000,0.0,0.0,No News,0.0013402724765312346
"2019-09-12 00:00:00.000000",AMZN,92.17749786376953,92.68299865722656,91.71399688720703,91.88150024414062,56470000,0.0,0.0,No News,0.011278173776551048
"2019-09-13 00:00:00.000000",AMZN,91.96700286865234,92.30599975585938,91.75849914550781,92.10050201416016,39426000,0.0,0.0,No News,-0.0022835833039022146
"2019-09-16 00:00:00.000000",AMZN,90.39199829101562,91.28450012207031,90.01000213623047,91.20099639892578,73510000,0.0,0.0,No News,-0.01712575737502442
"2019-09-17 00:00:00.000000",AMZN,91.12750244140625,91.19950103759766,90.20500183105469,90.35399627685547,39648000,0.0,0.0,No News,0.008136828085409498
"2019-09-18 00:00:00.000000",AMZN,90.87300109863281,91.10299682617188,89.7750015258789,90.85199737548828,50112000,0.0,0.0,No News,-0.0027928049815375555
"2019-09-19 00:00:00.000000",AMZN,91.07499694824219,91.62850189208984,90.8949966430664,91.0510025024414,40630000,0.0,0.0,No News,0.002222836785043869
"2019-09-20 00:00:00.000000",AMZN,89.70800018310547,91.53150177001953,89.0459976196289,91.08550262451172,106838000,0.0,0.0,No News,-0.015009572450642827
"2019-09-23 00:00:00.000000",AMZN,89.26499938964844,89.63500213623047,88.36599731445312,88.8499984741211,58446000,0.0,0.0,No News,-0.004938252915601793
"2019-09-24 00:00:00.000000",AMZN,87.08049774169922,89.7854995727539,86.77749633789062,89.53050231933594,92320000,0.0,0.0,No News,-0.024472096150627953
"2019-09-25 00:00:00.000000",AMZN,88.41649627685547,88.6500015258789,86.1500015258789,87.36799621582031,69864000,0.0,0.0,No News,0.015342109540061655
"2019-09-26 00:00:00.000000",AMZN,86.99199676513672,88.16850280761719,86.57499694824219,88.1395034790039,70736000,0.0,0.0,No News,-0.01611124135996367
"2019-09-27 00:00:00.000000",AMZN,86.27249908447266,87.45600128173828,85.69100189208984,87.4000015258789,78144000,0.0,0.0,No News,-0.008270849128875435
"2019-09-30 00:00:00.000000",AMZN,86.79550170898438,86.87300109863281,85.46099853515625,86.34950256347656,52894000,0.0,0.0,No News,0.006062217161457495
"2019-10-01 00:00:00.000000",AMZN,86.78250122070312,87.77999877929688,86.42050170898438,87.30000305175781,61690000,0.0,0.0,No News,-0.0001497829729107
"2019-10-02 00:00:00.000000",AMZN,85.6614990234375,86.44450378417969,85.25,86.38700103759766,66022000,0.0,0.0,No News,-0.01291737598591125
"2019-10-03 00:00:00.000000",AMZN,86.22100067138672,86.25,84.25299835205078,85.6500015258789,69364000,0.0,0.0,No News,0.0065315416415505645
"2019-10-04 00:00:00.000000",AMZN,86.98249816894531,87.02899932861328,85.96150207519531,86.3010025024414,49438000,0.0,0.0,No News,0.008831925999802426
"2019-10-07 00:00:00.000000",AMZN,86.63300323486328,87.3915023803711,86.18499755859375,86.58149719238281,43094000,0.0,0.0,No News,-0.00401799145160453
"2019-10-08 00:00:00.000000",AMZN,85.27549743652344,86.3499984741211,85.25,86.12449645996094,50840000,0.0,0.0,No News,-0.01566961490022023
"2019-10-09 00:00:00.000000",AMZN,86.09950256347656,86.49749755859375,85.71800231933594,85.98049926757812,40870000,0.0,0.0,No News,0.009662859223618092
"2019-10-10 00:00:00.000000",AMZN,86.01300048828125,86.91449737548828,85.6875,86.26200103759766,51504000,0.0,0.0,No News,-0.0010046756673366408
"2019-10-11 00:00:00.000000",AMZN,86.59600067138672,87.27249908447266,86.49299621582031,87.14600372314453,65100000,0.0,0.0,No News,0.006778047269550891
"2019-10-14 00:00:00.000000",AMZN,86.82150268554688,87.09449768066406,86.0999984741211,86.44550323486328,38204000,0.0,0.0,No News,0.002604069615361304
"2019-10-15 00:00:00.000000",AMZN,88.36900329589844,88.82250213623047,87.03099822998047,87.10700225830078,62234000,0.0,0.0,No News,0.017823932579885904
"2019-10-16 00:00:00.000000",AMZN,88.87149810791016,89.31199645996094,88.5260009765625,88.66649627685547,55268000,0.0,0.0,No News,0.005686324313618707
"2019-10-17 00:00:00.000000",AMZN,89.3740005493164,89.94249725341797,89.10099792480469,89.82450103759766,52948000,0.0,0.0,No News,0.005654258700535264
"2019-10-18 00:00:00.000000",AMZN,87.87550354003906,89.6989974975586,87.45999908447266,89.38999938964844,67250000,0.0,0.0,No News,-0.016766587598934568
"2019-10-21 00:00:00.000000",AMZN,89.28299713134766,89.29399871826172,88.25,88.48300170898438,42608000,0.0,0.0,No News,0.01601690499181374
"2019-10-22 00:00:00.000000",AMZN,88.2864990234375,89.48899841308594,88.0999984741211,89.40750122070312,42234000,0.0,0.0,No News,-0.011161118465189634
"2019-10-23 00:00:00.000000",AMZN,88.1084976196289,88.50250244140625,87.0999984741211,88.06500244140625,42764000,0.0,0.0,No News,-0.0020161792094772757
"2019-10-24 00:00:00.000000",AMZN,89.03900146484375,89.41699981689453,88.01349639892578,88.55449676513672,88922000,0.0,0.0,No News,0.010560886524610735
"2019-10-25 00:00:00.000000",AMZN,88.06649780273438,88.21050262451172,84.75,84.87750244140625,192528000,0.0,0.0,No News,-0.010922221117825037
"2019-10-28 00:00:00.000000",AMZN,88.85399627685547,88.93499755859375,87.125,87.40299987792969,74178000,0.0,0.0,No News,0.008942089145920873
"2019-10-29 00:00:00.000000",AMZN,88.135498046875,88.8499984741211,87.79049682617188,88.7405014038086,45538000,0.0,0.0,No News,-0.008086279290598686
"2019-10-30 00:00:00.000000",AMZN,88.99949645996094,89.11900329589844,87.95600128173828,88.01200103759766,48988000,0.0,0.0,No News,0.009803069503577566
"2019-10-31 00:00:00.000000",AMZN,88.83300018310547,89.5999984741211,88.5739974975586,88.79949951171875,55624000,0.0,0.0,No News,-0.0018707552680410355
"2019-11-01 00:00:00.000000",AMZN,89.5719985961914,89.87249755859375,89.260498046875,89.40049743652344,55808000,0.0,0.0,No News,0.008318962677863917
"2019-11-04 00:00:00.000000",AMZN,90.23300170898438,90.75299835205078,90.05049896240234,90.05049896240234,55438000,0.0,0.0,No News,0.007379573116068405
"2019-11-05 00:00:00.000000",AMZN,90.08550262451172,90.51249694824219,89.69999694824219,90.45800018310547,37710000,0.0,0.0,No News,-0.0016346467664720699
"2019-11-06 00:00:00.000000",AMZN,89.78849792480469,90.125,89.42900085449219,90.05000305175781,40596000,0.0,0.0,No News,-0.003296920048778351
"2019-11-07 00:00:00.000000",AMZN,89.41000366210938,90.29499816894531,89.17400360107422,90.18800354003906,53022000,0.0,0.0,No News,-0.004215398090435696
"2019-11-08 00:00:00.000000",AMZN,89.29399871826172,89.49400329589844,88.7020034790039,89.39450073242188,42466000,0.0,0.0,No News,-0.0012974492684962868
"2019-11-11 00:00:00.000000",AMZN,88.5824966430664,89.0,88.35649871826172,88.9000015258789,38920000,0.0,0.0,No News,-0.007968083918385438
"2019-11-12 00:00:00.000000",AMZN,88.9000015258789,89.31099700927734,88.59549713134766,88.73300170898438,40752000,0.0,0.0,No News,0.003584284648149527
"2019-11-13 00:00:00.000000",AMZN,87.65550231933594,88.75,87.36599731445312,88.66950225830078,59790000,0.0,0.0,No News,-0.013998865975055064
"2019-11-14 00:00:00.000000",AMZN,87.7300033569336,88.32949829101562,87.47799682617188,87.57150268554688,45296000,0.0,0.0,No News,0.0008499299602007
"2019-11-15 00:00:00.000000",AMZN,86.97450256347656,88.08399963378906,86.64299774169922,88.00250244140625,78552000,0.0,0.0,No News,-0.00861165809356279
"2019-11-18 00:00:00.000000",AMZN,87.62650299072266,87.68499755859375,86.135498046875,86.91500091552734,56790000,0.0,0.0,No News,0.007496454800304697
"2019-11-19 00:00:00.000000",AMZN,87.6395034790039,88.03399658203125,87.15149688720703,87.84950256347656,45416000,0.0,0.0,No News,0.0001483625140515
"2019-11-20 00:00:00.000000",AMZN,87.27649688720703,88.1259994506836,86.70600128173828,87.45700073242188,55800000,0.0,0.0,No News,-0.004142042998724227
"2019-11-21 00:00:00.000000",AMZN,86.7354965209961,87.34349822998047,86.51799774169922,87.1500015258789,53258000,0.0,0.0,No News,-0.006198694786181735
"2019-11-22 00:00:00.000000",AMZN,87.28600311279297,87.32150268554688,86.55000305175781,86.95099639892578,49582000,0.0,0.0,No News,0.0063469584412145785
"2019-11-25 00:00:00.000000",AMZN,88.69200134277344,88.87100219726562,87.66200256347656,87.6624984741211,69724000,0.0,0.0,No News,0.016107946060534006
"2019-11-26 00:00:00.000000",AMZN,89.84700012207031,89.85150146484375,88.9175033569336,88.99600219726562,63624000,0.0,0.0,No News,0.013022581087476892
"2019-11-27 00:00:00.000000",AMZN,90.92549896240234,91.2249984741211,89.8655014038086,90.05000305175781,60512000,0.0,0.0,No News,0.01200372676735717
"2019-11-29 00:00:00.000000",AMZN,90.04000091552734,91.2344970703125,90.03949737548828,90.88899993896484,38468000,0.0,0.0,No News,-0.009738720787676458
"2019-12-02 00:00:00.000000",AMZN,89.08000183105469,90.27749633789062,88.13400268554688,90.22000122070312,78512000,0.0,0.0,No News,-0.01066191775556835
"2019-12-03 00:00:00.000000",AMZN,88.49800109863281,88.64350128173828,87.36150360107422,88.0,67618000,0.0,0.0,No News,-0.006533461163659049
"2019-12-04 00:00:00.000000",AMZN,88.03450012207031,89.45449829101562,88.01100158691406,88.70050048828125,53402000,0.0,0.0,No News,-0.005237417464897476
"2019-12-05 00:00:00.000000",AMZN,87.02400207519531,88.17500305175781,87.0,88.17500305175781,56476000,0.0,0.0,No News,-0.011478432267733929
"2019-12-06 00:00:00.000000",AMZN,87.58000183105469,87.72000122070312,87.00650024414062,87.55999755859375,62348000,0.0,0.0,No News,0.006389039145533015
"2019-12-09 00:00:00.000000",AMZN,87.47550201416016,88.34449768066406,87.28050231933594,87.53299713134766,48856000,0.0,0.0,No News,-0.0011931926776630464
"2019-12-10 00:00:00.000000",AMZN,86.96050262451172,87.53350067138672,86.75,87.37000274658203,50286000,0.0,0.0,No News,-0.005887355634324631
"2019-12-11 00:00:00.000000",AMZN,87.43599700927734,87.5,86.7854995727539,87.08350372314453,41952000,0.0,0.0,No News,0.005467935101741261
"2019-12-12 00:00:00.000000",AMZN,88.0165023803711,88.19999694824219,87.27200317382812,87.5,61918000,0.0,0.0,No News,0.00663920342821922
"2019-12-13 00:00:00.000000",AMZN,88.0469970703125,88.44950103759766,87.75,88.25,54914000,0.0,0.0,No News,0.0003464655958449
"2019-12-16 00:00:00.000000",AMZN,88.46050262451172,88.4749984741211,87.85250091552734,88.3499984741211,62904000,0.0,0.0,No News,0.0046964185941400505
"2019-12-17 00:00:00.000000",AMZN,89.53299713134766,89.5999984741211,88.86949920654297,88.90049743652344,72888000,0.0,0.0,No News,0.012123992912275838
"2019-12-18 00:00:00.000000",AMZN,89.20149993896484,89.91000366210938,89.11799621582031,89.7509994506836,67028000,0.0,0.0,No News,-0.00370251419034362
"2019-12-19 00:00:00.000000",AMZN,89.61399841308594,89.64949798583984,88.7030029296875,89.0250015258789,53056000,0.0,0.0,No News,0.004624344595139496
"2019-12-20 00:00:00.000000",AMZN,89.32499694824219,90.14849853515625,89.12249755859375,89.98100280761719,103016000,0.0,0.0,No News,-0.0032249589345579865
"2019-12-23 00:00:00.000000",AMZN,89.6500015258789,89.6500015258789,89.22550201416016,89.41300201416016,42728000,0.0,0.0,No News,0.0036384504756830083
"2019-12-24 00:00:00.000000",AMZN,89.46050262451172,89.77850341796875,89.37899780273438,89.69049835205078,17626000,0.0,0.0,No News,-0.00211376350409187
"2019-12-26 00:00:00.000000",AMZN,93.4384994506836,93.52300262451172,89.9749984741211,90.05049896240234,120108000,0.0,0.0,No News,0.04446651549531899
"2019-12-27 00:00:00.000000",AMZN,93.48999786376953,95.06999969482422,93.30049896240234,94.14600372314453,123732000,0.0,0.0,No News,0.0005511476895359
"2019-12-30 00:00:00.000000",AMZN,92.34449768066406,94.19999694824219,92.03099822998047,93.69999694824219,73494000,0.0,0.0,No News,-0.012252649580489328
"2019-12-31 00:00:00.000000",AMZN,92.39199829101562,92.66300201416016,91.61150360107422,92.0999984741211,50130000,0.0,0.0,No News,0.0005143848474418
"2020-01-02 00:00:00.000000",AMZN,94.90049743652344,94.90049743652344,93.2074966430664,93.75,80580000,0.0,0.0,No News,0.02715061035487687
"2020-01-03 00:00:00.000000",AMZN,93.74849700927734,94.30999755859375,93.2249984741211,93.2249984741211,75288000,0.0,0.0,No News,-0.012139034655920922
"2020-01-06 00:00:00.000000",AMZN,95.14399719238281,95.18450164794922,93.0,93.0,81236000,0.0,0.0,No News,0.01488557393050649
"2020-01-07 00:00:00.000000",AMZN,95.34300231933594,95.69450378417969,94.60199737548828,95.2249984741211,80898000,0.0,0.0,No News,0.0020916204156393725
"2020-01-08 00:00:00.000000",AMZN,94.59850311279297,95.55000305175781,94.3219985961914,94.9020004272461,70160000,0.0,0.0,No News,-0.007808640261289357
"2020-01-09 00:00:00.000000",AMZN,95.05249786376953,95.89099884033203,94.79000091552734,95.49449920654297,63346000,0.0,0.0,No News,0.0047991747864684076
"2020-01-10 00:00:00.000000",AMZN,94.15799713134766,95.34700012207031,94.0,95.26850128173828,57074000,0.0,0.0,No News,-0.009410596802031268
"2020-01-13 00:00:00.000000",AMZN,94.56500244140625,94.9000015258789,94.04000091552734,94.56549835205078,55616000,0.0,0.0,No News,0.004322578245699482
"2020-01-14 00:00:00.000000",AMZN,93.47200012207031,94.35549926757812,92.92749786376953,94.29399871826172,68818000,0.0,0.0,No News,-0.011558211718052602
"2020-01-15 00:00:00.000000",AMZN,93.10099792480469,93.94300079345703,92.75450134277344,93.61250305175781,57932000,0.0,0.0,No News,-0.003969126548924895
"2020-01-16 00:00:00.000000",AMZN,93.89700317382812,94.27950286865234,93.3010025024414,94.14949798583984,53190000,0.0,0.0,No News,0.00854991102959346
"2020-01-17 00:00:00.000000",AMZN,93.23600006103516,94.33200073242188,92.86250305175781,94.29450225830078,79946000,0.0,0.0,No News,-0.00703966144232826
"2020-01-21 00:00:00.000000",AMZN,94.5999984741211,94.7135009765625,93.0,93.25,74156000,0.0,0.0,No News,0.014629525206926841
"2020-01-22 00:00:00.000000",AMZN,94.37300109863281,95.125,94.16699981689453,94.80449676513672,64326000,0.0,0.0,No News,-0.0023995494624704516
"2020-01-23 00:00:00.000000",AMZN,94.22899627685547,94.4990005493164,93.63800048828125,94.25550079345703,49692000,0.0,0.0,No News,-0.0015259112256781338
"2020-01-24 00:00:00.000000",AMZN,93.08200073242188,94.74949645996094,92.37200164794922,94.56849670410156,75324000,0.0,0.0,No News,-0.012172426638861644
"2020-01-27 00:00:00.000000",AMZN,91.41699981689453,92.05000305175781,90.76699829101562,91.0,70570000,0.0,0.0,No News,-0.01788746376771211
"2020-01-28 00:00:00.000000",AMZN,92.6624984741211,92.90550231933594,91.5009994506836,92.0250015258789,56160000,0.0,0.0,No News,0.01362436592451366
"2020-01-29 00:00:00.000000",AMZN,92.9000015258789,93.73750305175781,92.7509994506836,93.19999694824219,41760000,0.0,0.0,No News,0.0025630978623367717
"2020-01-30 00:00:00.000000",AMZN,93.53399658203125,93.64350128173828,92.53050231933594,92.9000015258789,126548000,0.0,0.0,No News,0.006824489189870775
"2020-01-31 00:00:00.000000",AMZN,100.43599700927734,102.78600311279297,100.1135025024414,102.57350158691406,311346000,0.0,0.0,No News,0.07379135586484753
"2020-02-03 00:00:00.000000",AMZN,100.20999908447266,102.42500305175781,100.01249694824219,100.52999877929688,117834000,0.0,0.0,No News,-0.0022501685803328897
"2020-02-04 00:00:00.000000",AMZN,102.4834976196289,102.98999786376953,100.76850128173828,101.49400329589844,105786000,0.0,0.0,No News,0.022687342140775613
"2020-02-05 00:00:00.000000",AMZN,101.99349975585938,103.5510025024414,101.5999984741211,103.5510025024414,87524000,0.0,0.0,No News,-0.004781236737139594
"2020-02-06 00:00:00.000000",AMZN,102.5114974975586,102.81500244140625,101.23999786376953,102.0510025024414,63660000,0.0,0.0,No News,0.0050787328892443195
"2020-02-07 00:00:00.000000",AMZN,103.96399688720703,104.92649841308594,101.90499877929688,102.09950256347656,101906000,0.0,0.0,No News,0.014169136390608683
"2020-02-10 00:00:00.000000",AMZN,106.69550323486328,106.77999877929688,104.24800109863281,104.25050354003906,101124000,0.0,0.0,No News,0.026273579599096486
"2020-02-11 00:00:00.000000",AMZN,107.54000091552734,109.29750061035156,106.80000305175781,107.54499816894531,114920000,0.0,0.0,No News,0.007915025985726132
"2020-02-12 00:00:00.000000",AMZN,108.0,109.01249694824219,107.7645034790039,108.16000366210938,66686000,0.0,0.0,No News,0.004277469597884664
"2020-02-13 00:00:00.000000",AMZN,107.49349975585938,108.51399993896484,107.0999984741211,107.24949645996094,60636000,0.0,0.0,No News,-0.00468981707537619
"2020-02-14 00:00:00.000000",AMZN,106.74349975585938,107.9520034790039,106.29450225830078,107.78399658203125,52124000,0.0,0.0,No News,-0.006977166077050345
"2020-02-18 00:00:00.000000",AMZN,107.78350067138672,108.30349731445312,106.20549774169922,106.2509994506836,58912000,0.0,0.0,No News,0.009742990607446878
"2020-02-19 00:00:00.000000",AMZN,108.51100158691406,109.25499725341797,108.05599975585938,108.38999938964844,51224000,0.0,0.0,No News,0.006749650094826309
"2020-02-20 00:00:00.000000",AMZN,107.65499877929688,108.8395004272461,106.37249755859375,108.65350341796875,62626000,0.0,0.0,No News,-0.007888626914309249
"2020-02-21 00:00:00.000000",AMZN,104.79850006103516,107.22750091552734,104.4000015258789,107.10749816894531,92926000,0.0,0.0,No News,-0.026533823330561868
"2020-02-24 00:00:00.000000",AMZN,100.4645004272461,101.96499633789062,99.39849853515625,100.15899658203125,130940000,0.0,0.0,No News,-0.04135555023463999
"2020-02-25 00:00:00.000000",AMZN,98.63700103759766,101.7300033569336,97.9209976196289,101.32099914550781,124382000,0.0,0.0,No News,-0.018190498951138112
"2020-02-26 00:00:00.000000",AMZN,98.97949981689453,100.7334976196289,98.02249908447266,98.51399993896484,104492000,0.0,0.0,No News,0.003472315416060967
"2020-02-27 00:00:00.000000",AMZN,94.21499633789062,98.75,94.13800048828125,96.71900177001953,162880000,0.0,0.0,No News,-0.048136265467272676
"2020-02-28 00:00:00.000000",AMZN,94.1875,94.48799896240234,90.55650329589844,90.73149871826172,189620000,0.0,0.0,No News,-0.0002918467224901
"2020-03-02 00:00:00.000000",AMZN,97.69750213623047,97.72550201416016,93.5,95.32450103759766,135234000,0.0,0.0,No News,0.03726611425327642
"2020-03-03 00:00:00.000000",AMZN,95.44950103759766,99.81649780273438,94.40450286865234,98.76850128173828,150690000,0.0,0.0,No News,-0.023009811402324054
"2020-03-04 00:00:00.000000",AMZN,98.79149627685547,98.9000015258789,96.0999984741211,97.32849884033203,95458000,0.0,0.0,No News,0.03501322901563819
"2020-03-05 00:00:00.000000",AMZN,96.20149993896484,98.03600311279297,95.5,96.6500015258789,94964000,0.0,0.0,No News,-0.026216794314283476
"2020-03-06 00:00:00.000000",AMZN,95.05449676513672,95.54350280761719,93.4749984741211,93.75,105472000,0.0,0.0,No News,-0.011922924014239333
"2020-03-09 00:00:00.000000",AMZN,90.03050231933594,93.13849639892578,88.06449890136719,88.69300079345703,156264000,0.0,0.0,No News,-0.05285383245165354
"2020-03-10 00:00:00.000000",AMZN,94.59100341796875,94.7135009765625,90.90850067138672,93.54399871826172,142666000,0.0,0.0,No News,0.05065506668458686
"2020-03-11 00:00:00.000000",AMZN,91.04299926757812,93.56600189208984,90.07499694824219,92.89250183105469,112496000,0.0,0.0,No News,-0.03750889642974897
"2020-03-12 00:00:00.000000",AMZN,83.83049774169922,88.25,83.75,86.0989990234375,226924000,0.0,0.0,No News,-0.07922082514747941
"2020-03-13 00:00:00.000000",AMZN,89.25,89.31549835205078,84.03099822998047,87.75,176194000,0.0,0.0,No News,0.06464833687376514
"2020-03-16 00:00:00.000000",AMZN,84.4574966430664,87.97250366210938,81.30149841308594,82.07550048828125,178346000,0.0,0.0,No News,-0.053697516604298
"2020-03-17 00:00:00.000000",AMZN,90.39199829101562,92.88899993896484,84.46199798583984,88.77349853515625,218342000,0.0,0.0,No News,0.07026613247879654
"2020-03-18 00:00:00.000000",AMZN,91.5,92.08300018310547,87.25,87.5,192904000,0.0,0.0,No News,0.012257741060410998
"2020-03-19 00:00:00.000000",AMZN,94.04650115966797,97.25,91.63249969482422,93.0,207998000,0.0,0.0,No News,0.027830613766863133
"2020-03-20 00:00:00.000000",AMZN,92.30449676513672,97.8499984741211,91.0364990234375,96.31549835205078,196358000,0.0,0.0,No News,-0.018522798541689034
"2020-03-23 00:00:00.000000",AMZN,95.1415023803711,95.97000122070312,90.5999984741211,91.38749694824219,156170000,0.0,0.0,No News,0.030735291504301987
"2020-03-24 00:00:00.000000",AMZN,97.00499725341797,97.75,95.01699829101562,97.57499694824219,142942000,0.0,0.0,No News,0.019586561347294085
"2020-03-25 00:00:00.000000",AMZN,94.29199981689453,97.51300048828125,94.28900146484375,96.03450012207031,129582000,0.0,0.0,No News,-0.027967604900146936
"2020-03-26 00:00:00.000000",AMZN,97.77449798583984,97.82450103759766,94.4645004272461,95.0999984741211,124426000,0.0,0.0,No News,0.03693312450375408
"2020-03-27 00:00:00.000000",AMZN,95.00499725341797,96.989501953125,94.99600219726562,96.54299926757812,107758000,0.0,0.0,No News,-0.028325389436650084
"2020-03-30 00:00:00.000000",AMZN,98.19750213623047,98.68150329589844,95.61699676513672,96.1415023803711,122522000,0.0,0.0,No News,0.03360354691971379
"2020-03-31 00:00:00.000000",AMZN,97.48600006103516,99.6510009765625,97.20050048828125,98.21749877929688,102472000,0.0,0.0,No News,-0.007245622950859176
"2020-04-01 00:00:00.000000",AMZN,95.38500213623047,97.24800109863281,94.6500015258789,96.64849853515625,82438000,0.0,0.0,No News,-0.02155179126735396
"2020-04-02 00:00:00.000000",AMZN,95.94149780273438,96.37650299072266,94.5,95.08200073242188,86720000,0.0,0.0,No News,0.005834205106051371
"2020-04-03 00:00:00.000000",AMZN,95.32949829101562,96.31649780273438,94.4574966430664,95.55750274658203,72198000,0.0,0.0,No News,-0.0063788821910731874
"2020-04-06 00:00:00.000000",AMZN,99.87950134277344,99.9260025024414,96.5009994506836,96.80000305175781,115464000,0.0,0.0,No News,0.04772922477644714
"2020-04-07 00:00:00.000000",AMZN,100.58000183105469,101.78600311279297,99.88099670410156,100.85549926757812,102280000,0.0,0.0,No News,0.007013456003121421
"2020-04-08 00:00:00.000000",AMZN,102.1500015258789,102.19999694824219,100.55750274658203,101.05000305175781,79546000,0.0,0.0,No News,0.015609461784076739
"2020-04-09 00:00:00.000000",AMZN,102.13800048828125,102.6500015258789,100.88300323486328,102.21499633789062,92930000,0.0,0.0,No News,-0.0001174844583298
"2020-04-13 00:00:00.000000",AMZN,108.44349670410156,109.0,101.9000015258789,102.0,134334000,0.0,0.0,No News,0.0617350661426328
"2020-04-14 00:00:00.000000",AMZN,114.16600036621094,114.5999984741211,109.31050109863281,110.02349853515625,161744000,0.0,0.0,No News,0.052769449861283624
"2020-04-15 00:00:00.000000",AMZN,115.38400268554688,116.66850280761719,112.25,112.88400268554688,137332000,0.0,0.0,No News,0.010668695718768717
"2020-04-16 00:00:00.000000",AMZN,120.40950012207031,123.05000305175781,116.75,117.30000305175781,240764000,0.0,0.0,No News,0.043554542393708484
"2020-04-17 00:00:00.000000",AMZN,118.75,120.0,115.8010025024414,118.61650085449219,158600000,0.0,0.0,No News,-0.013782136130354505
"2020-04-20 00:00:00.000000",AMZN,119.68049621582031,122.2490005493164,119.30249786376953,119.49749755859375,115414000,0.0,0.0,No News,0.007835757606907912
"2020-04-21 00:00:00.000000",AMZN,116.40599822998047,121.41549682617188,113.98300170898438,120.83049774169922,149534000,0.0,0.0,No News,-0.02736033095931456
"2020-04-22 00:00:00.000000",AMZN,118.17449951171875,119.69999694824219,117.55000305175781,118.44999694824219,84244000,0.0,0.0,No News,0.015192527091639096
"2020-04-23 00:00:00.000000",AMZN,119.97250366210938,121.21099853515625,119.10399627685547,119.9990005493164,101332000,0.0,0.0,No News,0.015214823484082762
"2020-04-24 00:00:00.000000",AMZN,120.51100158691406,121.02149963378906,119.0999984741211,120.8499984741211,76498000,0.0,0.0,No News,0.004488511186874211
"2020-04-27 00:00:00.000000",AMZN,118.80000305175781,122.24400329589844,118.1500015258789,122.16000366210938,112912000,6.0,-0.13526666666666667,neutral,-0.01419786171076054
"2020-04-28 00:00:00.000000",AMZN,115.7040023803711,118.67500305175781,115.30000305175781,118.6050033569336,105388000,16.0,-0.38645,negative,-0.0260606110425593
"2020-04-29 00:00:00.000000",AMZN,118.635498046875,119.59449768066406,115.5,116.50050354003906,91832000,15.0,0.21642666666666666,neutral,0.02533616474965794
"2020-04-30 00:00:00.000000",AMZN,123.69999694824219,123.75,119.80049896240234,120.99199676513672,190692000,27.0,0.23106666666666667,positive,0.042689574239964
"2020-05-01 00:00:00.000000",AMZN,114.302001953125,118.12200164794922,112.90950012207031,116.83999633789062,195452000,41.0,0.0275390243902439,positive,-0.07597409237648922
"2020-05-04 00:00:00.000000",AMZN,115.79949951171875,116.3489990234375,112.81900024414062,112.81900024414062,97318000,9.0,-0.0824,neutral,0.013101236487597756
"2020-05-05 00:00:00.000000",AMZN,115.88999938964844,117.55000305175781,115.35649871826172,117.0,64850000,8.0,-0.4057,negative,0.0007815221854264
"2020-05-06 00:00:00.000000",AMZN,117.56300354003906,117.87249755859375,116.0,116.47200012207031,62356000,9.0,0.30208888888888885,neutral,0.014436139090531874
"2020-05-07 00:00:00.000000",AMZN,118.38050079345703,118.80000305175781,117.15550231933594,118.73899841308594,67928000,4.0,-0.207075,neutral,0.006953694859791026
"2020-05-08 00:00:00.000000",AMZN,118.98049926757812,119.36199951171875,117.8499984741211,118.60700225830078,64132000,2.0,0.0,neutral,0.005068389389295991
"2020-05-11 00:00:00.000000",AMZN,120.44999694824219,120.9834976196289,118.60549926757812,118.73500061035156,65184000,13.0,-0.12304615384615383,neutral,0.012350743942999287
"2020-05-12 00:00:00.000000",AMZN,117.84750366210938,120.94999694824219,117.75,120.59249877929688,61498000,9.0,-0.048444444444444436,neutral,-0.021606420523622827
"2020-05-13 00:00:00.000000",AMZN,118.39600372314453,120.38500213623047,116.88999938964844,118.33999633789062,95658000,9.0,-0.021577777777777783,neutral,0.004654320575239401
"2020-05-14 00:00:00.000000",AMZN,119.44249725341797,119.56849670410156,117.6604995727539,118.05049896240234,72962000,5.0,0.1376,neutral,0.008838926123896362
"2020-05-15 00:00:00.000000",AMZN,120.48899841308594,120.55000305175781,117.81849670410156,118.4260025024414,84700000,12.0,-0.044366666666666665,neutral,0.008761547889003296
"2020-05-18 00:00:00.000000",AMZN,121.31300354003906,121.6500015258789,119.20050048828125,120.21749877929688,87144000,9.0,0.1389,neutral,0.006838841203809398
"2020-05-19 00:00:00.000000",AMZN,122.46649932861328,124.25,121.44850158691406,121.49150085449219,86410000,6.0,-0.05833333333333333,neutral,0.009508426590011165
"2020-05-20 00:00:00.000000",AMZN,124.89700317382812,125.00050354003906,123.3635025024414,123.89350128173828,79962000,9.0,0.07923333333333332,neutral,0.019846275173532213
"2020-05-21 00:00:00.000000",AMZN,122.33699798583984,126.27249908447266,122.12699890136719,125.0,102288000,9.0,-0.06182222222222222,neutral,-0.02049693045417056
"2020-05-22 00:00:00.000000",AMZN,121.84400177001953,123.49250030517578,121.50650024414062,122.75050354003906,57342000,5.0,-0.19038,neutral,-0.004029821100215103
"2020-05-26 00:00:00.000000",AMZN,121.09300231933594,123.0999984741211,120.7030029296875,122.9000015258789,71364000,7.0,0.4722,positive,-0.0061636144559754635
"2020-05-27 00:00:00.000000",AMZN,120.51950073242188,120.67900085449219,116.5,120.24949645996094,101138000,10.0,0.26948,positive,-0.004736042347035618
"2020-05-28 00:00:00.000000",AMZN,120.05500030517578,121.84850311279297,118.9114990234375,119.21649932861328,63804000,4.0,-0.358275,negative,-0.003854151605534595
"2020-05-29 00:00:00.000000",AMZN,122.11849975585938,122.11849975585938,119.91000366210938,120.7969970703125,70198000,4.0,-0.24075,neutral,0.017187950901155657
"2020-06-01 00:00:00.000000",AMZN,123.552001953125,123.84649658203125,122.20850372314453,122.4000015258789,58578000,15.0,-0.07511999999999999,neutral,0.011738616181262485
"2020-06-02 00:00:00.000000",AMZN,123.62049865722656,123.67649841308594,122.2655029296875,123.3499984741211,50598000,4.0,0.020125000000000004,neutral,0.0005543957444538
"2020-06-03 00:00:00.000000",AMZN,123.91999816894531,124.4000015258789,123.05850219726562,123.40049743652344,53420000,0.0,0.0,No News,0.002422733405640143
"2020-06-04 00:00:00.000000",AMZN,123.02999877929688,125.37699890136719,122.50050354003906,123.87149810791016,58974000,0.0,0.0,No News,-0.0071820481181339435
"2020-06-05 00:00:00.000000",AMZN,124.1500015258789,124.43250274658203,121.85649871826172,122.22550201416016,66128000,0.0,0.0,No News,0.009103493113018724
"2020-06-08 00:00:00.000000",AMZN,126.2030029296875,126.5,124.36699676513672,125.01000213623047,79414000,0.0,0.0,No News,0.016536458949464095
"2020-06-09 00:00:00.000000",AMZN,130.04299926757812,131.32150268554688,126.25,126.47200012207031,103520000,6.0,0.29795,neutral,0.030427139202305886
"2020-06-10 00:00:00.000000",AMZN,132.37249755859375,136.11749267578125,131.31300354003906,132.25,98920000,4.0,0.454975,neutral,0.017913292558120908
"2020-06-11 00:00:00.000000",AMZN,127.89800262451172,133.56900024414062,126.8115005493164,130.1750030517578,116002000,0.0,0.0,No News,-0.03380230045218746
"2020-06-12 00:00:00.000000",AMZN,127.2509994506836,131.07400512695312,125.1675033569336,130.0605010986328,108722000,0.0,0.0,No News,-0.005058743377937103
"2020-06-15 00:00:00.000000",AMZN,128.63400268554688,129.1999969482422,125.4000015258789,126.33000183105469,77302000,0.0,0.0,No News,0.01086830941079775
"2020-06-16 00:00:00.000000",AMZN,130.7635040283203,131.0,128.8000030517578,131.0,71712000,0.0,0.0,No News,0.0165547312399128
"2020-06-17 00:00:00.000000",AMZN,132.0489959716797,132.75,131.59100341796875,132.375,59186000,0.0,0.0,No News,0.009830663019560593
"2020-06-18 00:00:00.000000",AMZN,132.69900512695312,132.98199462890625,131.8054962158203,132.35049438476562,49756000,0.0,0.0,No News,0.004922484646629588
"2020-06-19 00:00:00.000000",AMZN,133.75050354003906,134.8715057373047,132.9499969482422,133.9040069580078,115540000,0.0,0.0,No News,0.007923935918584757
"2020-06-22 00:00:00.000000",AMZN,135.6909942626953,135.75,133.4499969482422,134.22500610351562,64176000,0.0,0.0,No News,0.014508287231048467
"2020-06-23 00:00:00.000000",AMZN,138.2205047607422,139.15550231933594,135.90199279785156,136.30099487304688,84634000,0.0,0.0,No News,0.018641697717608263
"2020-06-24 00:00:00.000000",AMZN,136.72000122070312,139.8000030517578,136.0500030517578,139.0,90532000,0.0,0.0,No News,-0.010855867894827953
"2020-06-25 00:00:00.000000",AMZN,137.72900390625,137.81149291992188,135.60699462890625,136.9774932861328,59374000,0.0,0.0,No News,0.007380066387785211
"2020-06-26 00:00:00.000000",AMZN,134.64349365234375,139.1284942626953,134.39999389648438,138.7530059814453,130016000,0.0,0.0,No News,-0.02240276315369638
"2020-06-29 00:00:00.000000",AMZN,134.0189971923828,134.83999633789062,131.50399780273438,134.50050354003906,84468000,0.0,0.0,No News,-0.004638148068063508
"2020-06-30 00:00:00.000000",AMZN,137.9409942626953,138.48150634765625,133.75149536132812,134.2534942626953,75394000,0.0,0.0,No News,0.029264486024190406
"2020-07-01 00:00:00.000000",AMZN,143.93499755859375,144.75,137.6999969482422,137.89950561523438,127268000,0.0,0.0,No News,0.043453386195574595
"2020-07-02 00:00:00.000000",AMZN,144.51499938964844,147.7779998779297,143.55499267578125,145.60049438476562,131868000,0.0,0.0,No News,0.004029609482701257
"2020-07-06 00:00:00.000000",AMZN,152.8520050048828,152.99400329589844,146.5,146.74850463867188,137612000,0.0,0.0,No News,0.05768955229869066
"2020-07-07 00:00:00.000000",AMZN,150.00599670410156,153.4774932861328,149.5,152.92750549316406,105150000,0.0,0.0,No News,-0.018619371729473477
"2020-07-08 00:00:00.000000",AMZN,154.0554962158203,154.19850158691406,150.6215057373047,151.1304931640625,100752000,0.0,0.0,No News,0.026995584181255694
"2020-07-09 00:00:00.000000",AMZN,159.13150024414062,159.69400024414062,153.6999969482422,155.79949951171875,127774000,0.0,0.0,No News,0.032949191382365184
"2020-07-10 00:00:00.000000",AMZN,160.0,160.75,156.78500366210938,159.58799743652344,109720000,0.0,0.0,No News,0.005457748808544549
"2020-07-13 00:00:00.000000",AMZN,155.1999969482422,167.21449279785156,153.41949462890625,162.55299377441406,154408000,0.0,0.0,No News,-0.030000019073486373
"2020-07-14 00:00:00.000000",AMZN,154.1999969482422,156.36900329589844,147.5,154.4499969482422,144638000,0.0,0.0,No News,-0.006443299095769239
"2020-07-15 00:00:00.000000",AMZN,150.44349670410156,154.91749572753906,148.65899658203125,154.01150512695312,115778000,0.0,0.0,No News,-0.02436122126125273
"2020-07-16 00:00:00.000000",AMZN,149.9949951171875,151.60000610351562,145.9114990234375,148.55299377441406,127884000,0.0,0.0,No News,-0.002981196241378159
"2020-07-17 00:00:00.000000",AMZN,148.09849548339844,151.1999969482422,147.42250061035156,150.4499969482422,95226000,0.0,0.0,No News,-0.01264375276193297
"2020-07-20 00:00:00.000000",AMZN,159.8419952392578,160.0679931640625,149.7010040283203,150.00999450683594,151964000,0.0,0.0,No News,0.07929519957328535
"2020-07-21 00:00:00.000000",AMZN,156.9145050048828,162.0290069580078,155.28599548339844,161.62449645996094,122426000,0.0,0.0,No News,-0.018314900474015072
"2020-07-22 00:00:00.000000",AMZN,154.99549865722656,157.5,153.26300048828125,156.25,82084000,0.0,0.0,No News,-0.012229630062539742
"2020-07-23 00:00:00.000000",AMZN,149.32749938964844,154.9134979248047,148.5,154.9134979248047,113138000,0.0,0.0,No News,-0.036568799201794455
"2020-07-24 00:00:00.000000",AMZN,150.44549560546875,151.57899475097656,144.39999389648438,146.5,112648000,0.0,0.0,No News,0.007486874288995304
"2020-07-27 00:00:00.000000",AMZN,152.760498046875,154.89999389648438,150.7884979248047,153.10000610351562,83410000,0.0,0.0,No News,0.015387648743417026
"2020-07-28 00:00:00.000000",AMZN,150.01649475097656,153.85450744628906,149.78799438476562,152.7135009765625,62534000,0.0,0.0,No News,-0.017962780502695397
"2020-07-29 00:00:00.000000",AMZN,151.67649841308594,151.95799255371094,149.8385009765625,151.54949951171875,59482000,0.0,0.0,No News,0.011065474265779418
"2020-07-30 00:00:00.000000",AMZN,152.593994140625,154.60000610351562,150.25,150.6999969482422,122566000,0.0,0.0,No News,0.006049030252796905
"2020-07-31 00:00:00.000000",AMZN,158.23399353027344,162.34100341796875,157.5500030517578,162.1999969482422,161710000,0.0,0.0,No News,0.036960821567137314
"2020-08-03 00:00:00.000000",AMZN,155.59449768066406,159.1999969482422,155.1999969482422,159.02549743652344,101494000,0.0,0.0,No News,-0.01668096589563972
"2020-08-04 00:00:00.000000",AMZN,156.94149780273438,158.36199951171875,155.0605010986328,155.0605010986328,93886000,0.0,0.0,No News,0.008657119256458845
"2020-08-05 00:00:00.000000",AMZN,160.25149536132812,160.67950439453125,156.36500549316406,157.18850708007812,78330000,0.0,0.0,No News,0.021090645909052075
"2020-08-06 00:00:00.000000",AMZN,161.25,162.37350463867188,158.27149963378906,159.71800231933594,78812000,0.0,0.0,No News,0.0062308600392182445
"2020-08-07 00:00:00.000000",AMZN,158.3730010986328,162.04049682617188,157.0334930419922,161.20050048828125,78722000,0.0,0.0,No News,-0.017841853651889505
"2020-08-10 00:00:00.000000",AMZN,157.4080047607422,158.62550354003906,155.0760040283203,158.5155029296875,63346000,0.0,0.0,No News,-0.006093187166982039
"2020-08-11 00:00:00.000000",AMZN,154.0334930419922,157.96099853515625,153.64999389648438,155.66000366210938,74362000,0.0,0.0,No News,-0.021437993092404684
"2020-08-12 00:00:00.000000",AMZN,158.11199951171875,158.71949768066406,155.0709991455078,155.39999389648438,70442000,0.0,0.0,No News,0.026478049605839216
"2020-08-13 00:00:00.000000",AMZN,158.05099487304688,160.87600708007812,157.75,159.14950561523438,62980000,0.0,0.0,No News,-0.0003858318082136
"2020-08-14 00:00:00.000000",AMZN,157.4010009765625,158.91200256347656,156.0,158.90899658203125,55034000,0.0,0.0,No News,-0.004112558082955964
"2020-08-17 00:00:00.000000",AMZN,159.12049865722656,159.74850463867188,157.70899963378906,158.656005859375,53824000,0.0,0.0,No News,0.010924312234330102
"2020-08-18 00:00:00.000000",AMZN,165.62449645996094,166.0,160.29100036621094,160.60000610351562,106920000,0.0,0.0,No News,0.04087466955935781
"2020-08-19 00:00:00.000000",AMZN,163.0240020751953,165.7949981689453,162.8000030517578,165.15049743652344,83702000,0.0,0.0,No News,-0.015701145907449088
"2020-08-20 00:00:00.000000",AMZN,164.86849975585938,165.63099670410156,161.89999389648438,162.60000610351562,66650000,0.0,0.0,No News,0.011314270642265756
"2020-08-21 00:00:00.000000",AMZN,164.23599243164062,165.72000122070312,163.76950073242188,164.75,71518000,0.0,0.0,No News,-0.0038364352508537536
"2020-08-24 00:00:00.000000",AMZN,165.3730010986328,169.01600646972656,162.8780059814453,165.50750732421875,93326000,0.0,0.0,No News,0.006923017605080961
"2020-08-25 00:00:00.000000",AMZN,167.32449340820312,167.8699951171875,163.35000610351562,164.74949645996094,79856000,0.0,0.0,No News,0.011800549645987202
"2020-08-26 00:00:00.000000",AMZN,172.09249877929688,172.58700561523438,167.22850036621094,167.5554962158203,130174000,0.0,0.0,No News,0.0284955613728457
"2020-08-27 00:00:00.000000",AMZN,170.0,172.64999389648438,168.89999389648438,172.50250244140625,85296000,0.0,0.0,No News,-0.01215915158498826
"2020-08-28 00:00:00.000000",AMZN,170.08999633789062,171.6685028076172,169.3249969482422,171.14999389648438,57940000,0.0,0.0,No News,0.000529390222886
"2020-08-31 00:00:00.000000",AMZN,172.54800415039062,174.75,170.25,170.44949340820312,83718000,0.0,0.0,No News,0.014451219151166761
"2020-09-01 00:00:00.000000",AMZN,174.95599365234375,175.69349670410156,173.35000610351562,174.47900390625,68644000,0.0,0.0,No News,0.01395547583299983
"2020-09-02 00:00:00.000000",AMZN,176.57249450683594,177.6125030517578,174.33450317382812,177.35000610351562,78630000,0.0,0.0,No News,0.009239471142122424
"2020-09-03 00:00:00.000000",AMZN,168.39999389648438,174.42050170898438,165.14999389648438,174.25,163222000,0.0,0.0,No News,-0.04628410915968095
"2020-09-04 00:00:00.000000",AMZN,164.7310028076172,169.0749969482422,155.55650329589844,165.89999389648438,175636000,0.0,0.0,No News,-0.021787358799564616
"2020-09-08 00:00:00.000000",AMZN,157.49200439453125,162.54249572753906,156.5,157.1999969482422,121884000,0.0,0.0,No News,-0.04394435952982134
"2020-09-09 00:00:00.000000",AMZN,163.4304962158203,165.15899658203125,159.25,160.14950561523438,103774000,0.0,0.0,No News,0.03770662418145765
"2020-09-10 00:00:00.000000",AMZN,158.7554931640625,167.4945068359375,158.52749633789062,165.36099243164062,106614000,0.0,0.0,No News,-0.02860545100214451
"2020-09-11 00:00:00.000000",AMZN,155.81100463867188,160.86700439453125,154.19900512695312,160.4344940185547,101880000,0.0,0.0,No News,-0.018547317429499666
"2020-09-14 00:00:00.000000",AMZN,155.14849853515625,159.3695068359375,154.8000030517578,158.64700317382812,90592000,0.0,0.0,No News,-0.004251985314208007
"2020-09-15 00:00:00.000000",AMZN,157.80650329589844,158.75100708007812,155.4459991455078,156.80799865722656,80430000,0.0,0.0,No News,0.017132004407634627
"2020-09-16 00:00:00.000000",AMZN,153.90499877929688,159.36199951171875,153.70750427246094,158.99949645996094,90244000,0.0,0.0,No News,-0.024723344317983953
"2020-09-17 00:00:00.000000",AMZN,150.43649291992188,151.47149658203125,148.62750244140625,150.46249389648438,128982000,0.0,0.0,No News,-0.02253666798925036
"2020-09-18 00:00:00.000000",AMZN,147.74549865722656,151.88999938964844,145.27699279785156,151.58700561523438,177852000,0.0,0.0,No News,-0.01788790878106783
"2020-09-21 00:00:00.000000",AMZN,148.02349853515625,148.10000610351562,143.5500030517578,145.3249969482422,122358000,0.0,0.0,No News,0.001881613182508124
"2020-09-22 00:00:00.000000",AMZN,156.44949340820312,156.69949340820312,150.00999450683594,151.69200134277344,138976000,0.0,0.0,No News,0.05692335984779917
"2020-09-23 00:00:00.000000",AMZN,149.9929962158203,156.35000610351562,149.61900329589844,156.02149963378906,113054000,0.0,0.0,No News,-0.04126889165142078
"2020-09-24 00:00:00.000000",AMZN,150.989501953125,153.46499633789062,148.25,148.88949584960938,110588000,0.0,0.0,No News,0.006643681788120581
"2020-09-25 00:00:00.000000",AMZN,154.75650024414062,155.07699584960938,149.9499969482422,152.7429962158203,92304000,0.0,0.0,No News,0.02494874307344297
"2020-09-28 00:00:00.000000",AMZN,158.70249938964844,158.7519989013672,155.85850524902344,157.4425048828125,84484000,0.0,0.0,No News,0.025498115680328004
"2020-09-29 00:00:00.000000",AMZN,157.24400329589844,159.41299438476562,156.6269989013672,158.76950073242188,69916000,0.0,0.0,No News,-0.009190126805558863
"2020-09-30 00:00:00.000000",AMZN,157.43649291992188,160.6439971923828,156.69949340820312,157.0570068359375,97922000,0.0,0.0,No News,0.0012241460404771587
"2020-10-01 00:00:00.000000",AMZN,161.06300354003906,161.1999969482422,158.60000610351562,160.39999389648438,99438000,0.0,0.0,No News,0.023034752317315554
"2020-10-02 00:00:00.000000",AMZN,156.25,159.7899932861328,156.14999389648438,157.68150329589844,112262000,0.0,0.0,No News,-0.02988273802333874
"2020-10-05 00:00:00.000000",AMZN,159.9600067138672,160.12649536132812,157.04249572753906,157.29200744628906,75506000,0.0,0.0,No News,0.0237440429687501
"2020-10-06 00:00:00.000000",AMZN,154.9980010986328,159.10000610351562,154.5,158.25,101738000,0.0,0.0,No News,-0.03102028886576813
"2020-10-07 00:00:00.000000",AMZN,159.7845001220703,160.0,156.6195068359375,156.75,86188000,0.0,0.0,No News,0.030881037106998743
"2020-10-08 00:00:00.000000",AMZN,159.52749633789062,161.6645050048828,158.74949645996094,161.24949645996094,63482000,0.0,0.0,No News,-0.0016084400175445657
"2020-10-09 00:00:00.000000",AMZN,164.33250427246094,164.44949340820312,159.89149475097656,160.5,98158000,0.0,0.0,No News,0.030120249141207367
"2020-10-12 00:00:00.000000",AMZN,172.14649963378906,174.81199645996094,166.9774932861328,167.4969940185547,167284000,0.0,0.0,No News,0.04754990740220588
"2020-10-13 00:00:00.000000",AMZN,172.18150329589844,174.61900329589844,171.21099853515625,173.39950561523438,114894000,0.0,0.0,No News,0.0002033364732006
"2020-10-14 00:00:00.000000",AMZN,168.1855010986328,173.24400329589844,167.0,172.35000610351562,116254000,0.0,0.0,No News,-0.023208080547411636
"2020-10-15 00:00:00.000000",AMZN,166.9324951171875,167.79400634765625,164.0,164.60049438476562,104468000,0.0,0.0,No News,-0.007450142689235051
"2020-10-16 00:00:00.000000",AMZN,163.635498046875,169.98300170898438,158.0,168.1614990234375,129488000,0.0,0.0,No News,-0.019750480983333984
"2020-10-19 00:00:00.000000",AMZN,160.36050415039062,166.4499969482422,159.63699340820312,164.98049926757812,104472000,0.0,0.0,No News,-0.020013957457728493
"2020-10-20 00:00:00.000000",AMZN,160.85049438476562,163.3000030517578,159.60049438476562,161.11399841308594,90194000,0.0,0.0,No News,0.003055554339711275
"2020-10-21 00:00:00.000000",AMZN,159.2469940185547,161.69400024414062,158.0,160.625,91854000,0.0,0.0,No News,-0.009968886774915697
"2020-10-22 00:00:00.000000",AMZN,158.82000732421875,159.9375,156.0970001220703,159.49349975585938,84240000,0.0,0.0,No News,-0.0026812857408547996
"2020-10-23 00:00:00.000000",AMZN,160.22000122070312,160.26649475097656,157.0,159.5500030517578,69334000,0.0,0.0,No News,0.008814971867029398
"2020-10-26 00:00:00.000000",AMZN,160.3520050048828,164.1490020751953,157.6649932861328,159.93699645996094,118024000,0.0,0.0,No News,0.0008238907949942
"2020-10-27 00:00:00.000000",AMZN,164.31649780273438,164.58299255371094,160.56500244140625,161.2469940185547,85820000,0.0,0.0,No News,0.024723687101579017
"2020-10-28 00:00:00.000000",AMZN,158.13900756835938,163.2010040283203,158.12350463867188,162.46499633789062,111766000,0.0,0.0,No News,-0.037595069983728635
"2020-10-29 00:00:00.000000",AMZN,160.55050659179688,162.8625030517578,158.1999969482422,160.06350708007812,131930000,0.0,0.0,No News,0.015249235849637444
"2020-10-30 00:00:00.000000",AMZN,151.8074951171875,158.35000610351562,150.9499969482422,157.8874969482422,167728000,0.0,0.0,No News,-0.0544564552314909
"2020-11-02 00:00:00.000000",AMZN,150.2239990234375,153.98550415039062,147.50599670410156,153.08700561523438,145148000,0.0,0.0,No News,-0.010430948040659138
"2020-11-03 00:00:00.000000",AMZN,152.42050170898438,153.7449951171875,149.0489959716797,150.92649841308594,97958000,0.0,0.0,No News,0.014621516534147005
"2020-11-04 00:00:00.000000",AMZN,162.05799865722656,162.24249267578125,156.9864959716797,157.99949645996094,136780000,0.0,0.0,No News,0.06322966294024535
"2020-11-05 00:00:00.000000",AMZN,166.10000610351562,168.33999633789062,164.44400024414062,165.99850463867188,115786000,0.0,0.0,No News,0.024941733698923496
"2020-11-06 00:00:00.000000",AMZN,165.56849670410156,166.10000610351562,161.60000610351562,165.23199462890625,92946000,0.0,0.0,No News,-0.003199936061909714
"2020-11-09 00:00:00.000000",AMZN,157.18699645996094,164.4499969482422,155.60549926757812,161.55149841308594,143808000,0.0,0.0,No News,-0.05062255447737596
"2020-11-10 00:00:00.000000",AMZN,151.75100708007812,155.6999969482422,150.9739990234375,154.75100708007812,131820000,0.0,0.0,No News,-0.03458294580536425
"2020-11-11 00:00:00.000000",AMZN,156.8695068359375,156.95750427246094,152.5,153.08900451660156,87338000,0.0,0.0,No News,0.03372959332756431
"2020-11-12 00:00:00.000000",AMZN,155.51400756835938,158.79400634765625,154.30250549316406,157.99749755859375,87240000,0.0,0.0,No News,-0.008640935353967705
"2020-11-13 00:00:00.000000",AMZN,156.4405059814453,157.08599853515625,154.26950073242188,156.10000610351562,75124000,0.0,0.0,No News,0.005957652481424658
"2020-11-16 00:00:00.000000",AMZN,156.55299377441406,157.13499450683594,153.63450622558594,154.66000366210938,76174000,0.0,0.0,No News,0.0007190451875814
"2020-11-17 00:00:00.000000",AMZN,156.7830047607422,159.46249389648438,156.76300048828125,159.177001953125,68894000,0.0,0.0,No News,0.001469221257177411
"2020-11-18 00:00:00.000000",AMZN,155.2729949951172,157.0,155.2550048828125,156.6999969482422,58336000,0.0,0.0,No News,-0.00963120822903818
"2020-11-19 00:00:00.000000",AMZN,155.8509979248047,156.25,154.04600524902344,155.2655029296875,60206000,0.0,0.0,No News,0.003722494885254779
"2020-11-20 00:00:00.000000",AMZN,154.97000122070312,156.64450073242188,154.90249633789062,155.8509979248047,67488000,0.0,0.0,No News,-0.005652814007175211
"2020-11-23 00:00:00.000000",AMZN,154.91949462890625,156.9875030517578,153.2729949951172,155.8350067138672,94178000,0.0,0.0,No News,-0.0003259120565209
"2020-11-24 00:00:00.000000",AMZN,155.9029998779297,156.71249389648438,154.31300354003906,155.02499389648438,72042000,0.0,0.0,No News,0.006348492495275249
"2020-11-25 00:00:00.000000",AMZN,159.2534942626953,159.89999389648438,157.01300048828125,157.093505859375,75808000,0.0,0.0,No News,0.02149089105013391
"2020-11-27 00:00:00.000000",AMZN,159.76699829101562,160.8094940185547,159.50250244140625,160.56300354003906,47858000,0.0,0.0,No News,0.003224444340751864
"2020-11-30 00:00:00.000000",AMZN,158.40199279785156,161.41949462890625,156.27749633789062,160.4239959716797,81278000,0.0,0.0,No News,-0.008543726224847115
"2020-12-01 00:00:00.000000",AMZN,161.00399780273438,162.44749450683594,157.85899353027344,159.4250030517578,90740000,0.0,0.0,No News,0.01642659261366375
"2020-12-02 00:00:00.000000",AMZN,160.17649841308594,161.60000610351562,158.66299438476562,161.08250427246094,62586000,0.0,0.0,No News,-0.005139620139509304
"2020-12-03 00:00:00.000000",AMZN,159.3365020751953,161.4320068359375,159.0655059814453,160.2729949951172,57840000,0.0,0.0,No News,-0.005244192164348127
"2020-12-04 00:00:00.000000",AMZN,158.12899780273438,159.91050720214844,157.93800354003906,159.91050720214844,58272000,0.0,0.0,No News,-0.007578327983446487
"2020-12-07 00:00:00.000000",AMZN,157.89999389648438,159.03799438476562,157.08450317382812,157.82400512695312,55026000,0.0,0.0,No News,-0.00144820943300783
"2020-12-08 00:00:00.000000",AMZN,158.864501953125,159.2064971923828,156.00100708007812,157.94500732421875,65726000,0.0,0.0,No News,0.006108347649924184
"2020-12-09 00:00:00.000000",AMZN,155.2100067138672,158.72149658203125,154.39999389648438,158.39450073242188,82016000,0.0,0.0,No News,-0.02300385041546993
"2020-12-10 00:00:00.000000",AMZN,155.07449340820312,157.10499572753906,153.8000030517578,154.44949340820312,60604000,0.0,0.0,No News,-0.0008730964486967
"2020-12-11 00:00:00.000000",AMZN,155.8209991455078,155.93350219726562,153.64100646972656,154.83299255371094,61294000,0.0,0.0,No News,0.004813852496939441
"2020-12-14 00:00:00.000000",AMZN,157.84849548339844,159.52349853515625,156.3000030517578,157.14999389648438,83116000,0.0,0.0,No News,0.013011701561464806
"2020-12-15 00:00:00.000000",AMZN,158.25599670410156,159.4250030517578,156.52450561523438,159.05050659179688,66390000,0.0,0.0,No News,0.0025815971159888207
"2020-12-16 00:00:00.000000",AMZN,162.04800415039062,162.35000610351562,158.1840057373047,158.80050659179688,88552000,0.0,0.0,No News,0.023961224378619583
"2020-12-17 00:00:00.000000",AMZN,161.8040008544922,163.17550659179688,161.0500030517578,162.5,69486000,0.0,0.0,No News,-0.0015057469987226346
"2020-12-18 00:00:00.000000",AMZN,160.08250427246094,162.4709930419922,158.5800018310547,162.19949340820312,119914000,0.0,0.0,No News,-0.01063939440891426
"2020-12-21 00:00:00.000000",AMZN,160.3090057373047,161.34849548339844,158.3000030517578,160.00050354003906,76736000,0.0,0.0,No News,0.0014149045573290664
"2020-12-22 00:00:00.000000",AMZN,160.3260040283203,161.10000610351562,159.00399780273438,160.14199829101562,47388000,0.0,0.0,No News,0.0001060345358481
"2020-12-23 00:00:00.000000",AMZN,159.2635040283203,160.50650024414062,159.20849609375,160.25,41876000,0.0,0.0,No News,-0.006627122071927394
"2020-12-24 00:00:00.000000",AMZN,158.63450622558594,160.10000610351562,158.4499969482422,159.69500732421875,29038000,0.0,0.0,No News,-0.003949415822362745
"2020-12-28 00:00:00.000000",AMZN,164.197998046875,165.1999969482422,158.63450622558594,159.6999969482422,113736000,0.0,0.0,No News,0.03507113271672124
"2020-12-29 00:00:00.000000",AMZN,166.10000610351562,167.53250122070312,164.06100463867188,165.4969940185547,97458000,0.0,0.0,No News,0.011583625131030173
"2020-12-30 00:00:00.000000",AMZN,164.29249572753906,167.10499572753906,164.12350463867188,167.0500030517578,64186000,0.0,0.0,No News,-0.010882060864285004
"2018-01-02 00:00:00.000000",GOOGL,53.22063064575195,53.357995537474515,52.21940716939454,52.21940716939454,31766000,0.0,0.0,No News,0.0
"2018-01-03 00:00:00.000000",GOOGL,54.12862777709961,54.355750700510285,53.23154311672444,53.256335915730126,31318000,0.0,0.0,No News,0.017060999096224272
"2018-01-04 00:00:00.000000",GOOGL,54.33888626098633,54.751476560448786,54.26450408287468,54.40484274679612,26052000,0.0,0.0,No News,0.0038844229481034276
"2018-01-05 00:00:00.000000",GOOGL,55.05944061279297,55.22259336687567,54.63842077478719,54.72024496634498,30250000,0.0,0.0,No News,0.013260381310464586
"2018-01-08 00:00:00.000000",GOOGL,55.25382995605469,55.4993025166289,55.04505664237201,55.09464602680576,24644000,0.0,0.0,No News,0.003530536109670468
"2018-01-09 00:00:00.000000",GOOGL,55.18341064453125,55.463596141591765,54.95579208730221,55.463596141591765,26808000,0.0,0.0,No News,-0.0012744693278174957
"2018-01-10 00:00:00.000000",GOOGL,55.0519905090332,55.18290843057705,54.74651661990654,54.89627600748767,20734000,0.0,0.0,No News,-0.0023815152772017623
"2018-01-11 00:00:00.000000",GOOGL,55.14671325683594,55.28556503634139,54.87049658472819,55.15960717685105,22424000,0.0,0.0,No News,0.0017206053210228056
"2018-01-12 00:00:00.000000",GOOGL,56.069091796875,56.10132281445176,54.94637108166763,55.05001429043601,38586000,0.0,0.0,No News,0.01672590233516269
"2018-01-16 00:00:00.000000",GOOGL,56.071563720703125,56.97311273998097,55.87121991457771,56.54812417657074,36462000,0.0,0.0,No News,0.0000440871030527
"2018-01-17 00:00:00.000000",GOOGL,56.488128662109375,56.49903628307341,55.71402429869447,56.352250653332995,27830000,0.0,0.0,No News,0.00742916576183239
"2018-01-18 00:00:00.000000",GOOGL,56.33291244506836,56.562017897308706,55.762129438763544,56.50052585015715,27498000,0.0,0.0,No News,-0.0027477670214473005
"2018-01-19 00:00:00.000000",GOOGL,56.706321716308594,56.720206894332954,56.16083095816857,56.43506511586326,30552000,0.0,0.0,No News,0.0066286164700672945
"2018-01-22 00:00:00.000000",GOOGL,57.73085403442383,57.86574078088286,56.62300979947485,56.722192343467434,29550000,0.0,0.0,No News,0.0180673386512491
"2018-01-23 00:00:00.000000",GOOGL,58.32643127441406,58.44247277294646,57.884088088915895,58.05120585591647,39138000,0.0,0.0,No News,0.010316446031356286
"2018-01-24 00:00:00.000000",GOOGL,58.08443069458008,58.86597325427586,57.89152509119523,58.763321307092504,37128000,0.0,0.0,No News,-0.004149072291006806
"2018-01-25 00:00:00.000000",GOOGL,58.62248611450195,58.764315457472286,58.11170828169678,58.551573334730485,29984000,0.0,0.0,No News,0.009263332935999236
"2018-01-26 00:00:00.000000",GOOGL,58.891265869140625,58.891265869140625,57.922772751632536,58.88977898213961,42170000,0.0,0.0,No News,0.0045849258953925
"2018-01-29 00:00:00.000000",GOOGL,58.83770751953125,59.408986114209235,58.71769720777798,58.913084740245644,31494000,0.0,0.0,No News,-0.0009094446998029
"2018-01-30 00:00:00.000000",GOOGL,58.38594055175781,58.90961228811915,58.24411121339858,58.40329891610791,37338000,0.0,0.0,No News,-0.00767818779519025
"2018-01-31 00:00:00.000000",GOOGL,58.6264533996582,58.82977478286543,58.12460068518997,58.70530002463101,36022000,0.0,0.0,No News,0.0041193623949105085
"2018-02-01 00:00:00.000000",GOOGL,58.59520721435547,58.88580846888545,57.988720061776846,58.31750366291617,73514000,0.0,0.0,No News,-0.0005329707579227
"2018-02-02 00:00:00.000000",GOOGL,55.501285552978516,56.10132581213564,55.10307601990697,55.90891582064971,117842000,0.0,0.0,No News,-0.05280161652229742
"2018-02-05 00:00:00.000000",GOOGL,52.68406295776367,55.292505129117984,52.40388126656308,54.57939722930204,83550000,0.0,0.0,No News,-0.05075959173100009
"2018-02-06 00:00:00.000000",GOOGL,53.777034759521484,53.92332476135925,51.07833873275728,51.275213158237804,76630000,0.0,0.0,No News,0.02074577662383481
"2018-02-07 00:00:00.000000",GOOGL,52.337928771972656,53.88117365517062,52.29875138174202,53.803813916102946,51942000,0.0,0.0,No News,-0.02676060504236011
"2018-02-08 00:00:00.000000",GOOGL,49.97248458862305,52.76043944735816,49.82321701800605,52.55910434558178,66792000,0.0,0.0,No News,-0.04519560171468462
"2018-02-09 00:00:00.000000",GOOGL,51.884674072265625,52.154939421196886,49.44136696056784,50.873530413868025,98360000,0.0,0.0,No News,0.03826484713305445
"2018-02-12 00:00:00.000000",GOOGL,52.295780181884766,52.841766609935185,51.84599874927794,52.40041465388367,56240000,0.0,0.0,No News,0.007923459421688595
"2018-02-13 00:00:00.000000",GOOGL,52.27494812011719,52.62604638340829,51.91690726786351,52.069644225040435,31586000,0.0,0.0,No News,-0.0003983507215137
"2018-02-14 00:00:00.000000",GOOGL,53.195343017578125,53.332707921134535,52.05973210888085,52.283877489834836,41304000,0.0,0.0,No News,0.01760680652128155
"2018-02-15 00:00:00.000000",GOOGL,54.12069320678711,54.256571212523454,52.9240821910196,53.728435037863214,37396000,0.0,0.0,No News,0.01739532328804061
"2018-02-16 00:00:00.000000",GOOGL,54.32600021362305,54.96124903312961,54.130117040712896,54.22086633158134,39948000,0.0,0.0,No News,0.0037935029038058676
"2018-02-20 00:00:00.000000",GOOGL,54.7271842956543,55.35697742181171,54.05325370420619,54.190122977680886,33754000,0.0,0.0,No News,0.007384752797071403
"2018-02-21 00:00:00.000000",GOOGL,55.231014251708984,56.3443141726212,54.921571529083906,55.00042193417786,41486000,0.0,0.0,No News,0.009206210086249556
"2018-02-22 00:00:00.000000",GOOGL,55.04009246826172,55.811714885519635,54.80454007218007,55.49979401074562,28010000,0.0,0.0,No News,-0.0034567857576752736
"2018-02-23 00:00:00.000000",GOOGL,55.942142486572266,55.9872712108776,54.967698009947114,55.47450705289825,25292000,0.0,0.0,No News,0.01638896262448508
"2018-02-26 00:00:00.000000",GOOGL,56.716243743896484,56.741036543518234,56.00412704241539,56.12909364877986,30912000,0.0,0.0,No News,0.013837533260547374
"2018-02-27 00:00:00.000000",GOOGL,55.4174690246582,56.74351096130997,55.381764825198076,56.716236236936965,42964000,0.0,0.0,No News,-0.022899519317656658
"2018-02-28 00:00:00.000000",GOOGL,54.74354553222656,55.92032007840852,54.69792496509287,55.64013458167167,49292000,0.0,0.0,No News,-0.012160849354772463
"2018-03-01 00:00:00.000000",GOOGL,53.13136672973633,55.108029569544456,52.92705409936514,55.02224036000283,55338000,0.0,0.0,No News,-0.02944965998852178
"2018-03-02 00:00:00.000000",GOOGL,53.76265335083008,53.899026988063376,52.07510100225839,52.46537287912138,50162000,0.0,0.0,No News,0.011881618334889099
"2018-03-05 00:00:00.000000",GOOGL,54.289302825927734,54.60767069007468,53.174020259959434,53.4646215490841,28648000,0.0,0.0,No News,0.009795823722854369
"2018-03-06 00:00:00.000000",GOOGL,54.59378433227539,54.82834927042334,54.27640773300641,54.653293863423634,23382000,0.0,0.0,No News,0.0056084991056883915
"2018-03-07 00:00:00.000000",GOOGL,55.29498291015625,55.352509918281086,54.048782578410666,54.19309005252428,30748000,0.0,0.0,No News,0.012843926949872797
"2018-03-08 00:00:00.000000",GOOGL,56.00611114501953,56.108263680275236,55.40210212118872,55.40210212118872,33862000,0.0,0.0,No News,0.012860628531502272
"2018-03-09 00:00:00.000000",GOOGL,57.566219329833984,57.57415317734512,56.24960168630339,56.507964384844236,42662000,0.0,0.0,No News,0.027856034866887702
"2018-03-12 00:00:00.000000",GOOGL,57.81863021850586,58.42511738881455,57.484886534640694,57.77498838527019,44306000,0.0,0.0,No News,0.004384704981677645
"2018-03-13 00:00:00.000000",GOOGL,56.52829360961914,58.41718483569654,56.26348396423701,58.11121150101052,43140000,0.0,0.0,No News,-0.022316969530587816
"2018-03-14 00:00:00.000000",GOOGL,56.97361373901367,57.512657541407506,56.64929456873817,56.82038115055427,41870000,0.0,0.0,No News,0.007877827207555255
"2018-03-15 00:00:00.000000",GOOGL,57.058902740478516,57.648530918307635,56.317532656728815,57.007330847302676,33382000,0.0,0.0,No News,0.0014969912538027597
"2018-03-16 00:00:00.000000",GOOGL,56.25605010986328,57.36637261327079,56.10430439491228,57.293972942349725,58656000,0.0,0.0,No News,-0.014070593580582047
"2018-03-19 00:00:00.000000",GOOGL,54.55262756347656,55.50971364000211,53.99969477458665,55.42987575383927,63656000,0.0,0.0,No News,-0.030279810670320373
"2018-03-20 00:00:00.000000",GOOGL,54.34087371826172,54.82437680342682,53.6773551646342,54.46980535202091,54598000,0.0,0.0,No News,-0.003881643372144694
"2018-03-21 00:00:00.000000",GOOGL,54.25161361694336,54.980589276264126,53.91489614445986,54.18070083702967,44898000,0.0,0.0,No News,-0.0016425959910240095
"2018-03-22 00:00:00.000000",GOOGL,52.225852966308594,53.75173939363929,52.05178883452295,53.557842536859184,69312000,0.0,0.0,No News,-0.03734009950262751
"2018-03-23 00:00:00.000000",GOOGL,50.90675354003906,52.901766014173454,50.82344247471146,52.13758183628975,49880000,0.0,0.0,No News,-0.025257594684389262
"2018-03-26 00:00:00.000000",GOOGL,52.27246856689453,52.529348153609014,50.11480262154062,52.09939946393313,65984000,0.0,0.0,No News,0.026827776903536105
"2018-03-27 00:00:00.000000",GOOGL,49.934295654296875,52.79068877546152,49.4721159433285,52.75894960278236,60816000,0.0,0.0,No News,-0.04473048579302186
"2018-03-28 00:00:00.000000",GOOGL,49.847015380859375,50.829397438195706,48.796698101182805,49.68485768262466,77698000,0.0,0.0,No News,-0.0017479023643740543
"2018-03-29 00:00:00.000000",GOOGL,51.431915283203125,51.97294539534583,49.790482890945164,50.146045610588935,69338000,0.0,0.0,No News,0.031795281828495
"2018-04-02 00:00:00.000000",GOOGL,50.216461181640625,51.55043709116375,49.304995725569974,50.959817615214966,65068000,0.0,0.0,No News,-0.023632293195183562
"2018-04-03 00:00:00.000000",GOOGL,50.5164794921875,50.82989103838948,49.45376396334763,50.39101726128376,51322000,0.0,0.0,No News,0.005974501258893206
"2018-04-04 00:00:00.000000",GOOGL,51.06345748901367,51.21371629199325,49.417065182686365,49.50235876078964,50724000,0.0,0.0,No News,0.010827714091017793
"2018-04-05 00:00:00.000000",GOOGL,51.20875930786133,51.90649138891989,50.78030130890484,51.89062369515919,35836000,0.0,0.0,No News,0.0028455146986261504
"2018-04-06 00:00:00.000000",GOOGL,50.08355712890625,51.37537799917376,49.9000722713159,50.735664817411,40134000,0.0,0.0,No News,-0.02197284593814286
"2018-04-09 00:00:00.000000",GOOGL,50.586402893066406,51.80135970518827,50.542265432473954,50.58392096488634,33220000,0.0,0.0,No News,0.010040136783134646
"2018-04-10 00:00:00.000000",GOOGL,51.40018081665039,51.63375070876464,50.3543241899875,51.09073807094484,36620000,0.0,0.0,No News,0.0160868904892133
"2018-04-11 00:00:00.000000",GOOGL,50.83287048339844,51.36894056626015,50.542272971069025,51.177026197797105,34060000,0.0,0.0,No News,-0.011037127189797324
"2018-04-12 00:00:00.000000",GOOGL,51.439353942871094,51.804337399767896,50.881964286050106,51.15074275127111,32896000,0.0,0.0,No News,0.011930930787603877
"2018-04-13 00:00:00.000000",GOOGL,51.37736511230469,52.21742217739098,51.085280740933705,51.915421443053674,25410000,0.0,0.0,No News,-0.001205085713853471
"2018-04-16 00:00:00.000000",GOOGL,51.87624740600586,52.140561438040635,51.272238331440306,51.8489726768016,29776000,0.0,0.0,No News,0.00971015723773827
"2018-04-17 00:00:00.000000",GOOGL,53.52560806274414,53.80529791473153,52.42123702824209,52.625054032184096,54584000,0.0,0.0,No News,0.031794139692288725
"2018-04-18 00:00:00.000000",GOOGL,53.32874298095703,53.656531576402124,53.08723923405093,53.50825905100342,31126000,0.0,0.0,No News,-0.0036779606792386454
"2018-04-19 00:00:00.000000",GOOGL,54.025978088378906,54.42567449731254,53.012851887323954,53.012851887323954,39884000,0.0,0.0,No News,0.01307428355607132
"2018-04-20 00:00:00.000000",GOOGL,53.42444610595703,54.28880029452689,53.165584023727696,53.76909739769455,42434000,0.0,0.0,No News,-0.0111341247989597
"2018-04-23 00:00:00.000000",GOOGL,53.25038146972656,53.95406863635697,52.89680507681569,53.70512291892227,69590000,0.0,0.0,No News,-0.0032581458286951026
"2018-04-24 00:00:00.000000",GOOGL,50.71285629272461,52.788202259057215,50.22786633995534,52.525870774400595,128220000,0.0,0.0,No News,-0.04765271359501089
"2018-04-25 00:00:00.000000",GOOGL,50.73021697998047,51.378855318134626,50.433664383643524,51.06544376987916,57860000,0.0,0.0,No News,0.0003423330596022
"2018-04-26 00:00:00.000000",GOOGL,51.737884521484375,52.16981568812195,50.60425248870009,51.23751872622358,50926000,0.0,0.0,No News,0.019863261020578005
"2018-04-27 00:00:00.000000",GOOGL,51.149742126464844,52.15394309815945,50.95832720541133,51.84846920402665,40746000,0.0,0.0,No News,-0.011367731797679137
"2018-04-30 00:00:00.000000",GOOGL,50.51152801513672,51.492915085401805,50.49764283582104,51.29703568793298,34492000,0.0,0.0,No News,-0.012477367134132944
"2018-05-01 00:00:00.000000",GOOGL,51.61093521118164,51.65953333511568,50.11628846472264,50.3984564742984,35326000,0.0,0.0,No News,0.021765470957747723
"2018-05-02 00:00:00.000000",GOOGL,50.88196563720703,51.77111649862341,50.73864940386383,51.27620634858053,34698000,0.0,0.0,No News,-0.01412432406023667
"2018-05-03 00:00:00.000000",GOOGL,50.89435577392578,51.11205795646104,49.98140344858725,50.8482395802044,39282000,0.0,0.0,No News,0.0002435074306502
"2018-05-04 00:00:00.000000",GOOGL,52.119232177734375,52.162874009608664,50.48523810460643,50.56259783900899,36892000,0.0,0.0,No News,0.024067038184932166
"2018-05-07 00:00:00.000000",GOOGL,52.53877258300781,52.813502399515386,52.083039803551785,52.262555879427666,34400000,0.0,0.0,No News,0.008049627512599189
"2018-05-08 00:00:00.000000",GOOGL,52.49562454223633,52.82490378360529,52.1509732359064,52.79465149922729,26030000,0.0,0.0,No News,-0.0008212609212237
"2018-05-09 00:00:00.000000",GOOGL,54.00117492675781,54.251607525649504,52.67017666424424,52.76886357368179,47160000,0.0,0.0,No News,0.028679540393126812
"2018-05-10 00:00:00.000000",GOOGL,54.820411682128906,55.01579922866569,54.24566364329505,54.30120435903891,36414000,0.0,0.0,No News,0.015170720942317084
"2018-05-11 00:00:00.000000",GOOGL,54.716766357421875,54.995960595802366,54.411292432619845,54.56948509726962,30504000,0.0,0.0,No News,-0.0018906338264661482
"2018-05-14 00:00:00.000000",GOOGL,54.87644577026367,55.449211230043865,54.78718337501046,54.825365721168026,39338000,0.0,0.0,No News,0.002918290379199995
"2018-05-15 00:00:00.000000",GOOGL,53.798851013183594,54.50551196997934,53.49684650754425,54.395421806679366,35738000,0.0,0.0,No News,-0.019636744726350353
"2018-05-16 00:00:00.000000",GOOGL,53.760169982910156,54.27045594367207,53.63818093955972,53.80976314670501,25628000,0.0,0.0,No News,-0.0007189936131528
"2018-05-17 00:00:00.000000",GOOGL,53.619834899902344,54.10284238278998,53.37981804544918,53.62975504669495,25738000,0.0,0.0,No News,-0.002610391355764352
"2018-05-18 00:00:00.000000",GOOGL,53.04359817504883,53.24642394515958,52.797633763463644,52.86309084433973,35482000,0.0,0.0,No News,-0.010746708301680452
"2018-05-21 00:00:00.000000",GOOGL,53.75620651245117,54.21689932279822,53.45817080919839,53.50776019100628,25180000,0.0,0.0,No News,0.013434389104801436
"2018-05-22 00:00:00.000000",GOOGL,53.324771881103516,54.142514308298246,53.173521804708045,54.043335542942394,22226000,0.0,0.0,No News,-0.008025764080799247
"2018-05-23 00:00:00.000000",GOOGL,53.852909088134766,53.954074154766744,52.91069566583666,53.061450116078554,23740000,0.0,0.0,No News,0.00990416251960391
"2018-05-24 00:00:00.000000",GOOGL,53.82761001586914,53.910425448806265,53.17550232681941,53.899517828852964,20604000,0.0,0.0,No News,-0.0004697809773697
"2018-05-25 00:00:00.000000",GOOGL,53.759674072265625,54.03192570903824,53.686283151739836,53.882162527365246,22224000,0.0,0.0,No News,-0.0012621021736518578
"2018-05-29 00:00:00.000000",GOOGL,52.96574020385742,53.623803084012096,52.718285133936725,53.35898964912242,36076000,0.0,0.0,No News,-0.01476820464612505
"2018-05-30 00:00:00.000000",GOOGL,53.431888580322266,53.50726580445433,52.89036283283215,53.234022894047186,28686000,0.0,0.0,No News,0.00880094141365162
"2018-05-31 00:00:00.000000",GOOGL,54.549156188964844,55.045057608864525,53.45817457855658,53.65653211977439,79368000,0.0,0.0,No News,0.020910127609714335
"2018-06-01 00:00:00.000000",GOOGL,56.28480911254883,56.4415148938306,55.14473000386579,55.187380581436216,63202000,0.0,0.0,No News,0.031818144309537555
"2018-06-04 00:00:00.000000",GOOGL,57.179412841796875,57.418438425591134,56.38398509535584,56.45837105864911,44754000,0.0,0.0,No News,0.015894230492266015
"2018-06-05 00:00:00.000000",GOOGL,57.07923889160156,57.579109082894355,56.90270039283215,57.25974998898025,32964000,0.0,0.0,No News,-0.0017519233797044231
"2018-06-06 00:00:00.000000",GOOGL,56.877410888671875,57.26223085912738,56.35026972869474,57.1660258665135,34934000,0.0,0.0,No News,-0.0035359266670141887
"2018-06-07 00:00:00.000000",GOOGL,56.25605010986328,56.82385557667041,55.84445101917018,56.759885382484924,36108000,0.0,0.0,No News,-0.010924561598361193
"2018-06-08 00:00:00.000000",GOOGL,56.17124938964844,56.472258876258145,55.70113204704333,56.096863422878286,27284000,0.0,0.0,No News,-0.0015074062265166832
"2018-06-11 00:00:00.000000",GOOGL,56.577388763427734,56.91658816528668,56.1062839480188,56.1826524304794,24796000,0.0,0.0,No News,0.007230378141707128
"2018-06-12 00:00:00.000000",GOOGL,56.938899993896484,56.96667034977643,56.5833372860979,56.5833372860979,26092000,0.0,0.0,No News,0.0063896768368079115
"2018-06-13 00:00:00.000000",GOOGL,56.742523193359375,57.308349889397284,56.7003720290939,57.14172396484692,34302000,0.0,0.0,No News,-0.0034489040104069835
"2018-06-14 00:00:00.000000",GOOGL,57.53001022338867,57.82159893542282,57.058406058927055,57.138247717030815,35422000,0.0,0.0,No News,0.01387825189489389
"2018-06-15 00:00:00.000000",GOOGL,57.48836135864258,57.71845805977032,57.21164904913898,57.520592376234816,44438000,0.0,0.0,No News,-0.0007239502406547
"2018-06-18 00:00:00.000000",GOOGL,58.69389343261719,58.72116815848394,57.07824521357775,57.162051906971335,33038000,0.0,0.0,No News,0.020970019765459424
"2018-06-19 00:00:00.000000",GOOGL,58.4514045715332,58.65571343900531,57.604404877641464,58.02592031687286,47282000,0.0,0.0,No News,-0.004131415500019053
"2018-06-20 00:00:00.000000",GOOGL,58.718196868896484,59.58205930091618,58.61703558465915,58.68001451866374,51686000,0.0,0.0,No News,0.0045643436512594615
"2018-06-21 00:00:00.000000",GOOGL,57.99269104003906,59.028627478081944,57.69713348494236,58.7896056767175,44966000,0.0,0.0,No News,-0.01235572390748474
"2018-06-22 00:00:00.000000",GOOGL,57.98524856567383,58.268407808813684,57.50719743118125,58.09434746649397,34220000,0.0,0.0,No News,-0.0001283346958343
"2018-06-25 00:00:00.000000",GOOGL,56.49705123901367,57.32570123702275,55.535992641005855,57.27660748631316,57682000,0.0,0.0,No News,-0.025665102133254347
"2018-06-26 00:00:00.000000",GOOGL,56.166786193847656,56.87344343530432,55.987270124992094,56.73806483186919,34688000,0.0,0.0,No News,-0.005845704119473605
"2018-06-27 00:00:00.000000",GOOGL,55.38920593261719,56.840710163752625,55.377303271033774,56.33439303520849,34538000,0.0,0.0,No News,-0.0138441294922379
"2018-06-28 00:00:00.000000",GOOGL,55.87717056274414,56.23521138228854,54.850159335644705,55.163567068263,29726000,0.0,0.0,No News,0.008809742293842904
"2018-06-29 00:00:00.000000",GOOGL,55.996681213378906,56.60019454988772,55.88907298645991,56.15140445505855,31562000,0.0,0.0,No News,0.0021388099903978386
"2018-07-02 00:00:00.000000",GOOGL,56.637386322021484,56.68102815144789,54.87644323394959,55.31035689959812,23216000,0.0,0.0,No News,0.011441840744117249
"2018-07-03 00:00:00.000000",GOOGL,55.35647964477539,57.02419550778411,55.264739098157946,56.999898337280264,16448000,0.0,0.0,No News,-0.022615921397984073
"2018-07-05 00:00:00.000000",GOOGL,56.59672927856445,56.73806299233003,55.69567577703907,55.76907048507362,28594000,0.0,0.0,No News,0.022404777936526843
"2018-07-06 00:00:00.000000",GOOGL,57.280574798583984,57.336115507701486,56.39588470082702,56.62052946544287,21820000,0.0,0.0,No News,0.012082774547866437
"2018-07-09 00:00:00.000000",GOOGL,57.88557052612305,57.91780532418949,57.38719103728526,57.524555921486936,21584000,0.0,0.0,No News,0.010561970260710707
"2018-07-10 00:00:00.000000",GOOGL,57.87862777709961,58.194021818057855,57.65150487130604,58.01996147583568,21334000,0.0,0.0,No News,-0.0001199392000517
"2018-07-11 00:00:00.000000",GOOGL,58.09286880493164,58.538185792117275,57.294962855903464,57.30735736449312,33252000,0.0,0.0,No News,0.003701556793245242
"2018-07-12 00:00:00.000000",GOOGL,59.570648193359375,59.60684802511169,58.17418898558907,58.261468868395724,44148000,0.0,0.0,No News,0.02543822363791204
"2018-07-13 00:00:00.000000",GOOGL,59.72735595703125,60.02588729269595,59.27459698855449,59.6470186605164,32612000,0.0,0.0,No News,0.002630620421708585
"2018-07-16 00:00:00.000000",GOOGL,59.3350944519043,59.940094719942486,59.180866827730966,59.69710032807328,26784000,0.0,0.0,No News,-0.006567535074031294
"2018-07-17 00:00:00.000000",GOOGL,60.15679931640625,60.43847167207757,58.61553709831687,58.652236340079845,40162000,0.0,0.0,No News,0.013848547341034578
"2018-07-18 00:00:00.000000",GOOGL,60.14837646484375,60.578817000428316,59.734299252775074,59.93116989766514,38948000,0.0,0.0,No News,-0.0001400149552205
"2018-07-19 00:00:00.000000",GOOGL,59.46353530883789,60.325411378483885,59.3955963063549,59.8379394825147,38338000,0.0,0.0,No News,-0.01138586269915609
"2018-07-20 00:00:00.000000",GOOGL,59.40303421020508,60.04225180149662,59.33906023978065,59.47047758336647,37938000,0.0,0.0,No News,-0.0010174487325481651
"2018-07-23 00:00:00.000000",GOOGL,60.053653717041016,60.2569750899335,59.11193600879437,59.29294272859195,65446000,0.0,0.0,No News,0.0109526308796557
"2018-07-24 00:00:00.000000",GOOGL,62.39183807373047,63.22743075179263,61.69707970330851,63.02906942804267,107600000,0.0,0.0,No News,0.03893492255619346
"2018-07-25 00:00:00.000000",GOOGL,63.2740364074707,63.38809159686824,61.940556222081916,62.11759412022691,51104000,3.0,-0.119,negative,0.01413964327670092
"2018-07-26 00:00:00.000000",GOOGL,63.748130798339844,63.842353281414326,62.6323525728153,62.839639008837025,54686000,4.0,-0.04615,neutral,0.00749271609315505
"2018-07-27 00:00:00.000000",GOOGL,62.13098907470703,64.04268678664052,61.71442994578182,63.92764032936621,48362000,1.0,0.5779,positive,-0.025367672798885077
"2018-07-30 00:00:00.000000",GOOGL,60.99785232543945,62.13098879607649,60.70675921387237,61.742200025261354,43896000,4.0,0.1976,neutral,-0.018237867546339603
"2018-07-31 00:00:00.000000",GOOGL,60.85800552368164,61.551772541292095,60.31102790864113,61.0806639888253,39382000,5.0,0.35446,positive,-0.0022926512397796195
"2018-08-01 00:00:00.000000",GOOGL,61.14414978027344,61.784354899209696,60.744948993606215,61.44764120126705,36994000,6.0,0.09381666666666667,neutral,0.004701834280133488
"2018-08-02 00:00:00.000000",GOOGL,61.54780960083008,61.7104667119602,60.4037654708789,60.425584496741564,34704000,2.0,-0.0852,negative,0.006601773383180909
"2018-08-03 00:00:00.000000",GOOGL,61.40052795410156,61.815100793177606,60.967109863223676,61.74864867459752,21264000,2.0,0.0,neutral,-0.002392963253830094
"2018-08-06 00:00:00.000000",GOOGL,61.376224517822266,61.61376321311959,61.022152480370046,61.571612050334366,22114000,2.0,0.0,neutral,-0.0003958180342922
"2018-08-07 00:00:00.000000",GOOGL,62.277278900146484,62.78508294379242,62.07693507500244,62.087347066897074,42506000,1.0,0.0,neutral,0.014680837562150328
"2018-08-08 00:00:00.000000",GOOGL,62.54952621459961,63.06476465719997,62.09279847094709,62.32091263658967,34344000,0.0,0.0,No News,0.0043715351611561815
"2018-08-09 00:00:00.000000",GOOGL,62.70474624633789,63.076672285932354,62.48853472509049,62.61895703178096,27326000,0.0,0.0,No News,0.002481554076137149
"2018-08-10 00:00:00.000000",GOOGL,62.11214065551758,62.54308056962345,61.84683539663848,62.44290677016618,26602000,1.0,-0.8779,negative,-0.009450729431106253
"2018-08-13 00:00:00.000000",GOOGL,61.92022705078125,62.77962496101555,61.840389171065105,62.04717994879449,27500000,4.0,-0.23795,neutral,-0.0030897921519192906
"2018-08-14 00:00:00.000000",GOOGL,62.39134216308594,62.51283558847085,61.46896522772565,62.11165228168397,28080000,6.0,-0.07798333333333334,neutral,0.007608420297269269
"2018-08-15 00:00:00.000000",GOOGL,61.105953216552734,62.08585320705365,60.809404435653065,61.70401085096864,37052000,2.0,0.0,neutral,-0.02060204031471702
"2018-08-16 00:00:00.000000",GOOGL,60.70130157470703,61.675254094846835,60.481616876650435,61.590452358478274,32176000,1.0,0.0,neutral,-0.0066221312416429035
"2018-08-17 00:00:00.000000",GOOGL,60.29417037963867,60.84462122823014,59.706528439964295,60.601134976171906,33092000,0.0,0.0,No News,-0.006707124633353878
"2018-08-20 00:00:00.000000",GOOGL,60.5966682434082,60.79304703382085,59.93960043624194,60.5326980557905,22218000,1.0,-0.9041,negative,0.0050170333527250754
"2018-08-21 00:00:00.000000",GOOGL,60.371524810791016,61.132735197726866,60.25350080424783,60.64972776796793,23082000,1.0,0.0,neutral,-0.0037154424350992477
"2018-08-22 00:00:00.000000",GOOGL,60.586753845214844,60.823793135762685,60.163747749963264,60.21333713228483,22296000,3.0,0.30983333333333335,neutral,0.003565075341369406
"2018-08-23 00:00:00.000000",GOOGL,60.557491302490234,61.252249616869754,60.46773327420355,60.49401674337012,24666000,4.0,0.010525000000000007,neutral,-0.0004829858156681
"2018-08-24 00:00:00.000000",GOOGL,61.33061218261719,61.36284320352693,60.570392913280784,60.79751586388911,24454000,0.0,0.0,No News,0.012766725693195369
"2018-08-27 00:00:00.000000",GOOGL,62.29860305786133,62.37794909590035,61.525493733098216,61.697075946101634,28580000,0.0,0.0,No News,0.015783160167419652
"2018-08-28 00:00:00.000000",GOOGL,61.78236770629883,62.31298202386681,61.639051483139156,62.280251594971496,27330000,8.0,-0.2375625,neutral,-0.00828646753255502
"2018-08-29 00:00:00.000000",GOOGL,62.714168548583984,62.83913893962649,62.12652660202709,62.23562551505126,36926000,5.0,0.32414,neutral,0.015081986606838349
"2018-08-30 00:00:00.000000",GOOGL,62.207847595214844,62.95417774723194,61.849311139539424,62.65217325716304,30104000,6.0,-0.017099999999999987,neutral,-0.008073469920547582
"2018-08-31 00:00:00.000000",GOOGL,61.08513641357422,62.11413033569713,60.7851143929751,62.09727138257301,42308000,1.0,0.0,neutral,-0.018047741965709574
"2018-09-04 00:00:00.000000",GOOGL,60.06903076171875,60.89024638459833,59.83347835374634,60.62493731993848,41458000,4.0,-0.1561,neutral,-0.016634253625562367
"2018-09-05 00:00:00.000000",GOOGL,59.46353530883789,60.24556971398544,58.28527013841559,59.96538422822053,53988000,6.0,-0.4390833333333333,negative,-0.01007999372060342
"2018-09-06 00:00:00.000000",GOOGL,58.71422576904297,59.45807780419467,57.70357780512544,59.43725003801267,46854000,2.0,0.4013,neutral,-0.012601160289296698
"2018-09-07 00:00:00.000000",GOOGL,58.396854400634766,58.940362668965435,57.98426407187492,58.11964267239288,32658000,0.0,0.0,No News,-0.005405357292057489
"2018-09-10 00:00:00.000000",GOOGL,58.27138900756836,58.84663645485562,58.05071303312725,58.724643619292685,27670000,0.0,0.0,No News,-0.002148495742692602
"2018-09-11 00:00:00.000000",GOOGL,59.01176452636719,59.05887575957058,57.81961802390241,58.075006914337344,29254000,1.0,0.0,neutral,0.01270564390875717
"2018-09-12 00:00:00.000000",GOOGL,58.09981155395508,59.04648565950591,57.83003803658529,58.615545695752786,35716000,4.0,0.164425,neutral,-0.01545374858270232
"2018-09-13 00:00:00.000000",GOOGL,58.62248611450195,58.906144800442625,57.98178160132907,58.50148832279991,40068000,1.0,-0.7939,negative,0.008996148981679442
"2018-09-14 00:00:00.000000",GOOGL,58.41618728637695,58.913083692868184,58.195015701265106,58.913083692868184,24176000,1.0,0.0,neutral,-0.0035191074585620985
"2018-09-17 00:00:00.000000",GOOGL,57.51612854003906,58.606614394562406,57.44818953887097,58.40577494821797,34096000,0.0,0.0,No News,-0.015407694136652217
"2018-09-18 00:00:00.000000",GOOGL,57.87714767456055,58.582321797238215,57.59547528537028,57.65647170249509,32314000,2.0,0.4732,neutral,0.006276833015111061
"2018-09-19 00:00:00.000000",GOOGL,58.232215881347656,58.33139465004601,57.456128963458156,57.968893110208704,25962000,1.0,0.0,neutral,0.006134860148665933
"2018-09-20 00:00:00.000000",GOOGL,59.09012222290039,59.21062817046431,58.33040242500614,58.54959151062882,29244000,2.0,-0.43995,negative,0.014732503796537344
"2018-09-21 00:00:00.000000",GOOGL,58.12559509277344,59.33856951836281,58.12262131875296,59.256249702666175,91222000,2.0,0.2573,neutral,-0.0163229841781094
"2018-09-24 00:00:00.000000",GOOGL,58.49454879760742,58.77373927041255,57.103049527865714,57.49530773446376,31150000,4.0,0.204875,neutral,0.006347525633846995
"2018-09-25 00:00:00.000000",GOOGL,59.205169677734375,59.352450934388095,58.223283283094446,58.72712229225433,33152000,6.0,0.24444999999999997,neutral,0.012148497505053424
"2018-09-26 00:00:00.000000",GOOGL,59.21360397338867,59.867202437262,58.78415467619943,59.19525813307723,37650000,5.0,0.13372,neutral,0.0001424587700738
"2018-09-27 00:00:00.000000",GOOGL,59.87314987182617,60.344254675953586,59.41146580174746,59.50816642084424,36274000,1.0,0.0,neutral,0.01113841844069996
"2018-09-28 00:00:00.000000",GOOGL,59.8592643737793,59.927203377959636,59.40055408003131,59.71098807412837,35612000,3.0,-0.16949999999999998,neutral,-0.0002319152754883
"2018-10-01 00:00:00.000000",GOOGL,59.93116760253906,60.70824572698339,59.66635796192312,60.15283860556352,33164000,2.0,0.0,neutral,0.0012012046842202473
"2018-10-02 00:00:00.000000",GOOGL,59.88703536987305,60.72411867083924,59.49130778630442,59.83893287455786,40180000,3.0,0.0,neutral,-0.0007363819934011
"2018-10-03 00:00:00.000000",GOOGL,60.07993698120117,60.211350537994456,59.61477975331187,60.10324289211977,26246000,1.0,0.0,neutral,0.0032210913453425416
"2018-10-04 00:00:00.000000",GOOGL,58.37106704711914,59.80074861861647,57.71548608579718,59.7576061952022,46576000,2.0,0.0,neutral,-0.028443271080938914
"2018-10-05 00:00:00.000000",GOOGL,57.912845611572266,58.61553772980196,57.24288392054998,58.317997678146384,31852000,1.0,0.0,neutral,-0.007850146634752808
"2018-10-08 00:00:00.000000",GOOGL,57.32223892211914,58.31106421425364,56.30464822979984,57.52456528088312,46190000,11.0,-0.26014545454545457,neutral,-0.010198198399961056
"2018-10-09 00:00:00.000000",GOOGL,56.78913879394531,57.60142551523333,56.739549411488625,57.09362146132531,33690000,5.0,-0.30538,neutral,-0.00930005767740727
"2018-10-10 00:00:00.000000",GOOGL,54.160369873046875,56.38498361968212,54.12813507082892,56.354235704467875,58980000,2.0,0.209,neutral,-0.04628999447300497
"2018-10-11 00:00:00.000000",GOOGL,54.089942932128906,55.34556779109662,53.35352912030459,53.50973925718462,67696000,3.0,0.15753333333333336,positive,-0.0013003408411547124
"2018-10-12 00:00:00.000000",GOOGL,55.5677375793457,55.83006909493526,54.302691828734865,55.52310448461403,49370000,4.0,0.783,positive,0.02732106131210199
"2018-10-15 00:00:00.000000",GOOGL,54.6701545715332,55.63021818118948,54.460881853987075,55.44177701468576,30074000,1.0,-0.9604,negative,-0.01615295217896595
"2018-10-16 00:00:00.000000",GOOGL,56.18959426879883,56.35274700722505,55.13183877872976,55.217627994318065,38378000,4.0,-0.10605,negative,0.02779285533713849
"2018-10-17 00:00:00.000000",GOOGL,55.9173469543457,56.87988872075528,55.24341638076275,56.532759256237064,35652000,1.0,0.0,neutral,-0.00484515537077479
"2018-10-18 00:00:00.000000",GOOGL,54.44551086425781,56.15339540928809,53.871754093826716,56.036858277452815,46152000,6.0,-0.14013333333333333,neutral,-0.02632163667009424
"2018-10-19 00:00:00.000000",GOOGL,54.806026458740234,55.588064644030325,54.40186941514952,54.73313116691298,41286000,2.0,0.0,neutral,0.006621585301701982
"2018-10-22 00:00:00.000000",GOOGL,55.11299514770508,55.62476424922726,54.54915473377439,55.16952712111262,27116000,4.0,-0.22035,neutral,0.005601002459025839
"2018-10-23 00:00:00.000000",GOOGL,55.288543701171875,55.44178008457866,53.50825942535096,54.117224793175346,37686000,3.0,-0.18643333333333334,negative,0.0031852479255811694
"2018-10-24 00:00:00.000000",GOOGL,52.4227294921875,55.37334518760278,52.320573164870176,55.2930078869748,49286000,5.0,-0.021519999999999984,neutral,-0.051833779968482596
"2018-10-25 00:00:00.000000",GOOGL,54.7271842956543,55.432850277026816,53.33667631790497,53.57222873103137,72956000,11.0,0.14384545454545455,neutral,0.04395907702231017
"2018-10-26 00:00:00.000000",GOOGL,53.743316650390625,55.3921873664318,51.68433373279852,51.98683390312429,106438000,9.0,-0.43315555555555557,negative,-0.017977677052568475
"2018-10-29 00:00:00.000000",GOOGL,51.312400817871094,54.98703168333378,49.94718520148178,54.37756697945334,81290000,4.0,-0.044975000000000015,neutral,-0.04523196527547879
"2018-10-30 00:00:00.000000",GOOGL,52.045345306396484,52.11427556975001,50.28291511551271,50.582437710545854,59768000,2.0,0.0,neutral,0.014283964048513509
"2018-10-31 00:00:00.000000",GOOGL,54.082008361816406,54.94587068637152,52.97218166328328,52.97218166328328,70916000,2.0,0.82775,positive,0.03913247272027642
"2018-11-01 00:00:00.000000",GOOGL,53.85389709472656,54.54419095847466,53.449240636057006,54.122675548098016,40132000,4.0,0.19247499999999998,positive,-0.004217877146198923
"2018-11-02 00:00:00.000000",GOOGL,53.135337829589844,54.4499728681632,52.94540599746691,54.0036608708647,43438000,3.0,-0.47833333333333333,negative,-0.013342753336361257
"2018-11-05 00:00:00.000000",GOOGL,52.35379409790039,53.22757282190439,51.276202151660776,53.18690854656396,45358000,1.0,0.0,neutral,-0.014708549218148126
"2018-11-06 00:00:00.000000",GOOGL,53.040122985839844,53.54842264477756,52.248664069488854,52.31858558730312,28660000,1.0,0.0,neutral,0.013109439339888729
"2018-11-07 00:00:00.000000",GOOGL,54.957767486572266,55.04157417531728,53.58660061849245,53.73041245750137,43388000,4.0,0.33147499999999996,neutral,0.03615460132406523
"2018-11-08 00:00:00.000000",GOOGL,54.28285217285156,54.956782731858674,53.7735612372915,54.91116216518148,33694000,1.0,0.0,neutral,-0.012280617364699209
"2018-11-09 00:00:00.000000",GOOGL,53.409576416015625,53.97143054513672,52.77680572036268,53.75670589634518,34860000,0.0,0.0,No News,-0.016087506862299428
"2018-11-12 00:00:00.000000",GOOGL,52.03791046142578,53.264773886277624,51.59110657655754,53.216671387507866,34002000,0.0,0.0,No News,-0.0256820227126634
"2018-11-13 00:00:00.000000",GOOGL,51.968971252441406,52.89630811987001,51.59357584507259,52.30817061399031,25750000,2.0,0.4287,neutral,-0.0013247881856339738
"2018-11-14 00:00:00.000000",GOOGL,52.29677200317383,52.85267858421716,51.628792730384205,52.565550481816324,34666000,4.0,-0.14,negative,0.006307624392642319
"2018-11-15 00:00:00.000000",GOOGL,53.11351776123047,53.50131148140594,51.637712533591234,52.14204716151676,41584000,6.0,-0.14983333333333335,neutral,0.015617517616710153
"2018-11-16 00:00:00.000000",GOOGL,52.97565841674805,53.18244920128964,52.312635487457975,52.824903973568865,35366000,3.0,-0.18910000000000002,negative,-0.0025955604202712035
"2018-11-19 00:00:00.000000",GOOGL,50.94989776611328,52.96226867525788,50.724265514564266,52.7336550830274,45684000,2.0,-0.48625,negative,-0.03823946150321611
"2018-11-20 00:00:00.000000",GOOGL,51.100154876708984,51.44232802676677,49.69973067309953,49.9516463854331,54458000,1.0,-0.9581,negative,0.0029491150558429435
"2018-11-21 00:00:00.000000",GOOGL,51.74383544921875,52.30321135194461,51.546961040367535,51.83706287462621,29698000,3.0,0.25133333333333335,neutral,0.012596450520801605
"2018-11-23 00:00:00.000000",GOOGL,51.08280563354492,51.7225189105899,51.004450849399845,51.2514102979892,14178000,0.0,0.0,No News,-0.012775044793936097
"2018-11-26 00:00:00.000000",GOOGL,52.36420822143555,52.41677137360216,51.56233355629475,51.77210188629733,31558000,5.0,-0.15663999999999997,negative,0.025084812237665233
"2018-11-27 00:00:00.000000",GOOGL,52.18270492553711,52.90077288477134,51.84648690239975,52.13609310498648,33048000,6.0,-0.15536666666666668,negative,-0.0034661709221478487
"2018-11-28 00:00:00.000000",GOOGL,54.14201354980469,54.1950761137908,51.7200300409926,52.43958489263335,46042000,2.0,0.0,neutral,0.03754708819834929
"2018-11-29 00:00:00.000000",GOOGL,54.28037643432617,54.55659312524138,53.656530858582514,53.73240371350894,31004000,1.0,0.0,neutral,0.0025555548353259905
"2018-11-30 00:00:00.000000",GOOGL,55.02769088745117,55.02769088745117,53.715042237817364,54.33244077387761,59668000,1.0,0.0,neutral,0.013767672632653438
"2018-12-03 00:00:00.000000",GOOGL,55.36044692993164,56.28480631004417,55.13084208010113,56.14397201390017,57532000,2.0,0.0,neutral,0.006047065343175229
"2018-12-04 00:00:00.000000",GOOGL,52.68803787231445,55.25532043785084,52.60423116972486,55.193332761663406,45630000,2.0,0.44395,neutral,-0.04827289528568279
"2018-12-06 00:00:00.000000",GOOGL,53.46213150024414,53.52858361219616,51.69672392391743,51.821690517960654,47436000,4.0,-0.14755,neutral,0.014692018514822047
"2018-12-07 00:00:00.000000",GOOGL,51.90004348754883,53.80678483588291,51.542498271462186,53.17203169584198,42682000,1.0,0.0,neutral,-0.029218588351423658
"2018-12-10 00:00:00.000000",GOOGL,52.22734451293945,52.54571236714273,51.22661659854662,51.71954044563596,33652000,3.0,-0.30119999999999997,neutral,0.006306372854372411
"2018-12-11 00:00:00.000000",GOOGL,52.647369384765625,53.081283083389565,52.07460390793039,52.90970087647782,33852000,3.0,0.23629999999999998,neutral,0.008042240625925512
"2018-12-12 00:00:00.000000",GOOGL,53.24641799926758,54.13903818940161,53.159138117751525,53.412544503125076,28960000,2.0,-0.34725,negative,0.011378509914216073
"2018-12-13 00:00:00.000000",GOOGL,53.23699188232422,53.97489636278755,52.81299834519464,53.34262138246807,24986000,4.0,0.121025,positive,-0.0001770281888913
"2018-12-14 00:00:00.000000",GOOGL,52.15443801879883,53.14673631574728,52.03839653155946,52.56653266297735,36358000,0.0,0.0,No News,-0.020334617438909408
"2018-12-17 00:00:00.000000",GOOGL,50.862125396728516,52.683569409654616,50.414822147604106,51.92136773015582,49932000,2.0,-0.3981,negative,-0.024778574387178787
"2018-12-18 00:00:00.000000",GOOGL,51.74284362792969,52.55017019559987,51.10163977241483,51.27619952675167,43640000,2.0,-0.3853,negative,0.01731579685928386
"2018-12-19 00:00:00.000000",GOOGL,51.348602294921875,53.34460607430533,50.553673969353085,51.935252952231664,58264000,0.0,0.0,No News,-0.007619243655078267
"2018-12-20 00:00:00.000000",GOOGL,50.75947189331055,51.942693316807016,49.979915657086195,50.87947841740383,53674000,2.0,-0.43935,negative,-0.011473153606550879
"2018-12-21 00:00:00.000000",GOOGL,49.15622329711914,51.458196608978,48.65734815338162,51.17900616560844,104656000,0.0,0.0,No News,-0.031585210333969105
"2018-12-24 00:00:00.000000",GOOGL,48.829917907714844,50.19116464341716,48.48228907614049,48.81255954504029,36360000,3.0,-0.6275000000000001,negative,-0.006638129773151591
"2018-12-26 00:00:00.000000",GOOGL,51.96302795410156,51.99278082622474,49.22565021595134,49.49046364150032,46318000,1.0,0.0,neutral,0.06416373773775486
"2018-12-27 00:00:00.000000",GOOGL,52.21345520019531,52.235274224650134,49.93726596635877,50.8893994630254,45996000,3.0,-0.3236,neutral,0.004819335130257452
"2018-12-28 00:00:00.000000",GOOGL,51.90501022338867,52.77531586616497,51.672927205277276,52.54075470295131,34398000,1.0,0.0,neutral,-0.005907384899620394
"2018-12-31 00:00:00.000000",GOOGL,51.81970977783203,52.713820629058745,51.22859468884806,52.457932318095075,33110000,1.0,0.0,neutral,-0.001643395217331145
"2019-01-02 00:00:00.000000",GOOGL,52.301727294921875,52.6047230648871,50.843776043780714,50.93898977352967,31868000,1.0,-0.9702,negative,0.009301818152907648
"2019-01-03 00:00:00.000000",GOOGL,50.85319900512695,52.875981979933826,50.69947078305662,52.10287264182408,41960000,3.0,0.29386666666666666,neutral,-0.027695610923648473
"2019-01-04 00:00:00.000000",GOOGL,53.46163558959961,53.557344942092904,51.41802506935815,51.700688682993224,46022000,4.0,0.214625,neutral,0.05129346109002264
"2019-01-07 00:00:00.000000",GOOGL,53.35502624511719,53.69124431582315,52.696467715878086,53.60545509662506,47446000,7.0,0.10130000000000002,neutral,-0.001994128000512574
"2019-01-08 00:00:00.000000",GOOGL,53.823646545410156,54.21937410077029,52.979620715422925,53.854886302804,35414000,0.0,0.0,No News,0.008783058190995785
"2019-01-09 00:00:00.000000",GOOGL,53.6391716003418,54.13457733639377,53.2781531970929,53.95357439752464,26998000,1.0,0.4676,positive,-0.003427395892114493
"2019-01-10 00:00:00.000000",GOOGL,53.499324798583984,53.547922917061186,52.79762396249132,53.30641921144527,26598000,4.0,-0.706775,negative,-0.0026071767625307496
"2019-01-11 00:00:00.000000",GOOGL,52.78721237182617,53.228564287913436,52.38850724708884,53.05648645219858,30864000,0.0,0.0,No News,-0.013310680638284667
"2019-01-14 00:00:00.000000",GOOGL,52.14452362060547,52.48867928043949,51.99773800063954,52.235272902263915,28490000,3.0,-0.5439333333333334,negative,-0.012175084122527435
"2019-01-15 00:00:00.000000",GOOGL,53.88018035888672,53.96746024116966,52.28982429846491,52.46686220785265,37518000,0.0,0.0,No News,0.03328550378386019
"2019-01-16 00:00:00.000000",GOOGL,54.02894973754883,54.666184830089556,53.95456755691764,54.05325069106837,38280000,1.0,0.0,neutral,0.002761115082970722
"2019-01-17 00:00:00.000000",GOOGL,54.505516052246094,54.58386705102719,53.71901337333294,53.95357830753692,24896000,2.0,-0.43685,negative,0.00882057335950881
"2019-01-18 00:00:00.000000",GOOGL,54.91115951538086,55.44177382173564,54.51344565423578,54.97512970149426,44892000,0.0,0.0,No News,0.007442246079202963
"2019-01-22 00:00:00.000000",GOOGL,53.489410400390625,54.498075902626475,53.10558170056644,54.35079086117299,39632000,3.0,0.0,neutral,-0.02589180646589695
"2019-01-23 00:00:00.000000",GOOGL,53.77604293823242,54.19954087399449,52.94094594559311,53.89753635595871,25194000,1.0,0.9118,positive,0.005358678207447731
"2019-01-24 00:00:00.000000",GOOGL,53.755706787109375,53.954068082652434,53.06243540230298,53.681816457292754,29114000,3.0,-0.9197333333333333,negative,-0.0003781637698111
"2019-01-25 00:00:00.000000",GOOGL,54.6240348815918,54.71577542869572,54.14251429554499,54.263016457589686,23260000,1.0,0.0,neutral,0.016153226259702835
"2019-01-28 00:00:00.000000",GOOGL,53.550411224365234,54.22037301937259,53.29006221997259,54.05672842479024,29334000,3.0,0.20693333333333333,neutral,-0.0196547849230444
"2019-01-29 00:00:00.000000",GOOGL,53.064422607421875,53.7919113705398,52.86407877841263,53.6089221228322,19704000,1.0,0.8398,positive,-0.009075347991393867
"2019-01-30 00:00:00.000000",GOOGL,54.4494743347168,54.52534718103893,53.39072388882378,53.42642809001765,29452000,2.0,0.0,neutral,0.026101324752777044
"2019-01-31 00:00:00.000000",GOOGL,55.83303451538086,55.92130565019333,54.80949644829899,55.1561302445522,40232000,3.0,-0.45513333333333333,negative,0.025409982328918668
"2019-02-01 00:00:00.000000",GOOGL,55.47251510620117,56.25504886866578,55.25580797748585,55.654509292670554,33116000,1.0,0.6793,positive,-0.006457098603164235
"2019-02-04 00:00:00.000000",GOOGL,56.60317611694336,56.64880046780075,55.41747645791283,55.491862423764644,78408000,17.0,0.3085647058823529,positive,0.020382364285764787
"2019-02-05 00:00:00.000000",GOOGL,57.12138748168945,57.16602057091122,55.719476412753856,56.01850335517409,82296000,13.0,0.13643846153846154,neutral,0.009155164079051925
"2019-02-06 00:00:00.000000",GOOGL,55.68427276611328,57.22702204444144,55.45962798014585,56.99246089522924,48256000,1.0,0.0,neutral,-0.02515896022373132
"2019-02-07 00:00:00.000000",GOOGL,54.84223175048828,55.14373685655709,54.23128012441886,55.13530738050181,38298000,3.0,-0.524,negative,-0.015121702660314207
"2019-02-08 00:00:00.000000",GOOGL,54.66717529296875,54.80206204094916,54.263513873819036,54.29524926151284,21766000,0.0,0.0,No News,-0.003192000980484777
"2019-02-11 00:00:00.000000",GOOGL,54.65428161621094,55.21514822312965,54.54915152300957,54.73511453956528,18498000,1.0,0.0,neutral,-0.0002358577462382
"2019-02-12 00:00:00.000000",GOOGL,55.916847229003906,56.178683086895354,55.0951360411319,55.0951360411319,35036000,2.0,-0.01630000000000001,negative,0.023100946082483587
"2019-02-13 00:00:00.000000",GOOGL,55.96891403198242,56.674088088339815,55.83849173367112,56.18760746750366,28042000,2.0,0.4642,neutral,0.0009311469719542
"2019-02-14 00:00:00.000000",GOOGL,55.9971809387207,56.340840976368156,55.39664511522368,55.78890327451835,21106000,4.0,-0.233225,neutral,0.000505046546412
"2019-02-15 00:00:00.000000",GOOGL,55.522605895996094,56.49804534986026,55.37829841032092,56.49804534986026,27826000,5.0,-0.19406,neutral,-0.008474980968130374
"2019-02-19 00:00:00.000000",GOOGL,55.86378479003906,56.01899988835893,55.37433038810258,55.37433038810258,21980000,2.0,0.8264,positive,0.006144864574297193
"2019-02-20 00:00:00.000000",GOOGL,55.57020950317383,56.08297359732325,55.13183515305827,55.981312910608274,24090000,2.0,0.0,neutral,-0.005255198658104199
"2019-02-21 00:00:00.000000",GOOGL,54.7579231262207,55.49880139566847,54.44897603280645,55.480451774038514,33272000,4.0,-0.44630000000000003,negative,-0.014617299164703224
"2019-02-22 00:00:00.000000",GOOGL,55.370365142822266,55.40458246006071,54.57394989558548,55.03017826981313,29436000,1.0,-0.7845,negative,0.011184536988187777
"2019-02-25 00:00:00.000000",GOOGL,55.40855407714844,55.808746128664374,55.24887451643721,55.63666827579699,26208000,1.0,0.0,neutral,0.0006896998823769
"2019-02-26 00:00:00.000000",GOOGL,55.64063262939453,55.86031734873191,54.88140844418567,55.261763980299094,35026000,1.0,0.685,positive,0.004188496814462317
"2019-02-27 00:00:00.000000",GOOGL,55.68427276611328,55.82510706806781,54.97364672917715,55.24391208286884,22092000,0.0,0.0,No News,0.0007843213611431
"2019-02-28 00:00:00.000000",GOOGL,55.86577224731445,56.23472452755319,55.46211080344531,55.49136804808821,27422000,1.0,0.0,neutral,0.003259438835872208
"2019-03-01 00:00:00.000000",GOOGL,56.955265045166016,57.02865975225924,56.08644635618862,56.08644635618862,34086000,1.0,0.0,neutral,0.01950197328389991
"2019-03-04 00:00:00.000000",GOOGL,57.19825744628906,57.79829765213025,56.44597212936097,57.254789415718996,35490000,2.0,0.023800000000000043,negative,0.004266372931990503
"2019-03-05 00:00:00.000000",GOOGL,57.98029708862305,58.34230678742909,57.178426102198614,57.32620299909426,40094000,3.0,-0.1776,neutral,0.013672438239370255
"2019-03-06 00:00:00.000000",GOOGL,57.76953887939453,58.255520128917794,57.67581203241563,58.10774323810325,23602000,1.0,0.0,neutral,-0.0036349970560924927
"2019-03-07 00:00:00.000000",GOOGL,57.07080841064453,57.70209215281522,56.61755383444335,57.549355197546085,30086000,0.0,0.0,No News,-0.012095136681093077
"2019-03-08 00:00:00.000000",GOOGL,57.02717208862305,57.19974555782496,56.04677257369768,56.23025744721806,23694000,2.0,0.3131,neutral,-0.0007645996830377
"2019-03-11 00:00:00.000000",GOOGL,58.47966766357422,58.511898680700604,57.106514344542475,57.127837740777274,30032000,1.0,0.0,neutral,0.025470236761765408
"2019-03-12 00:00:00.000000",GOOGL,59.37178421020508,59.79131705583813,58.63041416531715,58.63041416531715,42220000,3.0,-0.2539,neutral,0.015255157600468694
"2019-03-13 00:00:00.000000",GOOGL,59.461551666259766,59.861248068720826,59.404524065314185,59.80223795182649,25888000,2.0,0.0,neutral,0.0015119548325659427
"2019-03-14 00:00:00.000000",GOOGL,59.13772964477539,59.741243079387836,59.07326382392869,59.45957068686386,27302000,2.0,0.2998,neutral,-0.005445906008337831
"2019-03-15 00:00:00.000000",GOOGL,59.02714157104492,59.593460108295844,58.86398883406654,59.40898775828328,51886000,3.0,0.0,neutral,-0.001870008781107102
"2019-03-18 00:00:00.000000",GOOGL,58.94035720825195,59.25773377275096,58.589754587087576,58.99688917576434,24442000,0.0,0.0,No News,-0.0014702450513974785
"2019-03-19 00:00:00.000000",GOOGL,59.630157470703125,59.677268706394294,58.985484173693706,59.0975568546802,29788000,11.0,0.05876363636363636,neutral,0.011703360738278601
"2019-03-20 00:00:00.000000",GOOGL,60.81882858276367,60.99537085692639,59.48783028814234,59.57758831206408,41508000,6.0,-0.4262333333333333,negative,0.01993405958460781
"2019-03-21 00:00:00.000000",GOOGL,61.299861907958984,61.31523397427195,60.330373720799074,60.49997342953918,28150000,1.0,0.0,neutral,0.00790928297049831
"2019-03-22 00:00:00.000000",GOOGL,59.887535095214844,61.175886781357356,59.80571090634118,60.93884747487413,34422000,0.0,0.0,No News,-0.02303964101688727
"2019-03-25 00:00:00.000000",GOOGL,59.378231048583984,59.976288669159636,59.01225639322916,59.4863386852476,27576000,2.0,-0.44125,negative,-0.008504341443025143
"2019-03-26 00:00:00.000000",GOOGL,59.00432205200195,59.88752140747492,58.60363445935154,59.76552859557172,30752000,3.0,0.005566666666666682,negative,-0.006297072007350524
"2019-03-27 00:00:00.000000",GOOGL,58.41768264770508,59.107480926935835,57.7343275454508,59.107480926935835,29428000,2.0,-0.4676,negative,-0.009942312425517796
"2019-03-28 00:00:00.000000",GOOGL,58.13302993774414,58.3799893705028,57.69465556823336,58.293208898811386,22402000,3.0,-0.2043,neutral,-0.004872714853781046
"2019-03-29 00:00:00.000000",GOOGL,58.36213684082031,58.713235095709805,57.8409432687041,58.525285785823435,30890000,1.0,0.0,neutral,0.003941079680889192
"2019-04-01 00:00:00.000000",GOOGL,59.457584381103516,59.518081382666765,58.831756331098426,58.89027081678806,27706000,2.0,-0.4331,negative,0.018769832627461458
"2019-04-02 00:00:00.000000",GOOGL,59.78289031982422,59.79627986782097,59.073751255208485,59.51063869950825,18288000,2.0,0.47165,neutral,0.005471226961317521
"2019-04-03 00:00:00.000000",GOOGL,60.04423141479492,60.52971698544157,59.76008091254782,60.137954468715684,22180000,0.0,0.0,No News,0.004371503177122982
"2019-04-04 00:00:00.000000",GOOGL,60.47269821166992,60.52724767027451,59.95646465439694,60.06804171665994,21022000,1.0,-0.7851,negative,0.007135852800164599
"2019-04-05 00:00:00.000000",GOOGL,60.07597732543945,60.519315596851285,60.005560169570934,60.46526176567283,20012000,1.0,0.0,neutral,-0.006560330495620437
"2019-04-08 00:00:00.000000",GOOGL,59.91877365112305,60.199946617238616,59.74124010883788,60.059112319693156,21750000,3.0,-0.03869999999999999,negative,-0.0026167476804382916
"2019-04-09 00:00:00.000000",GOOGL,59.64155960083008,59.862731184859946,59.42782623456685,59.601890367217,19668000,4.0,0.3087,neutral,-0.0046264973964094125
"2019-04-10 00:00:00.000000",GOOGL,59.828025817871094,59.95150554523385,59.54090149548977,59.760586220474245,15510000,4.0,0.231475,neutral,0.003126447703396762
"2019-04-11 00:00:00.000000",GOOGL,59.98373794555664,60.139948099036154,59.73330909773251,59.94952062749646,16998000,1.0,0.0,neutral,0.002602661972493703
"2019-04-12 00:00:00.000000",GOOGL,60.635353088378906,60.65122078299202,60.16722204644514,60.282764136523824,24312000,0.0,0.0,No News,0.010863196678634779
"2019-04-15 00:00:00.000000",GOOGL,60.82379150390625,60.961156397142275,60.23019825206835,60.70278993353485,23796000,2.0,0.15689999999999998,negative,0.003107731808746683
"2019-04-16 00:00:00.000000",GOOGL,61.09058380126953,61.29241449941833,60.74989754782588,60.99586570566433,22622000,3.0,0.0,neutral,0.004386314808180636
"2019-04-17 00:00:00.000000",GOOGL,61.498714447021484,61.7446826240801,61.13968232787188,61.342999928729455,30366000,2.0,0.0,neutral,0.006680745547949174
"2019-04-18 00:00:00.000000",GOOGL,61.56467056274414,61.78633778477125,61.46251424224108,61.739722177019004,24750000,2.0,0.0,neutral,0.0010724795845851176
"2019-04-22 00:00:00.000000",GOOGL,62.17413330078125,62.20289491593463,61.1629896255075,61.3266379946004,19084000,1.0,0.0,neutral,0.009899553306566888
"2019-04-23 00:00:00.000000",GOOGL,63.008731842041016,63.199159301729445,62.08536372430836,62.316951088907196,31868000,4.0,0.23215,neutral,0.013423565347058464
"2019-04-24 00:00:00.000000",GOOGL,62.48604965209961,63.177834169649934,62.4741507737665,63.008730110515856,23396000,1.0,0.7133,positive,-0.008295392950484093
"2019-04-25 00:00:00.000000",GOOGL,62.84756088256836,63.118321833279076,62.38438997015368,62.994346498508044,31344000,2.0,-0.08045000000000002,negative,0.0057854710368396844
"2019-04-26 00:00:00.000000",GOOGL,63.347434997558594,63.42132533520761,62.731527063292226,63.147091165017436,27228000,0.0,0.0,No News,0.007953755212939173
"2019-04-29 00:00:00.000000",GOOGL,64.27873229980469,64.31692221345482,63.06427110185339,63.50066293959323,72368000,8.0,-0.1750875,negative,0.014701420859139613
"2019-04-30 00:00:00.000000",GOOGL,59.456600189208984,59.55677022071259,58.66514116744318,59.043514203801124,133178000,14.0,-0.2788285714285714,neutral,-0.07501909166634813
"2019-05-01 00:00:00.000000",GOOGL,58.18510437011719,59.47097787129944,58.10377581278229,59.384193611523294,74340000,8.0,-0.1802625,neutral,-0.021385276235868056
"2019-05-02 00:00:00.000000",GOOGL,57.84739303588867,58.48561939060794,57.441745308851296,58.149397554904354,45098000,4.0,-0.191675,neutral,-0.005804085734388731
"2019-05-03 00:00:00.000000",GOOGL,58.989952087402344,59.08169263592699,58.19651060217276,58.38792554656024,41588000,0.0,0.0,No News,0.01975126261618776
"2019-05-06 00:00:00.000000",GOOGL,59.18384552001953,59.281537394226156,58.077983794922574,58.119639328597295,31774000,3.0,-0.014133333333333331,negative,0.0032868891354564944
"2019-05-07 00:00:00.000000",GOOGL,58.45983123779297,59.24880824988982,57.772511133831586,58.80448254772637,36604000,4.0,0.0,neutral,-0.012233309205662457
"2019-05-08 00:00:00.000000",GOOGL,58.059146881103516,58.7281174006234,57.90293672585774,58.381975400689264,25520000,4.0,-0.039675000000000016,neutral,-0.0068540115187746276
"2019-05-09 00:00:00.000000",GOOGL,57.9197883605957,58.22228848592108,57.25875177209827,57.65349184858847,29556000,2.0,-0.009149999999999991,negative,-0.002400285364047794
"2019-05-10 00:00:00.000000",GOOGL,57.90342712402344,58.331885117699095,56.84864546235913,57.9629366500334,31650000,1.0,0.0,neutral,-0.0002824809453792
"2019-05-13 00:00:00.000000",GOOGL,56.363651275634766,57.126348570122865,55.81369987286874,56.79260867834261,45626000,0.0,0.0,No News,-0.026592136681143685
"2019-05-14 00:00:00.000000",GOOGL,55.78196334838867,56.774261749590714,55.716006859862674,56.64780825816616,40392000,1.0,0.0,neutral,-0.010320266946537426
"2019-05-15 00:00:00.000000",GOOGL,58.06013107299805,58.43205708618332,55.61037718878773,55.66740478478323,59302000,5.0,0.061560000000000004,neutral,0.04084057978348632
"2019-05-16 00:00:00.000000",GOOGL,58.73952102661133,59.21856348793235,57.943601375160455,58.11171041101593,35308000,1.0,0.9001,positive,0.011701488457873
"2019-05-17 00:00:00.000000",GOOGL,57.959964752197266,58.828287857261444,57.842931988016005,58.30957615771675,25362000,3.0,-0.22319999999999998,neutral,-0.01327141013051325
"2019-05-20 00:00:00.000000",GOOGL,56.76384735107422,57.17742890795264,56.440519449165286,57.17742890795264,30602000,6.0,-0.4557833333333334,negative,-0.020636958739311595
"2019-05-21 00:00:00.000000",GOOGL,57.248836517333984,57.42537879315505,56.69689882020132,57.250819033139784,20562000,4.0,0.315275,neutral,0.008543979819764402
"2019-05-22 00:00:00.000000",GOOGL,57.31875991821289,57.712009344986775,57.07824744890352,57.090645739951604,18826000,3.0,-0.21396666666666667,neutral,0.0012213942698684477
"2019-05-23 00:00:00.000000",GOOGL,56.79756546020508,57.03113533695104,56.19356022860048,56.83376907485774,25214000,4.0,0.09157499999999999,positive,-0.009092912316168267
"2019-05-24 00:00:00.000000",GOOGL,56.463829040527344,57.24487222807381,56.36960656432307,57.127839468018124,18554000,2.0,-0.29175,negative,-0.005875893041781266
"2019-05-28 00:00:00.000000",GOOGL,56.51093673706055,57.35049814373282,56.466799275668336,56.60615046527899,20948000,2.0,0.0,neutral,0.0008342986533802
"2019-05-29 00:00:00.000000",GOOGL,55.537986755371094,56.284812679479195,55.14175972438703,56.17075368511216,36230000,5.0,-0.11816,negative,-0.017217020949705453
"2019-05-30 00:00:00.000000",GOOGL,55.610877990722656,55.878169570146916,55.33763507998775,55.548394687102004,18088000,1.0,0.0,neutral,0.0013124572857245997
"2019-05-31 00:00:00.000000",GOOGL,54.871490478515625,55.21365987061157,54.715280327354535,54.82884368467994,31582000,2.0,-0.0031500000000000417,negative,-0.013295735275576481
"2019-06-03 00:00:00.000000",GOOGL,51.51125717163086,52.91267260283932,50.930557870428586,52.909203200231886,96890000,18.0,-0.21307222222222222,neutral,-0.06123823642444037
"2019-06-04 00:00:00.000000",GOOGL,52.29230499267578,52.48818816254106,51.37687068399899,51.79640359736962,60512000,4.0,-0.122625,neutral,0.015162662764035106
"2019-06-05 00:00:00.000000",GOOGL,51.80384063720703,52.4073540441348,51.226614483210554,52.317596014695845,46988000,2.0,0.0,neutral,-0.009341036994585883
"2019-06-06 00:00:00.000000",GOOGL,51.95856475830078,52.069646185885304,51.35108630948426,51.88170064785095,29020000,4.0,0.0,neutral,0.0029867306977742203
"2019-06-07 00:00:00.000000",GOOGL,52.980613708496094,53.23154195089518,52.126671488166366,52.28189037260562,43828000,3.0,0.0,neutral,0.0196704615485368
"2019-06-10 00:00:00.000000",GOOGL,53.694217681884766,54.29326663277335,53.323282909136985,53.40857649267084,28510000,10.0,0.10793,neutral,0.013469152647324512
"2019-06-11 00:00:00.000000",GOOGL,53.60892105102539,54.74800885389501,53.53602575753216,54.39988435915306,33508000,7.0,-0.3898428571428571,negative,-0.0015885626896497973
"2019-06-12 00:00:00.000000",GOOGL,53.512718200683594,53.68231410693232,53.04160963310708,53.55486936276625,23670000,2.0,0.45155,neutral,-0.0017945306201971878
"2019-06-13 00:00:00.000000",GOOGL,54.103336334228516,54.380048643008536,53.68479846818787,53.79091982164258,20814000,4.0,0.0,neutral,0.011036967536016018
"2019-06-14 00:00:00.000000",GOOGL,53.8697624206543,54.28929529672534,53.63074063290041,54.04035336322797,24582000,2.0,0.0,neutral,-0.0043171813311344565
"2019-06-17 00:00:00.000000",GOOGL,54.24615478515625,54.61262510963689,53.95407042265878,54.00861987588463,19770000,3.0,0.0,neutral,0.00698708046200025
"2019-06-18 00:00:00.000000",GOOGL,54.80900192260742,55.48045050525,54.588325972847784,55.11943589578843,34526000,6.0,0.24358333333333335,neutral,0.010375797873238168
"2019-06-19 00:00:00.000000",GOOGL,54.77280044555664,55.016786098910686,54.35227629556519,54.908182821098876,26714000,2.0,0.0,neutral,-0.0006605023952434
"2019-06-20 00:00:00.000000",GOOGL,55.20374298095703,55.675842832879255,54.896282754909315,55.62525840880668,24018000,4.0,-0.07819999999999999,negative,0.007867820010933002
"2019-06-21 00:00:00.000000",GOOGL,55.80725860595703,55.86676435414468,55.031171683637865,55.038114273154925,50774000,1.0,0.0,neutral,0.0109325127683495
"2019-06-24 00:00:00.000000",GOOGL,55.37730407714844,55.71799034008654,55.20919505940072,55.54095243430775,24236000,4.0,-0.3582,negative,-0.00770427610222546
"2019-06-25 00:00:00.000000",GOOGL,53.93324279785156,55.32771569465771,53.78546213142027,55.29697156523066,31644000,1.0,-0.8122,negative,-0.02607677104116679
"2019-06-26 00:00:00.000000",GOOGL,53.573219299316406,54.307155041568436,53.24443945323548,54.1028423919935,34698000,6.0,-0.21273333333333333,neutral,-0.00667535419452836
"2019-06-27 00:00:00.000000",GOOGL,53.39022445678711,53.97687504853911,53.351542701250004,53.8920771038156,24078000,2.0,-0.26525,negative,-0.003415789547887682
"2019-06-28 00:00:00.000000",GOOGL,53.69620132446289,53.69620132446289,53.24988932159318,53.41998464668975,33672000,0.0,0.0,No News,0.005730953012258455
"2019-07-01 00:00:00.000000",GOOGL,54.549156188964844,54.97513608373966,54.31756880330292,54.60072809032175,29196000,3.0,-0.19156666666666666,neutral,0.015884826923750373
"2019-07-02 00:00:00.000000",GOOGL,55.17399215698242,55.18837296498841,54.53279199449286,54.788676547996936,20630000,1.0,0.0,neutral,0.011454548734962433
"2019-07-03 00:00:00.000000",GOOGL,55.68922805786133,55.93717873539222,55.28556287173762,55.46656580697558,20154000,0.0,0.0,No News,0.009338383552398133
"2019-07-05 00:00:00.000000",GOOGL,56.16925811767578,56.26744561773774,55.416976607105475,55.509708405291306,29794000,0.0,0.0,No News,0.008619800930185217
"2019-07-08 00:00:00.000000",GOOGL,55.38177490234375,55.89850408926336,55.132337306230035,55.83205196746353,29888000,1.0,0.0,neutral,-0.014019825821488308
"2019-07-09 00:00:00.000000",GOOGL,55.753700256347656,55.93073818027176,54.90372299665193,55.060924410090834,29472000,4.0,0.0,neutral,0.006715663314506237
"2019-07-10 00:00:00.000000",GOOGL,56.577884674072266,56.64879744980509,56.06958501516339,56.15190482385969,30710000,0.0,0.0,No News,0.014782595844493374
"2019-07-11 00:00:00.000000",GOOGL,56.735084533691406,57.189330386367295,56.50945227772339,56.83823211312122,26004000,5.0,-0.23078000000000004,negative,0.0027784683100953167
"2019-07-12 00:00:00.000000",GOOGL,56.79756546020508,56.90468185042832,56.46134742073141,56.678054562551374,21878000,2.0,0.0,neutral,0.0011012749346759332
"2019-07-15 00:00:00.000000",GOOGL,57.053951263427734,57.06238073945204,56.53275766886727,56.797567312446006,21164000,2.0,-0.7221500000000001,negative,0.004514028042316154
"2019-07-16 00:00:00.000000",GOOGL,57.20024490356445,57.45414694239544,56.866501193341406,56.866501193341406,25352000,4.0,0.0,neutral,0.0025641281085206913
"2019-07-17 00:00:00.000000",GOOGL,56.86699676513672,57.44720047303278,56.861045434017086,57.07428317923879,19538000,6.0,-0.12381666666666667,negative,-0.0058259914619170905
"2019-07-18 00:00:00.000000",GOOGL,56.89179229736328,56.937912278185706,56.178688104960315,56.63193893207649,25450000,3.0,-0.3082,neutral,0.0004360267578218
"2019-07-19 00:00:00.000000",GOOGL,56.11371994018555,57.10700958518703,56.09884350416264,56.99493690261568,23184000,2.0,-0.3238,negative,-0.013676355160528009
"2019-07-22 00:00:00.000000",GOOGL,56.49357986450195,56.533748511850774,55.79932096005546,56.30811247619203,28914000,3.0,-0.24706666666666666,neutral,0.006769466089956655
"2019-07-23 00:00:00.000000",GOOGL,56.93195724487305,56.972125891678026,56.17818882306759,56.70384306743946,20648000,4.0,-0.425025,negative,0.0077597734366015025
"2019-07-24 00:00:00.000000",GOOGL,56.51936721801758,56.80351773742075,55.9629650578798,56.166782066704464,27192000,2.0,-0.3601,negative,-0.0072470725901949695
"2019-07-25 00:00:00.000000",GOOGL,56.3314208984375,56.710785142445566,55.72493373698606,56.480684667806266,54762000,8.0,0.37395,neutral,-0.003325343662378466
"2019-07-26 00:00:00.000000",GOOGL,61.75063705444336,62.899637505813864,60.89669476444316,60.89669476444316,121216000,27.0,0.4308666666666667,positive,0.09620236929184545
"2019-07-29 00:00:00.000000",GOOGL,61.583011627197266,61.937583055897385,61.00578173578035,61.61574205422422,41382000,7.0,0.08774285714285714,neutral,-0.002714553812591558
"2019-07-30 00:00:00.000000",GOOGL,60.896690368652344,61.33853791873472,60.76378613660804,60.847097204406246,28616000,7.0,-0.09792857142857143,neutral,-0.0111446524034855
"2019-07-31 00:00:00.000000",GOOGL,60.410701751708984,61.23935171953119,59.91380914837889,60.74146785832368,39960000,4.0,0.0,neutral,-0.007980542357906684
"2019-08-01 00:00:00.000000",GOOGL,60.092342376708984,61.30829058838138,59.855299290763305,60.38244425053876,35426000,1.0,-0.9104,negative,-0.005269916848648304
"2019-08-02 00:00:00.000000",GOOGL,59.3256721496582,59.97926673867572,59.012260620037516,59.656933888081014,34910000,2.0,0.0,neutral,-0.012758201739660135
"2019-08-05 00:00:00.000000",GOOGL,57.26420974731445,58.361641987549525,56.669129618729926,58.16774134419946,47840000,1.0,-0.9717,negative,-0.0347482350835131
"2019-08-06 00:00:00.000000",GOOGL,58.07402038574219,58.585789466166396,57.60043365387298,57.79829933606973,36014000,3.0,0.0,neutral,0.014141653958050338
"2019-08-07 00:00:00.000000",GOOGL,58.313541412353516,58.50991642354329,57.07031476456262,57.41546170450556,30686000,2.0,0.3674,neutral,0.0041244092456553805
"2019-08-08 00:00:00.000000",GOOGL,59.815120697021484,59.81958135707278,58.21881353035307,58.835216971300426,30116000,3.0,0.7763333333333334,positive,0.0257500959176844
"2019-08-09 00:00:00.000000",GOOGL,58.95771026611328,59.729332633436535,58.75885334363054,59.507665429643886,20418000,2.0,0.0,neutral,-0.014334342569518488
"2019-08-12 00:00:00.000000",GOOGL,58.24361038208008,58.7945567964756,57.95698174055042,58.51635763016774,22064000,1.0,-0.597,negative,-0.012112069495406441
"2019-08-13 00:00:00.000000",GOOGL,59.346004486083984,59.77744005135375,58.16873811379174,58.236177705409375,28434000,4.0,-0.220525,negative,0.01892729686178729
"2019-08-14 00:00:00.000000",GOOGL,57.735321044921875,58.65472037886696,57.57762400887697,58.32147609646405,35430000,1.0,0.0,neutral,-0.027140554029038255
"2019-08-15 00:00:00.000000",GOOGL,57.98674392700195,58.338833478015275,57.673336139235964,57.94261024465843,28506000,2.0,0.0,neutral,0.004354749874595054
"2019-08-16 00:00:00.000000",GOOGL,58.47718811035156,58.70679297193072,58.169236033164765,58.55554289281411,24916000,2.0,0.46535,neutral,0.008457867266474128
"2019-08-19 00:00:00.000000",GOOGL,59.52998733520508,59.973821209229875,59.03210341664599,59.10301619731981,24450000,5.0,-0.00573999999999999,neutral,0.0180035883884635
"2019-08-20 00:00:00.000000",GOOGL,58.69141387939453,59.40898625651532,58.667612338630086,59.27757269477436,20206000,1.0,0.8513,positive,-0.014086572051303481
"2019-08-21 00:00:00.000000",GOOGL,59.090614318847656,59.53593505282947,58.909115748288066,59.30087828655485,14152000,1.0,0.0,neutral,0.006801683808017378
"2019-08-22 00:00:00.000000",GOOGL,59.087642669677734,59.44766604994805,58.46231022954829,59.20070661276185,17352000,5.0,-0.01604000000000001,neutral,-0.0000502896983586
"2019-08-23 00:00:00.000000",GOOGL,57.20619583129883,59.29344468909219,57.028662278630634,58.77274669404673,36254000,1.0,-0.971,negative,-0.03184162971091786
"2019-08-26 00:00:00.000000",GOOGL,58.078975677490234,58.11269736465062,57.26917090695185,57.49728508668494,21166000,4.0,0.410975,neutral,0.015256736329142262
"2019-08-27 00:00:00.000000",GOOGL,58.061119079589844,58.76430679259948,57.750685123708244,58.665128041341355,23460000,4.0,-0.31462500000000004,negative,-0.0003074537333363
"2019-08-28 00:00:00.000000",GOOGL,58.206424713134766,58.44197711290288,57.53695860411005,57.76606404377272,16810000,3.0,-0.61,negative,0.0025026323269059514
"2019-08-29 00:00:00.000000",GOOGL,59.222530364990234,59.46799913570808,58.778200865886134,58.834732838328584,19636000,1.0,-0.894,negative,0.01745693292215167
"2019-08-30 00:00:00.000000",GOOGL,59.038551330566406,59.52552763565574,58.80002135977353,59.52552763565574,18064000,3.0,0.0,neutral,-0.003106571659298618
"2019-09-03 00:00:00.000000",GOOGL,57.998146057128906,58.96663910917383,57.70853983655242,58.6081026279347,25908000,2.0,0.0,neutral,-0.017622472943350176
"2019-09-04 00:00:00.000000",GOOGL,58.628936767578125,58.75836782710865,58.096339875407075,58.48909371518504,21312000,6.0,-0.21805,neutral,0.010876049552133615
"2019-09-05 00:00:00.000000",GOOGL,60.1126708984375,60.202428928101156,59.145660927110434,59.19376342201617,26394000,4.0,0.37645,neutral,0.025307198333500702
"2019-09-06 00:00:00.000000",GOOGL,59.82157897949219,60.150358819891544,59.66982949021051,59.96142202276999,18972000,8.0,-0.20174999999999998,neutral,-0.004842438617261302
"2019-09-09 00:00:00.000000",GOOGL,59.76950454711914,60.52724177884461,59.16946434430124,59.859262573889204,31854000,8.0,-0.114175,neutral,-0.0008704957853235
"2019-09-10 00:00:00.000000",GOOGL,59.790836334228516,60.004074104283326,59.31030696220014,59.31427577788452,27922000,2.0,0.2939,neutral,0.0003569008522157
"2019-09-11 00:00:00.000000",GOOGL,60.49997329711914,60.62246176519514,59.621234406143635,59.70107607847747,23522000,0.0,0.0,No News,0.011860295094829887
"2019-09-12 00:00:00.000000",GOOGL,61.242332458496094,61.611776558659884,60.626916405154056,60.67204512491026,31644000,6.0,-0.2028,neutral,0.012270404777390276
"2019-09-13 00:00:00.000000",GOOGL,61.49325942993164,61.543843853790506,60.85106803599327,61.1005056186852,23676000,1.0,0.0,neutral,0.004097279795892916
"2019-09-16 00:00:00.000000",GOOGL,61.07670211791992,61.44317244751189,60.75733924092804,61.01768821978675,28218000,4.0,0.0,neutral,-0.0067740320788551855
"2019-09-17 00:00:00.000000",GOOGL,60.98991775512695,61.24381977351142,60.66609421799294,61.0767020090676,20806000,0.0,0.0,No News,-0.0014209078058179392
"2019-09-18 00:00:00.000000",GOOGL,61.127281188964844,61.30531035330873,60.324914660454276,61.007770292284484,17440000,0.0,0.0,No News,0.0022522318260767005
"2019-09-19 00:00:00.000000",GOOGL,61.42978286743164,61.70699079794406,61.11042377402852,61.11091940299707,16554000,2.0,0.0,neutral,0.0049487180287253185
"2019-09-20 00:00:00.000000",GOOGL,60.98793029785156,61.63061724694092,60.677496334858134,61.17637144292979,37692000,1.0,0.7793,positive,-0.007192806957068587
"2019-09-23 00:00:00.000000",GOOGL,61.22844314575195,61.4758981856852,60.687413091314916,60.82576923159959,20798000,5.0,0.0,neutral,0.003943613871232765
"2019-09-24 00:00:00.000000",GOOGL,60.41715621948242,61.84435965183602,60.03580942973983,61.49177447782078,35804000,3.0,-0.20336666666666667,neutral,-0.013250164214339
"2019-09-25 00:00:00.000000",GOOGL,61.786338806152344,61.88948638631289,59.96439530930563,60.30210403560612,26798000,1.0,0.0,neutral,0.022662148838915597
"2019-09-26 00:00:00.000000",GOOGL,61.60533142089844,61.72335921962047,61.08612412271206,61.597893202784334,23166000,1.0,0.0,neutral,-0.002929569687270095
"2019-09-27 00:00:00.000000",GOOGL,60.79502868652344,61.73922455625371,60.261932446996404,61.63210816601724,34122000,0.0,0.0,No News,-0.013153126777922353
"2019-09-30 00:00:00.000000",GOOGL,60.556495666503906,60.8674252630036,60.17366204015003,60.52971657030249,24470000,3.0,-0.24983333333333335,neutral,-0.003923561270930187
"2019-10-01 00:00:00.000000",GOOGL,59.805702209472656,61.137695539374256,59.78338755668688,60.62344456685001,24504000,0.0,0.0,No News,-0.01239823158139819
"2019-10-02 00:00:00.000000",GOOGL,58.41321563720703,59.446673938157964,58.1508841384443,59.33460125465061,33030000,5.0,-0.03394000000000001,neutral,-0.02328350844186
"2019-10-03 00:00:00.000000",GOOGL,58.98400115966797,59.0618565300267,57.68027745662701,58.68199662919146,28368000,1.0,0.0,neutral,0.009771513453496139
"2019-10-04 00:00:00.000000",GOOGL,60.05167770385742,60.126063672322324,59.060370509137265,59.225010141084695,24282000,2.0,0.0,neutral,0.01810112103618211
"2019-10-07 00:00:00.000000",GOOGL,59.91728210449219,60.445913908386466,59.72437649993777,59.855294432634274,17040000,1.0,0.0,neutral,-0.0022379990785270643
"2019-10-08 00:00:00.000000",GOOGL,59.018714904785156,59.84885186964598,58.98648010235407,59.44717293719252,20086000,1.0,0.0,neutral,-0.014996795050549627
"2019-10-09 00:00:00.000000",GOOGL,59.62718200683594,59.927699641137494,59.41493551600524,59.57412322169878,15948000,2.0,0.0,neutral,0.010309731464543503
"2019-10-10 00:00:00.000000",GOOGL,59.977779388427734,60.28275765680689,59.402040165607325,59.43873562424109,12842000,1.0,-0.9152,negative,0.005879824767697439
"2019-10-11 00:00:00.000000",GOOGL,60.28722381591797,60.933879613135076,60.184571871183685,60.6998141106682,22330000,2.0,0.0,neutral,0.005159317844800615
"2019-10-14 00:00:00.000000",GOOGL,60.389381408691406,60.79155593707304,60.09729704509824,60.196971434793475,13296000,1.0,0.8739,positive,0.0016945147961260343
"2019-10-15 00:00:00.000000",GOOGL,61.60285186767578,61.8453468528773,60.545592043984996,60.57435365782563,27584000,8.0,0.20047500000000001,neutral,0.020094103146579556
"2019-10-16 00:00:00.000000",GOOGL,61.640541076660156,62.19545255415238,61.41887007961055,61.58152717988631,22986000,2.0,-0.3672,negative,0.0006118094835177
"2019-10-17 00:00:00.000000",GOOGL,62.126522064208984,62.66953466128119,61.98122332826266,62.05709617616047,20958000,3.0,0.19496666666666665,neutral,0.007884112940287569
"2019-10-18 00:00:00.000000",GOOGL,61.71046447753906,62.389846945762145,61.49871362002821,62.22025103490627,31624000,1.0,0.0,neutral,-0.006696939935570856
"2019-10-21 00:00:00.000000",GOOGL,61.70402145385742,62.1617367308918,61.49127932482971,61.92321054336643,18094000,3.0,0.0,neutral,-0.0001044073114048
"2019-10-22 00:00:00.000000",GOOGL,61.5512809753418,61.92469389924961,61.48433322932572,61.71393429825658,22862000,3.0,0.5666333333333333,positive,-0.002475373159103511
"2019-10-23 00:00:00.000000",GOOGL,62.366050720214844,62.38638286010281,61.502192048052436,61.502192048052436,21282000,3.0,-0.2790333333333333,neutral,0.013237250825038904
"2019-10-24 00:00:00.000000",GOOGL,62.4394416809082,62.62738721875629,62.10421109911762,62.4394416809082,20224000,0.0,0.0,No News,0.001176777426914688
"2019-10-25 00:00:00.000000",GOOGL,62.69681167602539,62.880296548809305,61.945521387384986,62.086851313418414,27104000,4.0,-0.07497499999999999,neutral,0.00412191378059501
"2019-10-28 00:00:00.000000",GOOGL,63.920692443847656,64.42948773482502,63.09402873253453,63.22742480904613,65428000,13.0,-0.08005384615384616,negative,0.019520622103504248
"2019-10-29 00:00:00.000000",GOOGL,62.516300201416016,63.515045484840925,62.26586759957852,63.277011173374184,52654000,11.0,0.26488181818181816,positive,-0.02197085464406312
"2019-10-30 00:00:00.000000",GOOGL,62.518287658691406,62.881288593585026,62.01990812718135,62.243062237785296,29204000,1.0,0.0,neutral,0.0000317910252043
"2019-10-31 00:00:00.000000",GOOGL,62.42405700683594,62.80689440105265,61.961877368537735,62.48356652746719,31904000,2.0,0.09304999999999997,negative,-0.0015072494046847185
"2019-11-01 00:00:00.000000",GOOGL,63.091060638427734,63.12825551689182,62.46920131548294,62.771205870832176,28812000,4.0,0.0,neutral,0.010685041369848047
"2019-11-04 00:00:00.000000",GOOGL,63.951934814453125,64.09525103448014,63.28246873248054,63.28246873248054,30632000,1.0,0.0,neutral,0.01364494695942775
"2019-11-05 00:00:00.000000",GOOGL,64.04268646240234,64.3303101709865,63.94053392587644,64.03078380018343,25148000,3.0,0.01630000000000002,negative,0.0014190602397334828
"2019-11-06 00:00:00.000000",GOOGL,64.02135467529297,64.1195421671618,63.58794043675545,63.97573411514522,24626000,3.0,-0.2581,neutral,-0.000333087012549
"2019-11-07 00:00:00.000000",GOOGL,64.81133270263672,65.59039331831046,64.15723868532784,64.1835183702277,45140000,3.0,0.0,neutral,0.012339289465997716
"2019-11-08 00:00:00.000000",GOOGL,64.91349029541016,65.3156686315191,64.54255550304146,64.54255550304146,30392000,1.0,0.0,neutral,0.0015762303985038528
"2019-11-11 00:00:00.000000",GOOGL,64.38189697265625,64.7101850143391,64.26238605113178,64.6655481315942,17234000,6.0,0.10778333333333334,neutral,-0.00818925804689774
"2019-11-12 00:00:00.000000",GOOGL,64.32882690429688,64.93085348903183,64.18154563023947,64.39627028672976,28852000,2.0,0.4488,neutral,-0.0008243010978989
"2019-11-13 00:00:00.000000",GOOGL,64.27774047851562,64.59214327190867,64.0778922913603,64.12896855743497,20538000,8.0,0.004437499999999997,neutral,-0.0007941451482902
"2019-11-14 00:00:00.000000",GOOGL,64.92091369628906,65.24672725873073,64.16664977543383,64.21921670418764,28948000,4.0,0.0,neutral,0.01000615785473058
"2019-11-15 00:00:00.000000",GOOGL,66.13043975830078,66.13043975830078,65.05680894885906,65.21351851896138,39286000,3.0,0.3162333333333333,neutral,0.018630761539649487
"2019-11-18 00:00:00.000000",GOOGL,65.45103454589844,66.14926594329124,65.26854474247473,66.0709111763446,27984000,4.0,-0.1466,neutral,-0.010273713812965601
"2019-11-19 00:00:00.000000",GOOGL,65.09151458740234,65.78775594457024,65.05085031477029,65.78775594457024,21864000,1.0,0.0,neutral,-0.005492960668848967
"2019-11-20 00:00:00.000000",GOOGL,64.5594253540039,65.12227074851963,63.93211035270607,65.03053019539448,28892000,1.0,0.719,positive,-0.008174479220082853
"2019-11-21 00:00:00.000000",GOOGL,64.47413635253906,65.01863216183038,64.00847961377508,64.42999888268726,25546000,3.0,0.29046666666666665,neutral,-0.0013210929464934074
"2019-11-22 00:00:00.000000",GOOGL,64.15327453613281,64.80935107828645,63.93954116731855,64.61594984719095,27776000,0.0,0.0,No News,-0.004976597354508283
"2019-11-25 00:00:00.000000",GOOGL,64.74687194824219,64.983419412069,64.24948741504542,64.28172221866342,23590000,2.0,-0.35715,negative,0.009252799898390895
"2019-11-26 00:00:00.000000",GOOGL,65.11185455322266,65.1619395649303,64.66752884126126,64.95861817732126,21910000,4.0,-0.12100000000000002,negative,0.005637069313128018
"2019-11-27 00:00:00.000000",GOOGL,65.06869506835938,65.3419417051139,64.93678968296699,65.23185155756491,18808000,0.0,0.0,No News,-0.0006628514140693
"2019-11-29 00:00:00.000000",GOOGL,64.66999053955078,64.96058797314814,64.62734375443061,64.79446527610625,12802000,1.0,0.0,neutral,-0.006127440059920164
"2019-12-02 00:00:00.000000",GOOGL,63.91474533081055,64.73695217046216,63.4942173937447,64.59412779237636,26538000,5.0,-0.32252000000000003,neutral,-0.011678449346275155
"2019-12-03 00:00:00.000000",GOOGL,64.20632934570312,64.32981283468685,63.32908127116737,63.40891914678887,25270000,11.0,-0.25596363636363634,neutral,0.004562077395183106
"2019-12-04 00:00:00.000000",GOOGL,65.40640258789062,65.67072033323514,64.61841320748522,64.76966703393425,35506000,8.0,-0.03663749999999999,neutral,0.018690886933062423
"2019-12-05 00:00:00.000000",GOOGL,65.80413055419922,65.85471497800788,65.17731500969089,65.80611307013608,24408000,4.0,-0.3633,negative,0.006080872064078813
"2019-12-06 00:00:00.000000",GOOGL,66.4205322265625,66.57326918477894,66.01587954811114,66.09125298585175,32968000,4.0,0.236525,neutral,0.009367218549534373
"2019-12-09 00:00:00.000000",GOOGL,66.59905242919922,67.32108920325197,66.25588803414921,66.39424795925537,30842000,6.0,-0.29658333333333337,neutral,0.0026877261691877763
"2019-12-10 00:00:00.000000",GOOGL,66.59410858154297,66.84751500197275,66.15324845233398,66.44781856612988,17606000,3.0,-0.12276666666666669,negative,-0.0000742330029621
"2019-12-11 00:00:00.000000",GOOGL,66.66155242919922,66.94123854037991,66.50534226526831,66.86239190658026,20480000,2.0,0.0,neutral,0.0010127599737095316
"2019-12-12 00:00:00.000000",GOOGL,66.87181854248047,67.17381933703521,66.3615400332576,66.60998262020395,29114000,1.0,0.0,neutral,0.0031542336717191866
"2019-12-13 00:00:00.000000",GOOGL,66.79146575927734,67.01362860346082,66.53310308380729,66.84254202624732,33170000,3.0,-0.013866666666666657,negative,-0.0012015941087661908
"2019-12-16 00:00:00.000000",GOOGL,67.47731018066406,67.6176450772123,66.97694431367663,67.19464273779465,28128000,2.0,0.4507,neutral,0.010268443933519444
"2019-12-17 00:00:00.000000",GOOGL,67.18917846679688,67.65730947093114,66.98486583558378,67.56209574408568,32948000,1.0,0.0,neutral,-0.004270053342312341
"2019-12-18 00:00:00.000000",GOOGL,67.0414047241211,67.41432203990537,66.96950446775314,67.29381987376564,23330000,5.0,0.04536,neutral,-0.0021993682025567285
"2019-12-19 00:00:00.000000",GOOGL,67.26605224609375,67.32010986052664,66.88470543834259,67.04140744524219,28922000,3.0,-0.4117,negative,0.0033508773107766565
"2019-12-20 00:00:00.000000",GOOGL,67.0071792602539,67.64094112513031,66.98288209174912,67.59631181966746,50090000,1.0,-0.941,negative,-0.0038484938121945422
"2019-12-23 00:00:00.000000",GOOGL,66.97793579101562,67.5343342225845,66.84751347435298,67.37961473379353,19936000,3.0,-0.05156666666666665,negative,-0.0004364229260375
"2019-12-24 00:00:00.000000",GOOGL,66.67047119140625,67.04636985521093,66.65758483706803,66.95710366488333,13468000,0.0,0.0,No News,-0.004590535614127145
"2019-12-26 00:00:00.000000",GOOGL,67.5650634765625,67.601270870842,66.7240152703406,66.7755909441983,23662000,6.0,0.12573333333333334,neutral,0.01341811853388486
"2019-12-27 00:00:00.000000",GOOGL,67.1767807006836,67.79219292580306,67.09545215530571,67.64093908382699,23212000,2.0,-0.45695,negative,-0.005746798062486791
"2019-12-30 00:00:00.000000",GOOGL,66.4364013671875,67.29381680371453,66.34366956318935,67.28439606964862,19994000,3.0,-0.20426666666666668,negative,-0.011021357763405848
"2019-12-31 00:00:00.000000",GOOGL,66.4205322265625,66.48351115662122,66.06050885599129,66.24200742818745,19514000,3.0,-0.31756666666666666,neutral,-0.0002388621342883
"2020-01-02 00:00:00.000000",GOOGL,67.8730239868164,67.8730239868164,66.77262179859589,66.86783552352698,27278000,3.0,0.2729,neutral,0.02186811384316245
"2020-01-03 00:00:00.000000",GOOGL,67.5179672241211,68.12445823826381,66.81378810886194,66.84751358265558,23408000,3.0,-0.4832,negative,-0.005231191154298376
"2020-01-06 00:00:00.000000",GOOGL,69.31758880615234,69.34287723228258,66.99627473144326,67.02751070483214,46768000,2.0,0.47515,neutral,0.026653965692680526
"2020-01-07 00:00:00.000000",GOOGL,69.18370056152344,69.59976407326137,69.00765768436452,69.44900962487809,34330000,1.0,-0.7611,negative,-0.0019315190694720874
"2020-01-08 00:00:00.000000",GOOGL,69.67613220214844,70.01384094895226,69.06071987013958,69.16931937572167,35314000,0.0,0.0,No News,0.007117740690772756
"2020-01-09 00:00:00.000000",GOOGL,70.40757751464844,70.84842998736566,69.93250016192401,70.51369507317621,33200000,4.0,-0.187175,neutral,0.010497788688641485
"2020-01-10 00:00:00.000000",GOOGL,70.8623275756836,71.15888019723822,70.39816911178163,70.887623572567,26258000,5.0,-0.12747999999999998,neutral,0.006458822716071122
"2020-01-13 00:00:00.000000",GOOGL,71.41130065917969,71.4832009224904,70.68430742640342,71.17425376918445,30730000,1.0,0.9078,positive,0.007747037139159252
"2020-01-14 00:00:00.000000",GOOGL,70.94316864013672,71.54023138512193,70.8033180140317,71.40980906115557,26076000,7.0,-0.04045714285714286,neutral,-0.006555433309878955
"2020-01-15 00:00:00.000000",GOOGL,71.37012481689453,71.44847959482189,70.99621627063644,71.06365964443332,21550000,2.0,0.0,neutral,0.0060182845641356675
"2020-01-16 00:00:00.000000",GOOGL,71.91363525390625,71.94041435124791,71.40979626083083,71.68006159560105,26080000,5.0,0.18972,neutral,0.007615377420260083
"2020-01-17 00:00:00.000000",GOOGL,73.36959838867188,73.42067465653932,72.23051437982828,72.52755882003636,52424000,5.0,-0.005140000000000011,neutral,0.020245995486461554
"2020-01-21 00:00:00.000000",GOOGL,73.5049819946289,73.88335497384024,72.90791179429193,73.34380799940449,48930000,4.0,0.383425,neutral,0.0018452275728679801
"2020-01-22 00:00:00.000000",GOOGL,73.58531951904297,74.41397338110437,73.52532192544703,73.8759245867756,28458000,4.0,0.0,neutral,0.0010929534602148738
"2020-01-23 00:00:00.000000",GOOGL,73.62598419189453,74.06287927041319,73.40927702930324,73.7678173234847,26650000,4.0,0.009974999999999984,neutral,0.0005526193691534
"2020-01-24 00:00:00.000000",GOOGL,72.70757293701172,74.097581382054,72.559292859008,74.02914675123824,29786000,4.0,0.230125,neutral,-0.012474009888806648
"2020-01-27 00:00:00.000000",GOOGL,70.99969482421875,71.2402073113937,70.3932038265922,70.99027408970458,34132000,10.0,-0.18953,neutral,-0.02348968675206009
"2020-01-28 00:00:00.000000",GOOGL,71.93049621582031,72.14373017574707,70.93174708981847,71.49608309873746,29724000,4.0,0.0,neutral,0.013109935104735904
"2020-01-29 00:00:00.000000",GOOGL,72.23796081542969,72.60691311591184,71.6770979293156,72.32523692514812,21566000,3.0,-0.9551333333333334,negative,0.004274467934808346
"2020-01-30 00:00:00.000000",GOOGL,72.11646270751953,72.1660483074748,71.16185099783613,71.3155792213507,27110000,3.0,0.2942,neutral,-0.001681914972940457
"2020-01-31 00:00:00.000000",GOOGL,71.05175018310547,72.88112787586384,70.76809153712954,72.79136985685548,43822000,5.0,-0.07572000000000001,neutral,-0.014763792959898492
"2020-02-03 00:00:00.000000",GOOGL,73.5223388671875,73.70582753071683,72.23349161238843,72.48342482845398,71636000,19.0,-0.14027368421052633,neutral,0.034771679483125206
"2020-02-04 00:00:00.000000",GOOGL,71.67808532714844,72.76559372087249,70.51866911081403,72.12836616478646,95880000,31.0,0.32611612903225806,positive,-0.025084261034874933
"2020-02-05 00:00:00.000000",GOOGL,71.7098159790039,72.62871964997271,70.89802869966074,72.58061715621994,36376000,4.0,0.22555,neutral,0.0004426827489972
"2020-02-06 00:00:00.000000",GOOGL,73.19356536865234,73.47077712052415,71.92951458765228,72.00389677738615,37822000,8.0,0.008587499999999998,neutral,0.020691022134025072
"2020-02-07 00:00:00.000000",GOOGL,73.34925842285156,73.65374104853788,72.66987603102721,72.7680635245262,28360000,4.0,-0.024925000000000003,negative,0.002127141278267297
"2020-02-10 00:00:00.000000",GOOGL,74.81466674804688,74.82557815384178,73.15538394851609,73.25605339560026,38302000,4.0,-0.233225,neutral,0.01997850226034159
"2020-02-11 00:00:00.000000",GOOGL,74.88407135009766,75.86695264677628,74.6554615733179,75.04325524636788,34852000,8.0,-0.1120875,neutral,0.0009276871109312
"2020-02-12 00:00:00.000000",GOOGL,75.30907440185547,75.39188605793423,74.81515553865327,75.17170572454793,31042000,3.0,0.0,neutral,0.005675480033275004
"2020-02-13 00:00:00.000000",GOOGL,75.04923248291016,75.67208307549184,74.58357575047562,74.88111964999935,22914000,2.0,0.2781,neutral,-0.0034503400952556884
"2020-02-14 00:00:00.000000",GOOGL,75.31403350830078,75.379494369369,74.66043128930994,75.10575582931537,23198000,3.0,0.0,neutral,0.0035283642034704688
"2020-02-18 00:00:00.000000",GOOGL,75.34923553466797,75.90067759877253,74.9311895426324,75.09632856792217,25642000,4.0,-0.23915,neutral,0.0004674032810008
"2020-02-19 00:00:00.000000",GOOGL,75.61851501464844,75.90961191518042,75.42561318763357,75.73406088600595,22746000,8.0,-0.416475,negative,0.0035737519839411647
"2020-02-20 00:00:00.000000",GOOGL,75.22774505615234,75.72761146175247,74.59645752229817,75.32791507548832,25962000,6.0,-0.06288333333333333,negative,-0.005167649198352997
"2020-02-21 00:00:00.000000",GOOGL,73.56497955322266,74.92821644497522,73.31851954400152,74.6123229813126,42520000,7.0,-0.3399571428571428,negative,-0.02210308845079101
"2020-02-24 00:00:00.000000",GOOGL,70.41104125976562,71.23027423793134,69.76290240966694,70.56923390234532,49560000,6.0,-0.3237833333333333,neutral,-0.04287282226694866
"2020-02-25 00:00:00.000000",GOOGL,68.747802734375,71.25358934741597,68.45522273304678,70.96349127440813,51580000,7.0,0.3782142857142857,neutral,-0.023621842478574906
"2020-02-26 00:00:00.000000",GOOGL,68.95359802246094,70.10409286099708,68.26330414608108,69.17725154343258,49776000,2.0,0.0,neutral,0.002993481680877652
"2020-02-27 00:00:00.000000",GOOGL,65.20855712890625,67.90874408927081,65.1733485505735,67.39994872991234,62290000,4.0,-0.11730000000000002,neutral,-0.0543124797104102
"2020-02-28 00:00:00.000000",GOOGL,66.4135971069336,66.57228162159925,62.890711592468215,63.19321175186874,80198000,3.0,-0.6347,negative,0.018479782885629348
"2020-03-02 00:00:00.000000",GOOGL,68.747802734375,68.80482655090657,65.71685370908082,67.01562107182778,55430000,3.0,0.032799999999999975,negative,0.03514650205865322
"2020-03-03 00:00:00.000000",GOOGL,66.33771514892578,69.83233041381229,65.91718724409012,69.31114065170213,56602000,4.0,-0.451075,negative,-0.03505693985248104
"2020-03-04 00:00:00.000000",GOOGL,68.51374053955078,68.57225502928063,66.30201692418471,67.39101599549596,47598000,2.0,0.0,neutral,0.03280223603933141
"2020-03-05 00:00:00.000000",GOOGL,65.1991195678711,67.12669225673191,64.5484988050263,66.72599709750645,54380000,6.0,-0.39668333333333333,negative,-0.048378922907679534
"2020-03-06 00:00:00.000000",GOOGL,64.25594329833984,64.60356467952383,62.34523261541733,62.97701215349297,64640000,7.0,-0.5016,negative,-0.014466089048172148
"2020-03-09 00:00:00.000000",GOOGL,60.291194915771484,62.12305473019572,59.410969211683664,59.75413363170908,69252000,5.0,-0.32094,neutral,-0.06170243839017453
"2020-03-10 00:00:00.000000",GOOGL,63.2358512878418,63.269572972951494,60.22771277532329,62.20537061822726,54872000,2.0,-0.45485,negative,0.048840570769646874
"2020-03-11 00:00:00.000000",GOOGL,60.04869079589844,62.331326848782346,59.06879078773563,61.90187762474763,54732000,9.0,0.05390000000000001,neutral,-0.050401163691713435
"2020-03-12 00:00:00.000000",GOOGL,55.121917724609375,58.95027701384307,54.96918076424431,55.67088167650658,94326000,2.0,-0.48645,negative,-0.08204630285837278
"2020-03-13 00:00:00.000000",GOOGL,60.215816497802734,60.22226345773861,55.158611522233514,58.2679152243598,79400000,7.0,0.1525857142857143,neutral,0.09241149407469118
"2020-03-16 00:00:00.000000",GOOGL,53.21022033691406,56.804014722190885,52.91664529324998,54.03391030090798,96520000,5.0,-0.57424,negative,-0.11634146256481148
"2020-03-17 00:00:00.000000",GOOGL,55.44475173950195,55.838496815004454,52.02501762640033,54.084991706538645,83194000,7.0,-0.27511428571428576,neutral,0.04199440236179042
"2020-03-18 00:00:00.000000",GOOGL,54.11226272583008,54.79660524805218,51.424970078900834,52.56257095894629,93044000,5.0,-0.07093999999999998,negative,-0.02403273478312895
"2020-03-19 00:00:00.000000",GOOGL,55.127864837646484,57.15808582583962,52.3448667261516,53.96497557597738,74064000,1.0,0.0,neutral,0.018768428091099132
"2020-03-20 00:00:00.000000",GOOGL,52.972686767578125,56.45738636340472,52.669690960507474,56.08149147147877,82878000,2.0,0.14479999999999998,negative,-0.03909416909969998
"2020-03-23 00:00:00.000000",GOOGL,52.274452209472656,52.90821410094761,50.030002120502026,52.385533632275504,83672000,4.0,-0.4698,negative,-0.013181029710066072
"2020-03-24 00:00:00.000000",GOOGL,56.037349700927734,56.20198931680837,53.87621071144316,54.74652002572422,72468000,5.0,0.03652,negative,0.07198348968586998
"2020-03-25 00:00:00.000000",GOOGL,54.629486083984375,56.838723734721434,53.70661363639943,55.76807440928379,90324000,4.0,-0.622025,negative,-0.025123665277839713
"2020-03-26 00:00:00.000000",GOOGL,57.66936111450195,58.093854072789966,54.153917901971255,55.279116700352446,76562000,1.0,0.0,neutral,0.055645316264631095
"2020-03-27 00:00:00.000000",GOOGL,55.05794906616211,57.08073204784074,54.74751506360393,55.911395704558494,62794000,4.0,0.4868,positive,-0.04528248619149622
"2020-03-30 00:00:00.000000",GOOGL,56.845672607421875,57.07825124528936,54.47427322697181,56.16777698755777,58736000,3.0,-0.04979999999999999,negative,0.03246985351945253
"2020-03-31 00:00:00.000000",GOOGL,57.62125778198242,58.18906316864204,56.370097362055304,56.96567688694709,65228000,2.0,-0.45445,negative,0.013643697734333493
"2020-04-01 00:00:00.000000",GOOGL,54.65329360961914,56.008097373392076,54.22632246793909,55.73931890160938,51970000,2.0,-0.431,negative,-0.05150814623993394
"2020-04-02 00:00:00.000000",GOOGL,55.393680572509766,55.67832676102087,54.20847642144488,54.54915895870375,56410000,5.0,-0.17592000000000002,neutral,0.01354697794023374
"2020-04-03 00:00:00.000000",GOOGL,54.18714141845703,55.48094867701905,53.31336646721793,55.27862233919662,51374000,1.0,-0.9605,negative,-0.021781169649367937
"2020-04-06 00:00:00.000000",GOOGL,58.674556732177734,59.049456548881885,55.78890642035224,56.18562904604569,63320000,3.0,0.46216666666666667,positive,0.08281328736400573
"2020-04-07 00:00:00.000000",GOOGL,58.643310546875,60.5386486628773,58.37998779819019,60.35169060850497,61620000,1.0,0.0,neutral,-0.0005325338109559
"2020-04-08 00:00:00.000000",GOOGL,59.85529327392578,60.247055806495155,58.71224047565648,59.661892044147216,40334000,9.0,-0.17858888888888888,negative,0.02066702435023715
"2020-04-09 00:00:00.000000",GOOGL,59.8339729309082,60.59865278435294,59.132272009251324,60.40971598898934,54028000,3.0,-0.2483,neutral,-0.0003561981213592
"2020-04-13 00:00:00.000000",GOOGL,60.02439880371094,60.228215813461446,58.63190840184953,59.582551251526766,38702000,5.0,0.37012,neutral,0.003182571095899478
"2020-04-14 00:00:00.000000",GOOGL,62.7429313659668,63.26461680088407,60.923466061815894,61.49028400054519,63358000,3.0,-0.004300000000000008,negative,0.045290458820685275
"2020-04-15 00:00:00.000000",GOOGL,62.34968566894531,63.232885198503794,61.19423448072011,61.81460686948649,42236000,6.0,-0.21955,negative,-0.00626756972395448
"2020-04-16 00:00:00.000000",GOOGL,62.35612869262695,63.14610078349134,61.4025120129918,62.83764929137025,57896000,4.0,0.01092499999999999,neutral,0.0001033369071954
"2020-04-17 00:00:00.000000",GOOGL,63.425785064697266,63.971275807142504,62.78111177962652,63.55967676795776,51050000,1.0,0.0,neutral,0.017153989423284832
"2020-04-20 00:00:00.000000",GOOGL,62.54059982299805,63.3176779307609,62.307029946262375,62.97401789004605,35292000,3.0,0.0,neutral,-0.013956236265680988
"2020-04-21 00:00:00.000000",GOOGL,60.11118698120117,61.98767622078113,59.75611987683301,61.62616593937416,49648000,2.0,-0.4866,negative,-0.03884537162535351
"2020-04-22 00:00:00.000000",GOOGL,62.40472412109375,63.46942212095462,61.352916257316856,61.54681311207686,46296000,8.0,-0.08767499999999999,negative,0.03815491350403444
"2020-04-23 00:00:00.000000",GOOGL,63.03749465942383,63.87953802477549,62.50985788688982,62.76822057097703,34202000,3.0,-0.3229,neutral,0.01013978584541464
"2020-04-24 00:00:00.000000",GOOGL,63.3067741394043,63.36181922472336,61.69013452627562,62.23562530613796,37402000,3.0,-0.01789999999999999,negative,0.004271735122649112
"2020-04-27 00:00:00.000000",GOOGL,63.02212905883789,64.17460653654936,62.73450531843836,64.07046390575515,44186000,4.0,0.0,neutral,-0.004496281550211423
"2020-04-28 00:00:00.000000",GOOGL,61.12430953979492,63.71142467884531,61.0147150018543,63.63406872473429,80700000,17.0,0.046570588235294114,neutral,-0.030113541820701584
"2020-04-29 00:00:00.000000",GOOGL,66.55889892578125,67.45003233788705,65.79273212855323,66.69874197813101,108358000,34.0,0.46665294117647055,positive,0.08891044212856336
"2020-04-30 00:00:00.000000",GOOGL,66.78303527832031,66.94668363522894,65.53336173174351,66.02232428665536,55842000,3.0,-0.03076666666666668,negative,0.003367488888134984
"2020-05-01 00:00:00.000000",GOOGL,65.3260726928711,67.0175974915961,64.9462166247324,65.66179886879097,48872000,2.0,-0.3905,negative,-0.02181635769289736
"2020-05-04 00:00:00.000000",GOOGL,65.602783203125,65.68064612813664,64.26930683547664,64.87034202825359,30806000,15.0,0.048473333333333334,neutral,0.004235835690825196
"2020-05-05 00:00:00.000000",GOOGL,66.89807891845703,67.98856850629761,66.20431948237466,66.32680414700387,39666000,19.0,-0.0016526315789473734,neutral,0.019744523815726334
"2020-05-06 00:00:00.000000",GOOGL,66.72006225585938,67.87353091957088,66.70518581908316,67.34341219746076,31732000,12.0,-0.059875000000000005,neutral,-0.0026610130735539306
"2020-05-07 00:00:00.000000",GOOGL,67.90277862548828,68.23603045485314,67.07264174294407,67.50754669271235,30652000,11.0,0.15462727272727272,neutral,0.017726547752509703
"2020-05-08 00:00:00.000000",GOOGL,68.64960479736328,69.25956128997706,68.03815763461286,68.52463821205002,33326000,18.0,0.04557777777777778,neutral,0.010998462610698923
"2020-05-11 00:00:00.000000",GOOGL,69.60421752929688,70.19632388908829,68.2112352957633,68.27520548318408,32718000,15.0,-0.032306666666666664,neutral,0.013905582337310873
"2020-05-12 00:00:00.000000",GOOGL,68.19537353515625,70.13682424784653,68.16214747442724,69.83383223606998,33918000,12.0,-0.01740833333333334,neutral,-0.020240784885594554
"2020-05-13 00:00:00.000000",GOOGL,66.86386108398438,68.69870207901334,65.8561907203026,68.24395686168661,40368000,16.0,0.09505,neutral,-0.019524967488966816
"2020-05-14 00:00:00.000000",GOOGL,67.28687286376953,67.3121612901518,65.62262654118136,66.1294392946917,36660000,14.0,-0.0005214285714286,neutral,0.006326463547383643
"2020-05-15 00:00:00.000000",GOOGL,68.0902328491211,68.16560628520914,66.40118989060014,66.86039957997617,41544000,28.0,0.006225000000000004,neutral,0.011939327110327413
"2020-05-18 00:00:00.000000",GOOGL,68.69127655029297,69.0671676528227,67.15497035740877,67.52094887953119,47094000,13.0,0.06554615384615384,neutral,0.008827164719846126
"2020-05-19 00:00:00.000000",GOOGL,68.15670013427734,69.05378118346108,68.12496474010864,68.70615981767418,31586000,4.0,-0.080675,neutral,-0.007782304287564545
"2020-05-20 00:00:00.000000",GOOGL,69.88043975830078,70.02276472704372,68.80235214483642,68.88863698818672,38262000,7.0,-0.09172857142857142,neutral,0.02529083157822276
"2020-05-21 00:00:00.000000",GOOGL,69.76092529296875,70.24244206277815,69.14798739865162,69.97118547184348,30894000,3.0,0.0,neutral,-0.0017102706529238398
"2020-05-22 00:00:00.000000",GOOGL,70.08275604248047,70.26921087060184,69.22534077994696,69.61958139517975,28544000,6.0,-0.0848,neutral,0.004613338314538584
"2020-05-26 00:00:00.000000",GOOGL,70.48594665527344,71.66322084569644,70.38825854154405,71.50701066600398,44590000,2.0,0.66535,positive,0.005753064456377466
"2020-05-27 00:00:00.000000",GOOGL,70.43187713623047,70.68330099818472,69.15840585469878,70.41799195891424,31684000,12.0,-0.175725,neutral,-0.0007670964441665
"2020-05-28 00:00:00.000000",GOOGL,70.33071899414062,71.63096943029363,69.38057178014799,69.426192345688,35170000,17.0,-0.1108764705882353,neutral,-0.0014362550907762728
"2020-05-29 00:00:00.000000",GOOGL,71.08845520019531,71.24763911516013,70.2186452926417,70.4393174660561,37044000,8.0,-0.3822375,negative,0.010773901033456212
"2020-06-01 00:00:00.000000",GOOGL,71.1553955078125,71.48814791077972,70.53105438742989,70.70065785212817,25162000,11.0,-0.026318181818181817,neutral,0.0009416480837665
"2020-06-02 00:00:00.000000",GOOGL,71.52436065673828,71.55857797653256,70.49784106291007,71.16185531852858,23442000,5.0,0.51398,positive,0.005185343237748885
"2020-06-03 00:00:00.000000",GOOGL,71.37260437011719,71.85660306579962,70.99423139231902,71.54369094375163,27732000,0.0,0.0,No News,-0.002121742651422065
"2020-06-04 00:00:00.000000",GOOGL,70.13532257080078,71.4752534941647,69.72422296477501,71.25010932295427,26982000,2.0,-0.8208,negative,-0.017335528249750154
"2020-06-05 00:00:00.000000",GOOGL,71.41079711914062,71.72222618313101,69.80407376319808,70.20178767828749,42642000,3.0,-0.292,negative,0.018185908349566127
"2020-06-08 00:00:00.000000",GOOGL,71.80850219726562,71.85610527816216,70.64015718062795,70.72942336173372,33878000,3.0,0.0,neutral,0.005569256949498502
"2020-06-09 00:00:00.000000",GOOGL,72.00884246826172,72.78840250945899,71.52682627591334,71.66965065277674,33624000,1.0,0.0,neutral,0.00278992410182477
"2020-06-10 00:00:00.000000",GOOGL,72.63467407226562,73.0348622998667,72.1219137520516,72.47648141459497,31762000,1.0,0.6898,positive,0.008691038246861682
"2020-06-11 00:00:00.000000",GOOGL,69.52041625976562,71.98504674451961,69.34734716096332,71.46087559148388,47144000,0.0,0.0,No News,-0.04287563553188889
"2020-06-12 00:00:00.000000",GOOGL,70.06690216064453,71.1375515555571,68.7220148203328,70.70859413359544,36676000,0.0,0.0,No News,0.007860797306462386
"2020-06-15 00:00:00.000000",GOOGL,70.45469665527344,70.66594810504006,68.79144145539158,68.90500481086467,30468000,0.0,0.0,No News,0.005534631654469324
"2020-06-16 00:00:00.000000",GOOGL,71.73064422607422,72.26125473639239,70.86380812050945,71.85610266711461,30648000,0.0,0.0,No News,0.01811018471974757
"2020-06-17 00:00:00.000000",GOOGL,72.03165435791016,72.51069676200414,71.16829143028149,72.0514946495563,30610000,0.0,0.0,No News,0.004196395209936199
"2020-06-18 00:00:00.000000",GOOGL,71.11820983886719,72.05298121424725,70.72743476994945,71.8982617395041,34862000,0.0,0.0,No News,-0.01268115423955496
"2020-06-19 00:00:00.000000",GOOGL,70.6480941772461,71.63295053322123,70.36840054135394,71.40979643273978,52784000,0.0,0.0,No News,-0.006610341608516812
"2020-06-22 00:00:00.000000",GOOGL,71.93842315673828,71.95280774652628,70.37782758468947,70.66644253665869,29442000,0.0,0.0,No News,0.01826417250909751
"2020-06-23 00:00:00.000000",GOOGL,72.5989761352539,73.15538214854752,71.65775768919568,72.00488718193142,37752000,0.0,0.0,No News,0.009182199852732609
"2020-06-24 00:00:00.000000",GOOGL,71.04779815673828,73.18463264160842,70.91390265538281,72.56426402456245,31592000,0.0,0.0,No News,-0.021366389184686807
"2020-06-25 00:00:00.000000",GOOGL,71.46435546875,71.52485247707787,70.39518907866939,70.97440158641986,23958000,0.0,0.0,No News,0.00586305730534753
"2020-06-26 00:00:00.000000",GOOGL,67.56855010986328,71.26202286929771,67.19464153368672,71.04432444908078,97640000,0.0,0.0,No News,-0.05451396480571746
"2020-06-29 00:00:00.000000",GOOGL,69.28585052490234,69.32701421353897,67.02850648187311,67.45944641414235,45074000,0.0,0.0,No News,0.025415676557315692
"2020-06-30 00:00:00.000000",GOOGL,70.3212890625,70.61635097847407,68.77804426486243,69.27147126590755,40286000,0.0,0.0,No News,0.014944444352682051
"2020-07-01 00:00:00.000000",GOOGL,71.50897216796875,71.83032132325184,70.12937578150444,70.37683460756695,42182000,0.0,0.0,No News,0.016889381882820187
"2020-07-02 00:00:00.000000",GOOGL,72.89402770996094,73.81591270905315,71.9587569455247,71.99694685942596,57218000,0.0,0.0,No News,0.01936897566837903
"2020-07-06 00:00:00.000000",GOOGL,74.36785125732422,74.88111101976311,73.24364363672055,73.79756767696199,44712000,0.0,0.0,No News,0.02021871466929359
"2020-07-07 00:00:00.000000",GOOGL,73.88533782958984,75.44246780197778,73.87442642573149,74.19329366469888,42364000,0.0,0.0,No News,-0.006488199128744543
"2020-07-08 00:00:00.000000",GOOGL,74.56373596191406,74.93913520411024,74.0033649498385,74.42488417311117,31766000,0.0,0.0,No News,0.0091817693774221
"2020-07-09 00:00:00.000000",GOOGL,75.3105697631836,75.83027655124542,74.16652927231475,74.87764724395905,41836000,0.0,0.0,No News,0.010016045891946712
"2020-07-10 00:00:00.000000",GOOGL,76.31971740722656,76.43526327419461,74.42091366005153,75.04227347746796,35918000,0.0,0.0,No News,0.013399814225496742
"2020-07-13 00:00:00.000000",GOOGL,74.99170684814453,78.17191999043621,74.71053006647314,76.86174923666793,42954000,0.0,0.0,No News,-0.017400622069864813
"2020-07-14 00:00:00.000000",GOOGL,75.41966247558594,75.51586747193137,73.68748069578344,74.02767136950519,38108000,0.0,0.0,No News,0.005706706053617339
"2020-07-15 00:00:00.000000",GOOGL,75.2222900390625,76.18681428524529,74.2775985185989,75.53718469026553,31026000,0.0,0.0,No News,-0.002616989125181046
"2020-07-16 00:00:00.000000",GOOGL,75.12509155273438,75.17418530345144,73.80351018131975,74.45958671679637,26484000,0.0,0.0,No News,-0.0012921500565543642
"2020-07-17 00:00:00.000000",GOOGL,75.22080993652344,75.54711545019822,74.2909947214327,75.22378371077092,34264000,0.0,0.0,No News,0.0012741200284844822
"2020-07-20 00:00:00.000000",GOOGL,77.55103302001953,77.80741315385244,74.51909314973128,75.12904965194888,30166000,0.0,0.0,No News,0.030978436492009376
"2020-07-21 00:00:00.000000",GOOGL,77.15828704833984,78.70203135101997,76.99463868090396,78.60186132798782,27486000,0.0,0.0,No News,-0.005064355127007758
"2020-07-22 00:00:00.000000",GOOGL,77.60113525390625,77.70676098682584,76.5289950954677,77.14788062235074,24482000,0.0,0.0,No News,0.005739476892339113
"2020-07-23 00:00:00.000000",GOOGL,75.21583557128906,77.87386699676158,74.811175365206,77.65467794351336,33910000,0.0,0.0,No News,-0.030737948289192296
"2020-07-24 00:00:00.000000",GOOGL,74.79235076904297,75.15039166978701,73.76980375376206,74.34505124105762,29902000,0.0,0.0,No News,-0.005630261221318489
"2020-07-27 00:00:00.000000",GOOGL,75.8446273803711,76.24779688344888,74.99664041443735,75.04276038443152,27124000,0.0,0.0,No News,0.014069307897241146
"2020-07-28 00:00:00.000000",GOOGL,74.56622314453125,75.67505501708273,74.41100423747882,75.62497000046984,30910000,0.0,0.0,No News,-0.016855567493640256
"2020-07-29 00:00:00.000000",GOOGL,75.55107116699219,76.03804366539825,74.53447181046977,74.63315872892666,22676000,0.0,0.0,No News,0.013207696205184138
"2020-07-30 00:00:00.000000",GOOGL,76.28797912597656,76.41294572195511,74.14568165173718,74.28453342504669,36042000,0.0,0.0,No News,0.009753772482663736
"2020-07-31 00:00:00.000000",GOOGL,73.78765106201172,74.63415515123877,72.10406361825939,74.23892317136475,91468000,0.0,0.0,No News,-0.032774862994286114
"2020-08-03 00:00:00.000000",GOOGL,73.5302734375,74.27263483646993,72.982796377369,73.93889871670713,45482000,0.0,0.0,No News,-0.003488085347715164
"2020-08-04 00:00:00.000000",GOOGL,73.0611572265625,74.0435393333621,72.6014556409733,73.72616272675874,37212000,0.0,0.0,No News,-0.006379905704230082
"2020-08-05 00:00:00.000000",GOOGL,73.34825897216797,73.88928895066769,72.95798340292208,73.23569446922863,29134000,0.0,0.0,No News,0.0039296085157147775
"2020-08-06 00:00:00.000000",GOOGL,74.63067626953125,74.6961371287166,72.99172582956919,73.20248543087422,33306000,0.0,0.0,No News,0.017483950066897957
"2020-08-07 00:00:00.000000",GOOGL,74.30437469482422,75.3814709934715,73.70433072116582,74.83350211063035,27718000,0.0,0.0,No News,-0.00437221784683528
"2020-08-10 00:00:00.000000",GOOGL,74.22750854492188,74.73976942853685,73.26892434364396,73.92897345317232,20546000,0.0,0.0,No News,-0.001034476774995241
"2020-08-11 00:00:00.000000",GOOGL,73.42018127441406,74.9029290830015,73.30364415071575,74.08766106264545,31098000,0.0,0.0,No News,-0.010876389176112888
"2020-08-12 00:00:00.000000",GOOGL,74.74424743652344,74.96393594922627,73.64136312889204,73.74649701775965,22512000,0.0,0.0,No News,0.018034090070692788
"2020-08-13 00:00:00.000000",GOOGL,75.21088409423828,76.21856217706964,74.79234620944766,74.79234620944766,22388000,0.0,0.0,No News,0.006243111325873407
"2020-08-14 00:00:00.000000",GOOGL,74.61480712890625,75.36659681987358,74.33561289996881,75.06012408061498,21942000,0.0,0.0,No News,-0.007925408303739001
"2020-08-17 00:00:00.000000",GOOGL,75.1905517578125,75.56446789757864,74.63316208489026,75.17716599131961,19990000,0.0,0.0,No News,0.0077162248494668795
"2020-08-18 00:00:00.000000",GOOGL,77.15132904052734,77.23017564728161,75.4598120526511,75.68048418247595,28378000,0.0,0.0,No News,0.026077442403009243
"2020-08-19 00:00:00.000000",GOOGL,76.59742736816406,77.79998980713675,76.36881754336467,76.98819489670538,30472000,0.0,0.0,No News,-0.007179418413807426
"2020-08-20 00:00:00.000000",GOOGL,78.16645050048828,78.36084298271476,76.09407832961335,76.36731743172305,26382000,0.0,0.0,No News,0.0204840186705324
"2020-08-21 00:00:00.000000",GOOGL,78.13274383544922,78.94155742131991,77.47517655139052,77.94578197707564,34838000,0.0,0.0,No News,-0.0004312165234988
"2020-08-24 00:00:00.000000",GOOGL,78.6078109741211,79.77962926395986,78.10645386630996,78.9708081393401,25638000,0.0,0.0,No News,0.006080256693306252
"2020-08-25 00:00:00.000000",GOOGL,79.63432312011719,79.78457814472273,78.24728090400605,78.35737106631586,25150000,0.0,0.0,No News,0.01305865324673694
"2020-08-26 00:00:00.000000",GOOGL,81.53263854980469,81.96209542076527,79.39283024801047,79.65664865706766,52188000,0.0,0.0,No News,0.023837905005159143
"2020-08-27 00:00:00.000000",GOOGL,80.75853729248047,81.72405283891463,80.27701291660559,81.65561820356022,31350000,0.0,0.0,No News,-0.009494372696541076
"2020-08-28 00:00:00.000000",GOOGL,81.29955291748047,81.39476664406783,80.61422293122781,80.80564164230469,22418000,0.0,0.0,No News,0.006699175630690668
"2020-08-31 00:00:00.000000",GOOGL,80.80862426757812,81.55098571536558,80.60034658249602,81.50486573387329,26422000,0.0,0.0,No News,-0.006038515985452464
"2020-09-01 00:00:00.000000",GOOGL,82.07563781738281,82.280941701102,80.80861351008971,80.93903580626339,22652000,0.0,0.0,No News,0.015679187231418368
"2020-09-02 00:00:00.000000",GOOGL,85.16560363769531,85.5975348157348,82.32904722784718,82.71684094466416,49522000,0.0,0.0,No News,0.037647783221467446
"2020-09-03 00:00:00.000000",GOOGL,80.80762481689453,84.30323151911709,79.7265559132381,84.27942619556264,63726000,0.0,0.0,No News,-0.05117064442283703
"2020-09-04 00:00:00.000000",GOOGL,78.41242980957031,81.07938305548198,76.26814951914791,79.7905357444449,55850000,0.0,0.0,No News,-0.02964070547490527
"2020-09-08 00:00:00.000000",GOOGL,75.55553436279297,77.13993533300419,75.20344105449351,75.62496025313807,54032000,0.0,0.0,No News,-0.03643421653576484
"2020-09-09 00:00:00.000000",GOOGL,76.72736358642578,77.2971478144639,75.63340056915945,76.81017525430957,39242000,0.0,0.0,No News,0.015509508780734427
"2020-09-10 00:00:00.000000",GOOGL,75.67703247070312,78.03801986805702,75.37701423670407,76.87364735396316,33024000,0.0,0.0,No News,-0.013689133402056242
"2020-09-11 00:00:00.000000",GOOGL,75.166748046875,76.30434137046228,74.03906730255125,75.78116905727127,30706000,0.0,0.0,No News,-0.006742923277622825
"2020-09-14 00:00:00.000000",GOOGL,74.82308197021484,77.21183946322891,74.63860963235427,75.95472771220844,42660000,0.0,0.0,No News,-0.004572049284955693
"2020-09-15 00:00:00.000000",GOOGL,76.1268081665039,76.91380642864527,75.48115117831345,75.76827546976736,23042000,0.0,0.0,No News,0.017424117825139085
"2020-09-16 00:00:00.000000",GOOGL,74.98474884033203,77.08141822427109,74.95995225886935,76.49179380537119,22128000,0.0,0.0,No News,-0.01500206502384771
"2020-09-17 00:00:00.000000",GOOGL,73.74251556396484,74.31875423371972,72.52359367520403,73.68151914994446,40008000,0.0,0.0,No News,-0.016566479125139533
"2020-09-18 00:00:00.000000",GOOGL,71.95975494384766,74.14718140405718,70.99423937213804,73.80500821832771,63056000,0.0,0.0,No News,-0.02417547877887083
"2020-09-21 00:00:00.000000",GOOGL,70.92085266113281,71.41278150456299,69.55910621020328,70.99424359270485,56908000,0.0,0.0,No News,-0.014437268213677634
"2020-09-22 00:00:00.000000",GOOGL,72.39266967773438,72.59847297958909,70.88909790425686,71.92156489906783,33950000,0.0,0.0,No News,0.02075295151390888
"2020-09-23 00:00:00.000000",GOOGL,69.891845703125,72.05844057241953,69.55910082477837,72.00934681768462,37726000,0.0,0.0,No News,-0.03454526522840129
"2020-09-24 00:00:00.000000",GOOGL,70.55982208251953,71.31012111863477,69.53281074002145,69.55909799295081,34552000,0.0,0.0,No News,0.009557286299632928
"2020-09-25 00:00:00.000000",GOOGL,71.3631820678711,71.70435638288463,69.80704340057243,70.66842379721632,30326000,0.0,0.0,No News,0.011385516029391862
"2020-09-28 00:00:00.000000",GOOGL,72.33515167236328,73.04577770670436,71.72123004229934,72.99619210723424,30784000,0.0,0.0,No News,0.013620042945503563
"2020-09-29 00:00:00.000000",GOOGL,72.70013427734375,72.99667929784022,72.10405532889749,72.59549981591418,31816000,0.0,0.0,No News,0.005045715624315328
"2020-09-30 00:00:00.000000",GOOGL,72.67931365966797,73.70086941289681,72.19134985223658,72.44822189421207,40924000,0.0,0.0,No News,-0.0002863903606608
"2020-10-01 00:00:00.000000",GOOGL,73.78516387939453,74.14073037908443,73.23471303836575,73.57490368942042,32884000,0.0,0.0,No News,0.015215474170612975
"2020-10-02 00:00:00.000000",GOOGL,72.18339538574219,73.34529333602387,71.7742783075214,72.38324355843328,31222000,0.0,0.0,No News,-0.021708544230795712
"2020-10-05 00:00:00.000000",GOOGL,73.53374481201172,73.62647661219141,72.40606407362094,72.53301318921578,21602000,0.0,0.0,No News,0.018707202938478718
"2020-10-06 00:00:00.000000",GOOGL,71.95628356933594,73.61754863021302,71.65824787299684,73.17024916293467,26096000,0.0,0.0,No News,-0.021452208733671152
"2020-10-07 00:00:00.000000",GOOGL,72.35895538330078,72.8464272920144,71.07407320039421,72.3673848593541,36108000,0.0,0.0,No News,0.005596061858542667
"2020-10-08 00:00:00.000000",GOOGL,73.56350708007812,73.79161750074745,72.67187424954838,72.67187424954838,26076000,0.0,0.0,No News,0.016646891741272096
"2020-10-09 00:00:00.000000",GOOGL,74.9034194946289,74.97284538187411,73.74053020813113,74.03112767666134,32966000,0.0,0.0,No News,0.01821436290540368
"2020-10-12 00:00:00.000000",GOOGL,77.58822631835938,78.76995701320932,75.83818706732326,76.26962637160483,55344000,0.0,0.0,No News,0.0358435815326561
"2020-10-13 00:00:00.000000",GOOGL,77.71121978759766,78.60830825072733,77.29268191848519,78.2041474056117,39072000,0.0,0.0,No News,0.0015852078991163143
"2020-10-14 00:00:00.000000",GOOGL,77.53121185302734,78.54334687397657,76.66140181663269,78.08464409532286,33174000,0.0,0.0,No News,-0.002316369953557773
"2020-10-15 00:00:00.000000",GOOGL,77.13597106933594,77.92594312364784,76.42485320690311,76.59196719094011,31210000,0.0,0.0,No News,-0.005097828013325145
"2020-10-16 00:00:00.000000",GOOGL,77.74246978759766,78.23886306630772,77.24458583838096,77.45137286175847,34194000,0.0,0.0,No News,0.007862722279292411
"2020-10-19 00:00:00.000000",GOOGL,75.87042236328125,78.54730285581954,75.52180983862715,78.1505802742587,29734000,0.0,0.0,No News,-0.024080112574646484
"2020-10-20 00:00:00.000000",GOOGL,76.91826629638672,78.04693823643615,75.40180065658136,75.53123169395428,41670000,0.0,0.0,No News,0.013810967442466682
"2020-10-21 00:00:00.000000",GOOGL,78.64945983886719,80.09501655041937,77.71468849305327,77.84907582540164,60322000,0.0,0.0,No News,0.022506923593541783
"2020-10-22 00:00:00.000000",GOOGL,79.67449951171875,80.00972633668317,78.22745949895982,78.60037683033812,30512000,0.0,0.0,No News,0.013033016055693292
"2020-10-23 00:00:00.000000",GOOGL,80.97970581054688,81.0362377810544,79.93483669697007,80.09055499720758,30548000,0.0,0.0,No News,0.016381732007443084
"2020-10-26 00:00:00.000000",GOOGL,78.5651626586914,80.81109596389342,77.7464289699495,80.08807542144447,35826000,0.0,0.0,No News,-0.029816645141985676
"2020-10-27 00:00:00.000000",GOOGL,79.28868103027344,79.44340050716269,78.20315519687098,78.79526157270044,25902000,0.0,0.0,No News,0.009209150049433346
"2020-10-28 00:00:00.000000",GOOGL,74.92078399658203,77.05365336346415,74.80573753596516,76.86521597799047,45174000,0.0,0.0,No News,-0.05508853189301621
"2020-10-29 00:00:00.000000",GOOGL,77.20589447021484,78.78583097305014,75.20592187839175,75.22922779001276,55406000,0.0,0.0,No News,0.030500354530954565
"2020-10-30 00:00:00.000000",GOOGL,80.14309692382812,83.37687475666323,79.42205907546801,82.68856354720329,99878000,0.0,0.0,No News,0.038043759142592615
"2020-11-02 00:00:00.000000",GOOGL,80.55026245117188,82.23235921213355,80.050388434645,80.51158068776404,44228000,0.0,0.0,No News,0.0050804815757337085
"2020-11-03 00:00:00.000000",GOOGL,81.60850524902344,82.27003752125272,79.94475820536469,80.86961702118651,31432000,0.0,0.0,No News,0.013137670389256062
"2020-11-04 00:00:00.000000",GOOGL,86.57694244384766,87.77603157159547,84.4520032958134,84.57994366770366,71342000,0.0,0.0,No News,0.060881364995760245
"2020-11-05 00:00:00.000000",GOOGL,87.40261840820312,88.85660464736164,86.33791656920567,87.79685909810694,39758000,0.0,0.0,No News,0.009536903718804668
"2020-11-06 00:00:00.000000",GOOGL,87.26524353027344,87.70014842802105,86.12218709254135,86.84918009743042,28622000,0.0,0.0,No News,-0.0015717478541442675
"2020-11-09 00:00:00.000000",GOOGL,87.34906768798828,90.09983143122278,87.15715710598109,89.06290742659552,53440000,0.0,0.0,No News,0.0009605675103144
"2020-11-10 00:00:00.000000",GOOGL,86.17376708984375,87.24788954723216,85.1026184059811,85.77952644234995,43022000,0.0,0.0,No News,-0.013455216286254124
"2020-11-11 00:00:00.000000",GOOGL,86.64537811279297,87.42244865386503,86.43858355014122,86.70339318512825,31838000,0.0,0.0,No News,0.005472791069438987
"2020-11-12 00:00:00.000000",GOOGL,86.42668151855469,87.5256006507518,86.18616905114561,86.38601724295751,26474000,0.0,0.0,No News,-0.0025240422397786455
"2020-11-13 00:00:00.000000",GOOGL,87.88661193847656,88.12811565464587,86.08748643492731,86.68355780156224,29744000,0.0,0.0,No News,0.016892126300237953
"2020-11-16 00:00:00.000000",GOOGL,87.9743881225586,88.98156668140368,87.34459128225902,87.48394246884763,25468000,0.0,0.0,No News,0.0009987435190184
"2020-11-17 00:00:00.000000",GOOGL,87.36096954345703,88.12862699809808,87.25336129641464,87.66842600178109,21314000,0.0,0.0,No News,-0.006972695033093057
"2020-11-18 00:00:00.000000",GOOGL,86.31857299804688,87.52659102492422,86.21592105216274,87.11201820971709,20108000,0.0,0.0,No News,-0.011932062462878479
"2020-11-19 00:00:00.000000",GOOGL,87.20772552490234,87.4517111808944,85.79192921661566,85.95111313440208,20106000,0.0,0.0,No News,0.010300825140790781
"2020-11-20 00:00:00.000000",GOOGL,86.10733032226562,87.69322208223674,86.03889568471133,87.37782799467588,27694000,0.0,0.0,No News,-0.012618093133532016
"2020-11-23 00:00:00.000000",GOOGL,85.66992950439453,86.58387681613029,84.80805728103516,86.29774380365357,22530000,0.0,0.0,No News,-0.005079716398523559
"2020-11-24 00:00:00.000000",GOOGL,87.4720458984375,87.59998627783115,85.33123893145898,85.66696514111936,27984000,0.0,0.0,No News,0.02103557694594027
"2020-11-25 00:00:00.000000",GOOGL,87.48344421386719,87.79338256520208,86.70140982396333,87.6659416054076,19600000,0.0,0.0,No News,0.0001303080922894
"2020-11-27 00:00:00.000000",GOOGL,88.61856079101562,89.11397029438973,87.50377401389918,87.50377401389918,14790000,0.0,0.0,No News,0.012975215909120541
"2020-11-30 00:00:00.000000",GOOGL,87.00093841552734,88.28730367623308,86.67562420794934,88.05472883709749,32418000,0.0,0.0,No News,-0.018253764911653536
"2020-12-01 00:00:00.000000",GOOGL,89.03215026855469,90.33934712767135,87.42890021723332,87.60891569180329,37350000,0.0,0.0,No News,0.0233470108486189
"2020-12-02 00:00:00.000000",GOOGL,90.50051879882812,90.8858381988271,88.52683325898421,89.03215541544569,29424000,0.0,0.0,No News,0.016492565054806452
"2020-12-03 00:00:00.000000",GOOGL,90.34529876708984,91.4357808641382,90.10527814356266,90.28082916707561,24728000,0.0,0.0,No News,-0.0017151286401276833
"2020-12-04 00:00:00.000000",GOOGL,90.44052124023438,90.72516363204076,89.93618277474572,90.26497019974981,20544000,0.0,0.0,No News,0.0010539837096561477
"2020-12-07 00:00:00.000000",GOOGL,90.10677337646484,90.71474746268916,89.41300629000888,90.03337488446918,22288000,0.0,0.0,No News,-0.003690247017517856
"2020-12-08 00:00:00.000000",GOOGL,89.82410430908203,90.05420479386552,88.82982716744417,89.68476067965364,19936000,0.0,0.0,No News,-0.0031370457157734455
"2020-12-09 00:00:00.000000",GOOGL,88.16432189941406,90.66912483380474,87.3778230247118,89.77600140990651,31728000,0.0,0.0,No News,-0.018478140388204833
"2020-12-10 00:00:00.000000",GOOGL,87.65800476074219,88.02199315546525,85.96598802674157,87.40757214922617,28688000,0.0,0.0,No News,-0.005742880201012879
"2020-12-11 00:00:00.000000",GOOGL,88.01256561279297,88.13704035719496,86.91861043056292,87.27863376575453,18628000,0.0,0.0,No News,0.004044820014082351
"2020-12-14 00:00:00.000000",GOOGL,86.89481353759766,88.75642621466821,86.7395946512999,87.81025159464944,33050000,0.0,0.0,No News,-0.012699914693008796
"2020-12-15 00:00:00.000000",GOOGL,87.33219909667969,87.47699842212751,86.36965738505812,87.27169452904377,21352000,0.0,0.0,No News,0.005033505928323079
"2020-12-16 00:00:00.000000",GOOGL,87.1392822265625,87.73039727323327,86.73612025973473,87.73039727323327,24676000,0.0,0.0,No News,-0.0022090004845020106
"2020-12-17 00:00:00.000000",GOOGL,86.3121337890625,87.61140062901919,85.8479753357281,87.4735400975427,34880000,0.0,0.0,No News,-0.00949225672239773
"2020-12-18 00:00:00.000000",GOOGL,85.60347747802734,86.70140527599254,85.047079145104,86.59280578905347,85256000,0.0,0.0,No News,-0.008210390357942465
"2020-12-21 00:00:00.000000",GOOGL,86.0170669555664,86.13806852719698,84.00569107154372,84.75599010453729,33974000,0.0,0.0,No News,0.004831456498308961
"2020-12-22 00:00:00.000000",GOOGL,85.30593872070312,85.92035967123091,84.5898570912219,85.7577025849054,20370000,0.0,0.0,No News,-0.00826729229480272
"2020-12-23 00:00:00.000000",GOOGL,85.70315551757812,86.49064556694626,85.3545354259629,85.48992157545021,22974000,0.0,0.0,No News,0.004656379178658465
"2020-12-24 00:00:00.000000",GOOGL,85.99723815917969,86.40635530459163,85.51075748898015,85.74134982606715,9312000,0.0,0.0,No News,0.003431409728446244
"2020-12-28 00:00:00.000000",GOOGL,87.9709243774414,88.61758023825367,86.37710257664094,86.53033139024102,27650000,0.0,0.0,No News,0.022950576791878508
"2020-12-29 00:00:00.000000",GOOGL,87.16756439208984,88.69047715763739,87.03615082463631,88.62898889546618,19726000,0.0,0.0,No News,-0.009132108034976771
"2020-12-30 00:00:00.000000",GOOGL,86.10086822509766,87.66345379664646,85.69175114215045,87.52658454559963,21026000,0.0,0.0,No News,-0.012237306094662226
"2018-01-02 00:00:00.000000",META,180.0074005126953,180.16615833200692,176.16753849046654,176.29651597117564,18151900,0.0,0.0,No News,0.0
"2018-01-03 00:00:00.000000",META,183.2321014404297,183.34124555259893,179.91811132907898,180.46383188992525,16886600,0.0,0.0,No News,0.0179142686275664
"2018-01-04 00:00:00.000000",META,182.89474487304688,184.7601113895471,182.6665399715534,183.46029878370092,13880900,0.0,0.0,No News,-0.0018411433626027707
"2018-01-05 00:00:00.000000",META,185.39511108398438,185.44470965036146,183.49004771181433,184.1449122997492,13574500,0.0,0.0,No News,0.013671066452308756
"2018-01-08 00:00:00.000000",META,186.81399536132812,187.42916301427718,184.87918166255315,185.7424027420113,17994700,0.0,0.0,No News,0.0076532993186697595
"2018-01-09 00:00:00.000000",META,186.4071807861328,187.32994738909062,185.64318714688596,187.23071996426356,12393100,0.0,0.0,No News,-0.002177645065662648
"2018-01-10 00:00:00.000000",META,186.3773956298828,186.42700933698384,184.18461209180802,185.48440946197522,10529900,0.0,0.0,No News,-0.0001597854552834
"2018-01-11 00:00:00.000000",META,186.30795288085938,186.93303715692767,185.9209901804445,186.93303715692767,9588600,0.0,0.0,No News,-0.0003725921203521
"2018-01-12 00:00:00.000000",META,177.97335815429688,180.06692956843747,176.01869604602433,176.67356069082177,77551300,0.0,0.0,No News,-0.04473558212457163
"2018-01-16 00:00:00.000000",META,177.00100708007812,180.33484582584146,176.653726217819,180.0867923927935,36183800,0.0,0.0,No News,-0.00546346421904198
"2018-01-17 00:00:00.000000",META,176.21714782714844,177.92375649243675,174.43116025417478,177.86421095668882,27992400,0.0,0.0,No News,-0.004428558152638429
"2018-01-18 00:00:00.000000",META,178.39999389648438,179.57079858271496,175.7011719113024,176.7429991351371,23304900,0.0,0.0,No News,0.01238725116285
"2018-01-19 00:00:00.000000",META,179.87840270996094,180.94999524947485,178.76712828675176,179.44184142939912,26826500,0.0,0.0,No News,0.00828704520211132
"2018-01-22 00:00:00.000000",META,183.92662048339844,183.9464689935451,179.00524976543338,179.39221244341843,21059500,0.0,0.0,No News,0.022505301984279358
"2018-01-23 00:00:00.000000",META,187.87564086914062,188.0740805502164,184.1052263687926,184.60133314147055,25678800,0.0,0.0,No News,0.021470629837939237
"2018-01-24 00:00:00.000000",META,185.09744262695312,189.17544096373268,185.06767743135438,188.4114322834176,24334500,0.0,0.0,No News,-0.014787431884916713
"2018-01-25 00:00:00.000000",META,186.02020263671875,187.1513255420997,185.14706495851576,186.48654424279474,17377700,0.0,0.0,No News,0.00498526612075012
"2018-01-26 00:00:00.000000",META,188.52059936523438,188.52059936523438,185.3554353008635,186.28811858327765,17759200,0.0,0.0,No News,0.013441533194105126
"2018-01-29 00:00:00.000000",META,184.53189086914062,187.36962252114174,184.1846251747221,187.28032692600374,20453200,0.0,0.0,No News,-0.021157945123896682
"2018-01-30 00:00:00.000000",META,185.66299438476562,186.71473832397322,180.42410805891768,186.1591011591071,20858600,0.0,0.0,No News,0.006129582861247096
"2018-01-31 00:00:00.000000",META,185.43479919433594,188.3519096022416,183.77780429827604,186.9032710839018,43275100,0.0,0.0,No News,-0.0012290827861839437
"2018-02-01 00:00:00.000000",META,191.58651733398438,193.7991645274697,186.4270097242907,186.75444202386447,54211300,0.0,0.0,No News,0.03317456144356923
"2018-02-02 00:00:00.000000",META,188.7983856201172,192.69779259027246,188.5007185388877,190.54467594869928,26677500,0.0,0.0,No News,-0.01455285973494036
"2018-02-05 00:00:00.000000",META,179.84861755371094,189.1258200407309,179.20368482037878,185.47446640685337,33128200,0.0,0.0,No News,-0.04740383789305358
"2018-02-06 00:00:00.000000",META,183.86708068847656,184.32350555864102,176.35603238971768,177.17957140894336,37758500,0.0,0.0,No News,0.02234358645300971
"2018-02-07 00:00:00.000000",META,178.7770538330078,183.6389099554623,178.54884892549848,182.71614335904567,27601900,0.0,0.0,No News,-0.02768318742218301
"2018-02-08 00:00:00.000000",META,170.24400329589844,180.42410890259703,170.14477588457524,179.60056983654195,38478300,0.0,0.0,No News,-0.04773012170275459
"2018-02-09 00:00:00.000000",META,174.73875427246094,175.5225964292041,165.87827811141383,173.3992597294425,39887600,0.0,0.0,No News,0.026401816742703366
"2018-02-12 00:00:00.000000",META,175.0364227294922,176.1675457436953,170.50199884607702,175.68135557952797,32092100,0.0,0.0,No News,0.0017035056606109489
"2018-02-13 00:00:00.000000",META,171.80178833007812,174.59983810473963,171.75218975930463,174.25255726945196,21809400,0.0,0.0,No News,-0.018479778945282632
"2018-02-14 00:00:00.000000",META,178.12220764160156,178.40994295297568,171.86134161775726,172.0994632161415,28929700,0.0,0.0,No News,0.03678901932836798
"2018-02-15 00:00:00.000000",META,178.5587615966797,179.0945502655238,175.46304494787478,179.0945502655238,20922100,0.0,0.0,No News,0.0024508676422678732
"2018-02-16 00:00:00.000000",META,175.97901916503906,178.47940188173544,174.92727508499433,177.59633231075645,20645300,0.0,0.0,No News,-0.014447582457295605
"2018-02-20 00:00:00.000000",META,174.63951110839844,176.5644079238638,173.74652492018245,174.40138953286248,21204900,0.0,0.0,No News,-0.0076117486220581565
"2018-02-21 00:00:00.000000",META,176.5247344970703,179.8585729740723,175.026482192657,175.3340811424222,23200800,0.0,0.0,No News,0.010794941973364391
"2018-02-22 00:00:00.000000",META,177.59632873535156,178.80683061366898,176.02862933326867,177.30857829510717,18464200,0.0,0.0,No News,0.006070504744472682
"2018-02-23 00:00:00.000000",META,181.86282348632812,181.9620509019941,178.1122573018194,178.49921999895196,19007300,0.0,0.0,No News,0.024023552633986922
"2018-02-26 00:00:00.000000",META,183.4900665283203,184.2143934074253,181.79338963283567,183.14280082818172,17599700,0.0,0.0,No News,0.008947639824334441
"2018-02-27 00:00:00.000000",META,180.0470733642578,183.26183550381754,180.0470733642578,183.01378212193907,15849800,0.0,0.0,No News,-0.018763921280344098
"2018-02-28 00:00:00.000000",META,176.93154907226562,181.4560409894335,176.7529427387042,180.88055524348087,18783000,0.0,0.0,No News,-0.017303942984338794
"2018-03-01 00:00:00.000000",META,174.57005310058594,178.71749844130207,173.05196759166571,177.6161408034602,23201600,0.0,0.0,No News,-0.013346946794181802
"2018-03-02 00:00:00.000000",META,175.24476623535156,175.73095636374896,171.64304105878443,171.94069303537623,20025900,0.0,0.0,No News,0.003864999309915129
"2018-03-05 00:00:00.000000",META,178.99533081054688,179.73949102479247,174.5204528392756,174.82803663876726,16189300,0.0,0.0,No News,0.021401863552138023
"2018-03-06 00:00:00.000000",META,178.38014221191406,180.95990337358992,177.7153609822462,180.36456921628732,15086800,0.0,0.0,No News,-0.003436897464570987
"2018-03-07 00:00:00.000000",META,182.27955627441406,182.3887003695206,176.68347250890474,177.34825376456183,19097300,0.0,0.0,No News,0.02186013540603371
"2018-03-08 00:00:00.000000",META,180.92022705078125,182.96418467670003,180.0371575384189,182.1307288731177,17225900,0.0,0.0,No News,-0.007457387166262319
"2018-03-09 00:00:00.000000",META,183.78773498535156,184.06555360346206,181.78347426040867,182.47802080568488,18526300,0.0,0.0,No News,0.015849570726911955
"2018-03-12 00:00:00.000000",META,183.32139587402344,184.65097372471777,182.78560714313122,183.78773751942006,15301200,0.0,0.0,No News,-0.002537378848296301
"2018-03-13 00:00:00.000000",META,180.46380615234375,184.54180446727887,179.6997974761212,184.1647584717446,18067500,0.0,0.0,No News,-0.015587868006653127
"2018-03-14 00:00:00.000000",META,182.75582885742188,182.81535925214953,180.4340526231739,181.17821283722608,16821700,0.0,0.0,No News,0.012700733481944004
"2018-03-15 00:00:00.000000",META,182.42840576171875,182.56731506975962,180.7714107515244,181.81323813182047,15614300,0.0,0.0,No News,-0.001791587703386277
"2018-03-16 00:00:00.000000",META,183.6488037109375,183.88694041511232,181.98189220164593,183.05348466046652,24403400,0.0,0.0,No News,0.006689736415351755
"2018-03-19 00:00:00.000000",META,171.2163848876953,175.79049041621707,168.73585076463533,175.6317325987463,88140100,0.0,0.0,No News,-0.06769670464508315
"2018-03-20 00:00:00.000000",META,166.8406982421875,168.8747389972793,160.68897741262293,166.16600031209563,129851800,0.0,0.0,No News,-0.025556471411179005
"2018-03-21 00:00:00.000000",META,168.07107543945312,172.0498468645589,162.028497733451,163.51681826044535,106598800,0.0,0.0,No News,0.0073745627429562255
"2018-03-22 00:00:00.000000",META,163.60610961914062,168.94422394910038,162.44522145496325,164.8364600066346,73743000,0.0,0.0,No News,-0.026565938301031378
"2018-03-23 00:00:00.000000",META,158.14891052246094,165.3027765807086,157.78179636908934,164.15180527719423,53609700,0.0,0.0,No News,-0.03335571702904938
"2018-03-26 00:00:00.000000",META,158.81373596191406,159.8456467764253,147.85970244005696,159.56782812789862,126116600,0.0,0.0,No News,0.004203793989201676
"2018-03-27 00:00:00.000000",META,151.03475952148438,161.5819952218703,149.5762042785155,155.0929096225438,79117000,0.0,0.0,No News,-0.048981760886824044
"2018-03-28 00:00:00.000000",META,151.8384552001953,154.66627018758905,149.62582297727474,150.4691955044073,60029200,0.0,0.0,No News,0.005321263007649568
"2018-03-29 00:00:00.000000",META,158.5458221435547,160.16313533650757,152.93982073506774,153.94195113230754,59434300,0.0,0.0,No News,0.0441743623808335
"2018-04-02 00:00:00.000000",META,154.18008422851562,157.96041595386316,152.91005192026185,156.58123953443229,36796000,0.0,0.0,No News,-0.02753612713355591
"2018-04-03 00:00:00.000000",META,154.8944549560547,156.1644870647501,149.63572021287504,155.33103133216443,42543900,0.0,0.0,No News,0.004633352816698855
"2018-04-04 00:00:00.000000",META,153.892333984375,154.34874375774146,149.33806209635878,150.84623099352257,49885600,0.0,0.0,No News,-0.0064697020430073415
"2018-04-05 00:00:00.000000",META,158.0993194580078,160.3119667997005,155.43026231541282,160.30203497360776,41449600,0.0,0.0,No News,0.027337199746804597
"2018-04-06 00:00:00.000000",META,155.97596740722656,160.1631098094975,155.58900472739475,156.50183937879345,41644800,0.0,0.0,No News,-0.01343049456544454
"2018-04-09 00:00:00.000000",META,156.70030212402344,159.28006379590303,154.82501883961191,156.59117315157778,34915200,0.0,0.0,No News,0.004643886675860465
"2018-04-10 00:00:00.000000",META,163.75494384765625,164.68762715637567,155.78746897675782,156.70030377210585,57889300,0.0,0.0,No News,0.04501996248896378
"2018-04-11 00:00:00.000000",META,165.02499389648438,167.3368385509731,161.97889049562437,164.07246205954374,56144600,0.0,0.0,No News,0.007755796673898807
"2018-04-12 00:00:00.000000",META,162.59402465820312,166.14615087617642,161.8300311486776,165.67980931063394,38263000,0.0,0.0,No News,-0.014730915486693696
"2018-04-13 00:00:00.000000",META,163.23902893066406,164.40983402145915,162.49486853363877,163.29855934002896,19990600,0.0,0.0,No News,0.003966961724558127
"2018-04-16 00:00:00.000000",META,163.54656982421875,164.48916971806412,162.1177798150317,164.42963932434435,18119400,0.0,0.0,No News,0.0018839911972603485
"2018-04-17 00:00:00.000000",META,167.3467559814453,167.68410498509857,164.37011506455008,164.5387895663767,22743000,0.0,0.0,No News,0.023236110432099055
"2018-04-18 00:00:00.000000",META,165.06466674804688,166.8109573568676,164.47926431633744,165.5806220956449,20969600,0.0,0.0,No News,-0.013636889583037215
"2018-04-19 00:00:00.000000",META,166.79110717773438,167.01931205964715,163.913678740666,164.9058923106942,22235000,0.0,0.0,No News,0.010459176174406393
"2018-04-20 00:00:00.000000",META,164.9852752685547,167.11852844056128,164.5189336679802,166.48351234573315,19119400,0.0,0.0,No News,-0.01082690761957339
"2018-04-23 00:00:00.000000",META,164.5487060546875,167.1383842548743,163.80454582635772,165.96757942949182,23088100,0.0,0.0,No News,-0.0026461101644165153
"2018-04-24 00:00:00.000000",META,158.4466094970703,164.80670300071776,156.95828893465557,164.1419064929904,35079900,0.0,0.0,No News,-0.037083831917761545
"2018-04-25 00:00:00.000000",META,158.4466094970703,159.80593743261562,154.97386151810258,158.8931026377988,41083600,0.0,0.0,No News,0.0
"2018-04-26 00:00:00.000000",META,172.80392456054688,174.8974958663979,169.47008625217697,171.87124135225616,77556900,0.0,0.0,No News,0.09061295226858124
"2018-04-27 00:00:00.000000",META,172.23837280273438,175.72105258444364,171.25609092787653,175.43330213263187,29804700,0.0,0.0,No News,-0.0032727946384941697
"2018-04-30 00:00:00.000000",META,170.6607666015625,174.35180299739937,170.3730312729536,172.4368225691385,20750500,0.0,0.0,No News,-0.009159435121804838
"2018-05-01 00:00:00.000000",META,172.50625610351562,172.66501391219182,168.90451591156153,170.66073821259428,26025900,0.0,0.0,No News,0.010813788890692955
"2018-05-02 00:00:00.000000",META,174.69908142089844,176.69342559877245,172.8436314218019,172.89324513706825,30424500,0.0,0.0,No News,0.012711569811514334
"2018-05-03 00:00:00.000000",META,172.66500854492188,174.7486479441099,170.77979369044417,173.76636620591322,24026100,0.0,0.0,No News,-0.011643294626580869
"2018-05-04 00:00:00.000000",META,175.23484802246094,175.6019622170441,171.71248664369318,171.73233515528582,17677800,0.0,0.0,No News,0.014883383142858753
"2018-05-07 00:00:00.000000",META,176.58425903320312,178.10234465949247,175.7904851097891,175.96909143404696,18697200,0.0,0.0,No News,0.007700585962041151
"2018-05-08 00:00:00.000000",META,177.52684020996094,177.6459009869167,175.73093617098658,176.86205897199665,15577200,0.0,0.0,No News,0.00533785503826012
"2018-05-09 00:00:00.000000",META,181.23776245117188,181.58502817056808,177.38796835743383,178.27103796615435,23282800,0.0,0.0,No News,0.02090344331494909
"2018-05-10 00:00:00.000000",META,184.08538818359375,184.68072240018904,181.07898218374137,181.72391496840459,21071400,0.0,0.0,No News,0.015712099365545074
"2018-05-11 00:00:00.000000",META,185.53402709960938,186.8536730085692,182.7458941572334,183.41069059451098,21207800,0.0,0.0,No News,0.007869385671017248
"2018-05-14 00:00:00.000000",META,185.18673706054688,186.39723880728243,184.75016067451406,186.2484128302155,15646700,0.0,0.0,No News,-0.0018718401389307138
"2018-05-15 00:00:00.000000",META,182.8848114013672,183.84724462976104,181.77352191439496,183.44044857486458,15429400,0.0,0.0,No News,-0.012430294392125285
"2018-05-16 00:00:00.000000",META,181.77354431152344,182.8848339354226,181.23775558248477,182.26965115469898,16975500,0.0,0.0,No News,-0.006076322474942497
"2018-05-17 00:00:00.000000",META,182.3291778564453,182.6268449843108,180.8011754720384,181.25758528011698,14840700,0.0,0.0,No News,0.0030567349447157
"2018-05-18 00:00:00.000000",META,181.25758361816406,182.75583593002384,181.18813653495366,182.0612893980254,13130500,0.0,0.0,No News,-0.005877250426286396
"2018-05-21 00:00:00.000000",META,183.05348205566406,183.85717260334886,181.7040710311633,182.33908709328264,13532900,0.0,0.0,No News,0.009907990615626971
"2018-05-22 00:00:00.000000",META,182.36886596679688,183.97624718272667,182.00173663305148,183.4900570596467,12731400,0.0,0.0,No News,-0.0037399785088982895
"2018-05-23 00:00:00.000000",META,185.44471740722656,185.45464923289944,180.76146796303533,181.07898358500404,16628100,0.0,0.0,No News,0.016866099507301335
"2018-05-24 00:00:00.000000",META,184.48226928710938,185.34550542321446,183.58928309387315,184.4326707185793,12354700,0.0,0.0,No News,-0.005189946273873702
"2018-05-25 00:00:00.000000",META,183.48011779785156,184.87914246030516,183.01377624370036,184.57155869905148,10965100,0.0,0.0,No News,-0.005432237434689013
"2018-05-29 00:00:00.000000",META,184.2937469482422,185.35540755506383,182.27955468877903,182.90463891897232,16398900,0.0,0.0,No News,0.004434426793245461
"2018-05-30 00:00:00.000000",META,186.20870971679688,186.53614199560766,183.80755481216127,185.08750359298813,13736900,0.0,0.0,No News,0.010390817921198892
"2018-05-31 00:00:00.000000",META,190.28672790527344,191.21941113572862,186.02020628722232,186.40716899560496,30782600,0.0,0.0,No News,0.021900254798385976
"2018-06-01 00:00:00.000000",META,192.4795379638672,193.03517520437862,190.57448950783686,191.56670319160136,17307200,0.0,0.0,No News,0.011523715199335038
"2018-06-04 00:00:00.000000",META,191.77505493164062,192.46960146542042,189.9791506300175,190.34626483930563,18939800,0.0,0.0,No News,-0.0036600411642655484
"2018-06-05 00:00:00.000000",META,191.43771362304688,193.48167142182427,191.12019797198496,192.78712486010082,15544300,0.0,0.0,No News,-0.001759046862033209
"2018-06-06 00:00:00.000000",META,189.8501434326172,191.03088001937442,187.6375113806139,189.54255964412974,22558900,0.0,0.0,No News,-0.00829288106499071
"2018-06-07 00:00:00.000000",META,186.7147674560547,189.48305216718774,185.31575764051456,189.264763941221,21503200,0.0,0.0,No News,-0.01651500451815735
"2018-06-08 00:00:00.000000",META,187.6276092529297,188.00464014872674,184.9783854562642,186.06982653878478,12677100,0.0,0.0,No News,0.004888964109867944
"2018-06-11 00:00:00.000000",META,190.04861450195312,191.10037379170612,187.32995852385693,187.33987521093732,12928900,0.0,0.0,No News,0.012903246268835655
"2018-06-12 00:00:00.000000",META,190.90188598632812,191.7750387780921,190.0684302159958,190.67368110301805,11562700,0.0,0.0,No News,0.004489753774901795
"2018-06-13 00:00:00.000000",META,190.91184997558594,192.98557306541858,190.41574310395248,191.23928232766164,15853800,0.0,0.0,No News,0.0000521942945002
"2018-06-14 00:00:00.000000",META,195.27755737304688,195.74389897906175,191.4079303656662,191.5964533732013,19120900,0.0,0.0,No News,0.022867660640338627
"2018-06-15 00:00:00.000000",META,194.3250274658203,195.53552919333194,193.12444242329656,194.26548193596187,21860900,0.0,0.0,No News,-0.0048778257985218065
"2018-06-18 00:00:00.000000",META,196.76588439941406,198.02599996059737,192.61843865407207,193.28321997564694,16826000,0.0,0.0,No News,0.012560692595414924
"2018-06-19 00:00:00.000000",META,195.95228576660156,196.41862740895397,192.2810830263839,194.71201866246838,19994000,0.0,0.0,No News,-0.004134856178426682
"2018-06-20 00:00:00.000000",META,200.42715454101562,201.96508870534092,197.26199061868914,197.54974105161622,28230900,0.0,0.0,No News,0.0228365224570235
"2018-06-21 00:00:00.000000",META,199.93104553222656,201.80632867876594,198.5320206867189,201.18122924992667,19045700,0.0,0.0,No News,-0.00247525845450014
"2018-06-22 00:00:00.000000",META,200.169189453125,200.66529628370577,197.75810238371335,199.59370371285382,17420200,0.0,0.0,No News,0.0011911302732623419
"2018-06-25 00:00:00.000000",META,194.82115173339844,198.4427254162537,191.6063741312629,198.4427254162537,25275100,0.0,0.0,No News,-0.02671758692902615
"2018-06-26 00:00:00.000000",META,197.45050048828125,197.54972790130157,194.70206465937628,196.06140754586227,17897600,0.0,0.0,No News,0.013496218103057567
"2018-06-27 00:00:00.000000",META,194.31512451171875,199.186897340542,194.27544262589436,197.62911458730136,18734400,0.0,0.0,No News,-0.015879301236557675
"2018-06-28 00:00:00.000000",META,194.70208740234375,195.8034451996165,191.75521154315393,193.66026000384585,18172400,0.0,0.0,No News,0.0019914193071557396
"2018-06-29 00:00:00.000000",META,192.80694580078125,196.06140505886148,192.44974831440769,195.78358647390175,15811600,0.0,0.0,No News,-0.009733545371017338
"2018-07-02 00:00:00.000000",META,195.82330322265625,195.91259882515516,190.72332523354694,191.86436497209087,13961600,0.0,0.0,No News,0.015644443769114336
"2018-07-03 00:00:00.000000",META,191.2293243408203,193.87853285613852,191.02096796162596,193.03516037372157,13489500,0.0,0.0,No News,-0.023459817122033044
"2018-07-05 00:00:00.000000",META,196.90478515625,197.1032248475129,192.51920287743454,193.22368119239252,19684200,0.0,0.0,No News,0.029678820625410607
"2018-07-06 00:00:00.000000",META,201.64756774902344,202.05437896277454,196.16062769616207,196.90478790376508,19740100,0.0,0.0,No News,0.02408668021455096
"2018-07-09 00:00:00.000000",META,203.1458282470703,204.19757229416905,200.54621818766037,203.3343361230769,18149400,0.0,0.0,No News,0.0074300945693113185
"2018-07-10 00:00:00.000000",META,201.9551239013672,203.31446665636844,200.68509186543653,202.90765549830326,13190100,0.0,0.0,No News,-0.005861328071453009
"2018-07-11 00:00:00.000000",META,200.9629364013672,202.90768172397952,200.17909431693334,200.64543592133586,12927400,0.0,0.0,No News,-0.004912910753799848
"2018-07-12 00:00:00.000000",META,205.30882263183594,205.4675804308653,201.60787038932932,201.84599194789632,15454700,0.0,0.0,No News,0.021625312151037912
"2018-07-13 00:00:00.000000",META,205.70571899414062,206.80706149245074,204.84248291657892,206.1918939406068,11486800,0.0,0.0,No News,0.0019331675922003022
"2018-07-16 00:00:00.000000",META,205.61643981933594,207.0948436755926,205.2294770838029,205.8843417562371,11078200,0.0,0.0,No News,-0.0004340140626193
"2018-07-17 00:00:00.000000",META,208.35491943359375,208.82126099229464,203.2450107971839,203.30454118510715,15349900,0.0,0.0,No News,0.013318388435593853
"2018-07-18 00:00:00.000000",META,207.72984313964844,209.34715617765175,206.81700843021673,208.18626806435344,15334900,0.0,0.0,No News,-0.0030000553653571904
"2018-07-19 00:00:00.000000",META,206.46975708007812,208.3549723025448,206.1423247234395,207.14447030769182,11350400,0.0,0.0,No News,-0.006065984745019071
"2018-07-20 00:00:00.000000",META,208.30532836914062,209.85317918327323,206.87653834379418,207.22381916439136,16163900,0.0,0.0,No News,0.008890267102656502
"2018-07-23 00:00:00.000000",META,209.26780700683594,209.97227029552766,207.17423537512352,208.9403746504092,16732000,0.0,0.0,No News,0.004620518568731358
"2018-07-24 00:00:00.000000",META,212.9984893798828,214.5165749601828,210.94461512299728,213.43506578153367,28468700,0.0,0.0,No News,0.017827311455149042
"2018-07-25 00:00:00.000000",META,215.80648803710938,216.91776257898957,212.60164190223546,214.04034879448685,58954200,0.0,0.0,No News,0.013183185784094942
"2018-07-26 00:00:00.000000",META,174.88755798339844,178.72743478538428,172.39710737899168,173.52823024051227,169803700,0.0,0.0,No News,-0.18960935987556893
"2018-07-27 00:00:00.000000",META,173.52822875976562,178.52897843645357,171.65294573851048,178.46944804529903,60073700,0.0,0.0,No News,-0.007772589653072148
"2018-07-30 00:00:00.000000",META,169.72805786132812,173.93504902201485,165.26309661219472,173.93504902201485,65280800,0.0,0.0,No News,-0.021899439218609817
"2018-07-31 00:00:00.000000",META,171.23622131347656,172.88329948852726,168.67630846236798,169.34108974362823,40356500,0.0,0.0,No News,0.008885763916421263
"2018-08-01 00:00:00.000000",META,170.31346130371094,173.71676188284266,169.56930109095373,172.57570713929462,34042100,0.0,0.0,No News,-0.005388813200195242
"2018-08-02 00:00:00.000000",META,174.99668884277344,175.4134166928628,168.94419562197868,169.3509916475573,32400000,0.0,0.0,No News,0.027497694563973107
"2018-08-03 00:00:00.000000",META,176.39573669433594,177.4574125381873,174.77842364397407,176.3064411018564,24763400,0.0,0.0,No News,0.00799471041888955
"2018-08-06 00:00:00.000000",META,184.24412536621094,184.34333763121745,176.9910471772695,177.57644950272982,49716200,0.0,0.0,No News,0.044493074600067795
"2018-08-07 00:00:00.000000",META,182.37876892089844,186.83381317946927,182.28947333562078,185.04782577403012,33398600,0.0,0.0,No News,-0.01012437406948441
"2018-08-08 00:00:00.000000",META,183.73809814453125,185.39510809821982,182.32915671862065,183.31145358470317,22205200,0.0,0.0,No News,0.007453330405045033
"2018-08-09 00:00:00.000000",META,181.66439819335938,185.11731268449776,181.05914724577298,184.40291762701943,19732100,0.0,0.0,No News,-0.011286172939161898
"2018-08-10 00:00:00.000000",META,178.85643005371094,180.68211470625917,178.0229742075353,180.62256916869316,21500400,0.0,0.0,No News,-0.015456898366292493
"2018-08-13 00:00:00.000000",META,178.6480712890625,181.1881358188921,177.50701650387984,178.69768499971894,17423300,0.0,0.0,No News,-0.001164949812460514
"2018-08-14 00:00:00.000000",META,179.69981384277344,180.572966695124,177.22919641645174,179.3029344407843,19102000,0.0,0.0,No News,0.005887231505618429
"2018-08-15 00:00:00.000000",META,178.13211059570312,179.46167321744863,173.4190958846087,177.9435875848628,33020200,0.0,0.0,No News,-0.00872401152536506
"2018-08-16 00:00:00.000000",META,173.33970642089844,179.09454811405467,172.6550766400605,179.01516921222068,31351800,0.0,0.0,No News,-0.0269036512214339
"2018-08-17 00:00:00.000000",META,172.44671630859375,174.8478712589947,170.7004107883188,173.1412627587135,24893200,0.0,0.0,No News,-0.005151676616645173
"2018-08-20 00:00:00.000000",META,171.15684509277344,173.21073450107613,169.5792291107304,172.68484736708385,21518000,0.0,0.0,No News,-0.007479824744891506
"2018-08-21 00:00:00.000000",META,171.27589416503906,172.8138281596967,170.05547576617158,171.46441715754236,19578500,0.0,0.0,No News,0.0006955554257915
"2018-08-22 00:00:00.000000",META,172.2879638671875,172.88329806579355,170.78972682533163,170.86910572781093,16894100,0.0,0.0,No News,0.005909002589548518
"2018-08-23 00:00:00.000000",META,171.55372619628906,174.18310133272556,171.4842791167488,171.74224920357818,18053600,0.0,0.0,No News,-0.004261688712418943
"2018-08-24 00:00:00.000000",META,173.29010009765625,173.4587897337263,171.57357479979996,172.34750020068213,14631600,0.0,0.0,No News,0.010121458390128124
"2018-08-27 00:00:00.000000",META,176.0782470703125,177.27881714987828,174.42123689441704,174.61969174325242,17921900,0.0,0.0,No News,0.016089476381426326
"2018-08-28 00:00:00.000000",META,174.88755798339844,176.85215174812703,174.46091341649864,176.7132424542553,15910700,0.0,0.0,No News,-0.006762272493765709
"2018-08-29 00:00:00.000000",META,174.53036499023438,175.41343448259514,173.38932541403022,174.92725951150646,18494100,0.0,0.0,No News,-0.0020424151225095777
"2018-08-30 00:00:00.000000",META,176.25685119628906,178.39010471794867,174.33195408522036,174.53039380863376,24216500,0.0,0.0,No News,0.009892182407063022
"2018-08-31 00:00:00.000000",META,174.36170959472656,176.236992885708,173.6175493183057,175.7706512346192,18065200,0.0,0.0,No News,-0.01075215850447686
"2018-09-04 00:00:00.000000",META,169.82728576660156,172.53602469300188,167.48566103250337,172.1490619892304,29809000,0.0,0.0,No News,-0.026005846344730577
"2018-09-05 00:00:00.000000",META,165.87828063964844,169.79753690303795,165.37225709834064,168.17030702552182,31226700,0.0,0.0,No News,-0.023253066249791843
"2018-09-06 00:00:00.000000",META,161.26446533203125,165.67981255394275,158.75416628878796,165.67981255394275,41514800,0.0,0.0,No News,-0.027814463049808058
"2018-09-07 00:00:00.000000",META,161.77052307128906,163.34815443951953,158.91295776766128,159.06178377410743,24300600,0.0,0.0,No News,0.0031380610614737403
"2018-09-10 00:00:00.000000",META,162.90164184570312,163.72518105294841,160.89738102515815,162.236860467802,20197700,0.0,0.0,No News,0.006992119163239607
"2018-09-11 00:00:00.000000",META,164.64793395996094,165.88820101083448,162.44521846641123,162.66350667856327,20457100,0.0,0.0,No News,0.010719917211834185
"2018-09-12 00:00:00.000000",META,160.73861694335938,163.20923446899246,160.54017723438812,161.97888404940383,24078100,0.0,0.0,No News,-0.023743492691212453
"2018-09-13 00:00:00.000000",META,160.1035919189453,162.04833729505097,159.607485104018,160.73860803645314,25453800,0.0,0.0,No News,-0.003950668709796323
"2018-09-14 00:00:00.000000",META,161.05612182617188,161.57206200702052,159.09152796070794,160.46078759906553,21770400,0.0,0.0,No News,0.0059494599453384645
"2018-09-17 00:00:00.000000",META,159.3296661376953,160.79813806735754,158.52597552173137,160.6592287650919,21005300,0.0,0.0,No News,-0.010719590593022743
"2018-09-18 00:00:00.000000",META,159.05186462402344,160.5004881976009,157.6329911112942,158.14894649228484,22465200,0.0,0.0,No News,-0.0017435642740366575
"2018-09-19 00:00:00.000000",META,161.7903594970703,162.16740553853603,158.23823272214887,158.8335669834127,19629000,0.0,0.0,No News,0.017217621934331184
"2018-09-20 00:00:00.000000",META,164.72732543945312,165.15397007032396,163.1893911510042,163.21915635129847,18936000,0.0,0.0,No News,0.018152910664840816
"2018-09-21 00:00:00.000000",META,161.66136169433594,165.94773190213695,161.54230090188992,165.3424809739052,45994800,0.0,0.0,No News,-0.01861235673521644
"2018-09-24 00:00:00.000000",META,164.12205505371094,164.4097903358473,159.6273286611783,159.77615464504572,19222800,0.0,0.0,No News,0.015221283141407582
"2018-09-25 00:00:00.000000",META,163.62594604492188,164.30064401598187,159.89521327325136,160.7286841915896,27622800,0.0,0.0,No News,-0.003022805244710769
"2018-09-26 00:00:00.000000",META,165.6500701904297,167.98177838516528,162.93141440760854,163.02071000485904,25252200,0.0,0.0,No News,0.012370435095618193
"2018-09-27 00:00:00.000000",META,167.5253448486328,170.43253864331763,165.90804693470875,166.24539593368888,27266900,0.0,0.0,No News,0.011320699448224447
"2018-09-28 00:00:00.000000",META,163.17945861816406,167.47573026988258,161.29424365604567,167.01932048303863,34265600,0.0,0.0,No News,-0.025941664136823417
"2018-10-01 00:00:00.000000",META,161.17518615722656,164.5884035023504,160.004366188851,161.76058857142502,26407700,0.0,0.0,No News,-0.012282627224713627
"2018-10-02 00:00:00.000000",META,158.0894012451172,161.01642845821567,157.43453660843005,160.3218819374772,36031000,0.0,0.0,No News,-0.01914553341417702
"2018-10-03 00:00:00.000000",META,161.1652374267578,162.3856709771353,158.2878242276083,158.75416580084644,23109500,0.0,0.0,No News,0.019456308629264507
"2018-10-04 00:00:00.000000",META,157.6131134033203,160.20279112680748,156.12479322062597,160.20279112680748,25739600,0.0,0.0,No News,-0.022040261784442072
"2018-10-05 00:00:00.000000",META,156.10494995117188,159.6471442320721,154.98374386445582,157.97031615420892,25744000,0.0,0.0,No News,-0.009568768864359423
"2018-10-08 00:00:00.000000",META,156.02560424804688,157.10711354691838,153.1878724618473,154.3289121602927,24046000,0.0,0.0,No News,-0.0005082843506873
"2018-10-09 00:00:00.000000",META,156.6705322265625,159.33958941767398,156.19427390479638,156.46217583453068,18844400,0.0,0.0,No News,0.004133475281982157
"2018-10-10 00:00:00.000000",META,150.20130920410156,156.46217499750117,150.1318469804765,155.598953955172,30610000,0.0,0.0,No News,-0.04129189408194356
"2018-10-11 00:00:00.000000",META,152.1559600830078,153.60458344602512,147.99858271849723,148.96103111199872,35338900,0.0,0.0,No News,0.013013540888982211
"2018-10-12 00:00:00.000000",META,152.5429229736328,155.66838973017065,150.12191938851547,155.5096319219713,25293500,0.0,0.0,No News,0.0025431990335040844
"2018-10-15 00:00:00.000000",META,152.3246307373047,154.358671573541,151.36218236806084,152.1261910523011,15433500,0.0,0.0,No News,-0.001431021722101522
"2018-10-16 00:00:00.000000",META,157.5436553955078,158.218368435776,153.80300633072383,154.18996898294452,19180100,0.0,0.0,No News,0.034262513113875404
"2018-10-17 00:00:00.000000",META,158.17869567871094,159.24037153403384,156.72014042587173,158.3176049818395,17592000,0.0,0.0,No News,0.0040308845291729956
"2018-10-18 00:00:00.000000",META,153.71371459960938,157.42459856405569,152.0864850546604,157.27575745410496,21675100,0.0,0.0,No News,-0.028227449088154888
"2018-10-19 00:00:00.000000",META,152.8505096435547,156.1248175844445,152.3544028385707,154.6464138552001,19761300,0.0,0.0,No News,-0.005615666489507065
"2018-10-22 00:00:00.000000",META,153.57481384277344,156.11487813789978,153.25731337587135,153.5549653323491,15424700,0.0,0.0,No News,0.004738644319262075
"2018-10-23 00:00:00.000000",META,153.1878662109375,153.56491224615945,149.67543651958738,150.04255072863256,19095000,0.0,0.0,No News,-0.0025196034568018
"2018-10-24 00:00:00.000000",META,144.90286254882812,153.44582195956076,144.4663012972735,153.07870778485304,27744600,0.0,0.0,No News,-0.05408394194029076
"2018-10-25 00:00:00.000000",META,149.77467346191406,151.02487256771474,145.8554318914662,146.57974374261678,22105700,0.0,0.0,No News,0.033621219259518
"2018-10-26 00:00:00.000000",META,144.23809814453125,147.83983865590815,142.68033053618106,144.68460641352917,31303300,0.0,0.0,No News,-0.03696603163545331
"2018-10-29 00:00:00.000000",META,140.983642578125,147.67116844140386,137.947471044523,147.34373609993975,31336800,0.0,0.0,No News,-0.022563078744598952
"2018-10-30 00:00:00.000000",META,145.08148193359375,145.4982098521499,138.65194168447485,138.85038138759987,50528300,0.0,0.0,No News,0.029066062420666672
"2018-10-31 00:00:00.000000",META,150.6081085205078,155.1822142120117,147.8001571163338,153.79312110959418,60101300,0.0,0.0,No News,0.03809325982377065
"2018-11-01 00:00:00.000000",META,150.5684356689453,151.56064941305698,148.1871287390694,150.34023074699408,25640800,0.0,0.0,No News,-0.000263417766495
"2018-11-02 00:00:00.000000",META,149.17933654785156,152.9299031401732,147.80016010400823,150.61804339157626,24708700,0.0,0.0,No News,-0.00922569936336437
"2018-11-05 00:00:00.000000",META,147.52232360839844,149.02057596426272,146.29198832700237,148.9312803660929,15971200,0.0,0.0,No News,-0.011107523185167167
"2018-11-06 00:00:00.000000",META,148.77252197265625,149.79450085440686,146.8476250062586,148.1474225079038,16667100,0.0,0.0,No News,0.008474638506755783
"2018-11-07 00:00:00.000000",META,150.35012817382812,151.81860008780413,148.66336805291238,150.38982519689623,21877400,0.0,0.0,No News,0.010604150418730196
"2018-11-08 00:00:00.000000",META,146.71861267089844,149.76471553403783,145.59742165552146,149.318222464907,24145800,0.0,0.0,No News,-0.024153724024306045
"2018-11-09 00:00:00.000000",META,143.83126831054688,146.60945385734857,142.94819894603296,145.6073237236791,17326900,0.0,0.0,No News,-0.01967946879942295
"2018-11-12 00:00:00.000000",META,140.4478302001953,143.91064577963837,139.39608626580937,143.35500861731956,18542100,0.0,0.0,No News,-0.02352366178852272
"2018-11-13 00:00:00.000000",META,141.05308532714844,143.75190745988903,140.51728151874886,140.89432752169836,15141700,0.0,0.0,No News,0.004309465842871285
"2018-11-14 00:00:00.000000",META,143.0970458984375,144.44645699339068,140.44783741628237,142.58109058978476,22068400,0.0,0.0,No News,0.014490718629432742
"2018-11-15 00:00:00.000000",META,142.72994995117188,143.7122318462648,139.73346027184235,141.22178085469093,30320300,0.0,0.0,No News,-0.002565363561216838
"2018-11-16 00:00:00.000000",META,138.44354248046875,140.66610607512533,136.69725224608018,139.97155968303758,37250600,0.0,0.0,No News,-0.030031590932173002
"2018-11-19 00:00:00.000000",META,130.52569580078125,136.67741679552446,130.18834682667722,136.53850750383592,44362700,0.0,0.0,No News,-0.057191881526756916
"2018-11-20 00:00:00.000000",META,131.39883422851562,133.1153745847669,125.86228832765559,126.04088707090841,41939500,0.0,0.0,No News,0.006689398760739262
"2018-11-21 00:00:00.000000",META,133.770263671875,136.1218053904926,133.08563376899136,133.35352057796135,25469700,0.0,0.0,No News,0.01804756836149113
"2018-11-23 00:00:00.000000",META,130.7042999267578,133.4527359775338,130.23795829987594,132.6093483187103,11886100,0.0,0.0,No News,-0.022919621005141222
"2018-11-26 00:00:00.000000",META,135.31808471679688,135.93325225446978,131.74610998842593,131.9643981740473,24263600,0.0,0.0,No News,0.03529941090403654
"2018-11-27 00:00:00.000000",META,133.94883728027344,135.546301797141,132.6688883856301,134.69299748738607,20750300,0.0,0.0,No News,-0.010118732018629228
"2018-11-28 00:00:00.000000",META,135.6951141357422,135.72487932983495,130.82335730951317,135.2188558902812,29847500,0.0,0.0,No News,0.013036894466017968
"2018-11-29 00:00:00.000000",META,137.60015869140625,138.89997107300246,134.60368487056414,134.86165492600796,24238700,0.0,0.0,No News,0.014039153640847735
"2018-11-30 00:00:00.000000",META,139.51516723632812,139.87236476950758,136.29047275122844,137.18345901418738,25732600,0.0,0.0,No News,0.013917197212080401
"2018-12-03 00:00:00.000000",META,139.9914093017578,142.56123882077898,139.66397700605577,141.88654085871002,24819200,0.0,0.0,No News,0.003413550475289684
"2018-12-04 00:00:00.000000",META,136.85601806640625,142.2735111219751,136.09202447573222,139.63421924516007,30307400,0.0,0.0,No News,-0.022397026010311016
"2018-12-06 00:00:00.000000",META,138.54278564453125,138.61223272165327,132.6291861048602,132.77802722436888,28218100,0.0,0.0,No News,0.012325125354053057
"2018-12-07 00:00:00.000000",META,136.3499755859375,139.77310908857413,135.5958987861028,138.16572808420025,21195500,0.0,0.0,No News,-0.015827674089215926
"2018-12-10 00:00:00.000000",META,140.74549865722656,141.9361518937463,137.9276006581578,138.51301816126053,26422200,0.0,0.0,No News,0.03223706533426318
"2018-12-11 00:00:00.000000",META,140.9737091064453,142.75969660179285,140.00134402452528,142.75969660179285,20300300,0.0,0.0,No News,0.0016214404822603168
"2018-12-12 00:00:00.000000",META,143.37486267089844,146.04391963021334,141.40035219133628,141.96592120054922,23696900,0.0,0.0,No News,0.017032633812877007
"2018-12-13 00:00:00.000000",META,143.8809051513672,144.7143761771331,142.07508406549724,144.4365575485377,18148600,0.0,0.0,No News,0.00352950629588622
"2018-12-14 00:00:00.000000",META,142.93829345703125,144.87310701215983,141.40035929885983,142.22389843052554,21785800,0.0,0.0,No News,-0.006551332807812726
"2018-12-17 00:00:00.000000",META,139.0984344482422,143.7916007881354,137.34221204308943,141.9659313000558,24334000,0.0,0.0,No News,-0.026863752993828482
"2018-12-18 00:00:00.000000",META,142.5414276123047,144.7937418711437,138.74124722221976,139.98151438060336,24709100,0.0,0.0,No News,0.024752206433664936
"2018-12-19 00:00:00.000000",META,132.20254516601562,143.78167603070526,131.4683016535584,140.11048874837508,57404900,0.0,0.0,No News,-0.07253247437937527
"2018-12-20 00:00:00.000000",META,132.3612823486328,134.5143990888896,128.98776231335148,129.68230877473562,40297900,0.0,0.0,No News,0.0012007120015566919
"2018-12-21 00:00:00.000000",META,123.97708892822266,133.84961143015394,122.4590032991407,132.35137431268788,56901500,0.0,0.0,No News,-0.06334324714629636
"2018-12-24 00:00:00.000000",META,123.09402465820312,128.7298061390674,122.06212153987512,122.14150044974409,22066000,0.0,0.0,No News,-0.007122802105240522
"2018-12-26 00:00:00.000000",META,133.13523864746094,133.1947841922537,124.9097930163676,125.01893713851634,39723400,0.0,0.0,No News,0.08157352899248682
"2018-12-27 00:00:00.000000",META,133.4726104736328,133.93895219130016,128.6603672764193,131.40880386224958,31202500,0.0,0.0,No News,0.002534053565376615
"2018-12-28 00:00:00.000000",META,132.16285705566406,134.86167943373593,131.17064339137232,134.28619369164923,22627600,0.0,0.0,No News,-0.009812900289587811
"2018-12-31 00:00:00.000000",META,130.0692901611328,133.59165182038424,128.93816714993446,133.4031287951879,24625300,0.0,0.0,No News,-0.015840811413826206
"2019-01-02 00:00:00.000000",META,134.62355041503906,136.43930334149525,127.55899356542318,127.98565333829643,28146200,0.0,0.0,No News,0.03501410862059995
"2019-01-03 00:00:00.000000",META,130.71421813964844,136.10193043297755,130.09903544528873,133.6412450754704,22717900,0.0,0.0,No News,-0.029038992533908847
"2019-01-04 00:00:00.000000",META,136.87588500976562,136.9254987257058,132.70859025045763,132.96656037737398,29002100,0.0,0.0,No News,0.04713845944084194
"2019-01-07 00:00:00.000000",META,136.97508239746094,137.78868962849725,134.8517460247865,136.488892311857,20089300,0.0,0.0,No News,0.0007247250871709
"2019-01-08 00:00:00.000000",META,141.42022705078125,142.02547805447074,138.4535024359785,138.80078331054713,26263800,0.0,0.0,No News,0.03245221375681906
"2019-01-09 00:00:00.000000",META,143.1069793701172,143.57332102571948,140.17003526247268,141.8369470305985,22205900,0.0,0.0,No News,0.011927235265505987
"2019-01-10 00:00:00.000000",META,143.0771942138672,143.43439170578438,139.74335600263245,141.96591985678148,16125000,0.0,0.0,No News,-0.000208132100762
"2019-01-11 00:00:00.000000",META,142.68032836914062,144.22817926755195,141.45990979769772,142.0353804014832,12908000,0.0,0.0,No News,-0.0027737882819629522
"2019-01-14 00:00:00.000000",META,144.2579345703125,145.4287544900615,140.17001938673516,140.8943310748982,20520300,0.0,0.0,No News,0.011056928584368686
"2019-01-15 00:00:00.000000",META,147.79022216796875,149.50674756683452,144.85327820204645,144.87311157453394,24069000,0.0,0.0,No News,0.02448591551083501
"2019-01-16 00:00:00.000000",META,146.39120483398438,148.48477637801153,145.8554160895323,147.83984351932185,18025700,0.0,0.0,No News,-0.009466237437510183
"2019-01-17 00:00:00.000000",META,147.14527893066406,147.8398254180553,145.3592914345309,145.8057845235697,15787900,0.0,0.0,No News,0.005151088807110016
"2019-01-18 00:00:00.000000",META,148.87171936035156,151.24310921857838,147.39333081098312,148.58398408281647,31029600,0.0,0.0,No News,0.011732897190001035
"2019-01-22 00:00:00.000000",META,146.4209747314453,150.3501322838118,145.23030624650642,148.0382726761916,22378700,0.0,0.0,No News,-0.016462123494215164
"2019-01-23 00:00:00.000000",META,143.1764373779297,147.64139894809395,141.94608696153634,147.12544359412522,20098400,0.0,0.0,No News,-0.02215896567733222
"2019-01-24 00:00:00.000000",META,144.69451904296875,145.2997699777729,141.41029426918743,143.51378237179517,20955500,0.0,0.0,No News,0.010602873579204308
"2019-01-25 00:00:00.000000",META,147.84974670410156,148.6633691432037,145.3989778409229,146.33166107014597,22237200,0.0,0.0,No News,0.02180613116517449
"2019-01-28 00:00:00.000000",META,146.32174682617188,147.8001506014188,145.07156308910322,146.89723255465768,15508500,0.0,0.0,No News,-0.01033481566246941
"2019-01-29 00:00:00.000000",META,143.06729125976562,146.9468503365544,142.31319918224366,146.93691851028444,17632100,0.0,0.0,No News,-0.02224177633877278
"2019-01-30 00:00:00.000000",META,149.248779296875,149.7746513338501,144.5655295359058,145.0814848865154,44613200,0.0,0.0,No News,0.043206857295464696
"2019-01-31 00:00:00.000000",META,165.39208984375,170.34322609112806,163.7152464126422,164.31058063740673,77233600,0.0,0.0,No News,0.10816376939850136
"2019-02-01 00:00:00.000000",META,164.41970825195312,167.78331146260734,164.37009454820185,164.54868571373441,30806500,0.0,0.0,No News,-0.005879250892321997
"2019-02-04 00:00:00.000000",META,167.93215942382812,167.9817731340761,162.34599175743284,164.40979795592344,20036000,0.0,0.0,No News,0.02136271380856969
"2019-02-05 00:00:00.000000",META,169.82728576660156,170.6408930571049,167.37651692938948,167.8329267133362,22557000,0.0,0.0,No News,0.01128507100293108
"2019-02-06 00:00:00.000000",META,169.16250610351562,171.1270848386497,167.9520042717718,169.8669692977403,13281200,0.0,0.0,No News,-0.003914445550284307
"2019-02-07 00:00:00.000000",META,165.08450317382812,167.92223466788164,163.96329696401648,166.89032404823783,17517600,0.0,0.0,No News,-0.02410701415827954
"2019-02-08 00:00:00.000000",META,166.02711486816406,166.06679675328965,162.93141306907842,163.18938317234253,12561400,0.0,0.0,No News,0.005709873890121564
"2019-02-11 00:00:00.000000",META,164.4990997314453,166.98956576367348,163.79463649538135,166.592671206755,12811200,0.0,0.0,No News,-0.009203407153898224
"2019-02-12 00:00:00.000000",META,163.75494384765625,167.02925211487005,163.21915510646622,165.5607800649606,16292300,0.0,0.0,No News,-0.0045237687318893105
"2019-02-13 00:00:00.000000",META,162.7925262451172,164.92577986976434,162.45516204504898,164.09232390720294,14205100,0.0,0.0,No News,-0.005877181964255129
"2019-02-14 00:00:00.000000",META,162.6734161376953,163.58625082978747,160.98665605143856,161.91933925465693,12755200,0.0,0.0,No News,-0.0007316681555917
"2019-02-15 00:00:00.000000",META,161.23472595214844,163.41759306012008,159.60749609275362,163.2290700350716,15504400,0.0,0.0,No News,-0.008844039915711144
"2019-02-19 00:00:00.000000",META,161.02633666992188,162.87185455074814,159.08160651419917,159.25028100750322,14345400,0.0,0.0,No News,-0.0012924590592748864
"2019-02-20 00:00:00.000000",META,161.2942657470703,162.44523733758356,159.99446814915467,160.98668190511842,11770700,0.0,0.0,No News,0.0016638835776141558
"2019-02-21 00:00:00.000000",META,158.7938690185547,160.9767512036217,158.34737589523792,160.66915224846838,15607800,0.0,0.0,No News,-0.015502080727634593
"2019-02-22 00:00:00.000000",META,160.6294708251953,161.1454261740566,159.06177140594767,159.32967333669976,15858500,0.0,0.0,No News,0.011559651628780143
"2019-02-25 00:00:00.000000",META,163.33819580078125,164.7769176135051,161.63158722042746,161.80027685335008,18737100,0.0,0.0,No News,0.016863188066738477
"2019-02-26 00:00:00.000000",META,162.85202026367188,164.9455915299292,162.52458796440192,163.0603766377669,13784100,0.0,0.0,No News,-0.0029764963101609476
"2019-02-27 00:00:00.000000",META,161.5422821044922,162.65355641128804,159.16097569279344,161.6315776884361,12697500,0.0,0.0,No News,-0.008042504827751595
"2019-02-28 00:00:00.000000",META,160.19290161132812,162.22694275955087,159.60749915178485,161.10573641433965,11114200,0.0,0.0,No News,-0.008353110254386675
"2019-03-01 00:00:00.000000",META,161.01641845703125,161.8598060555291,160.4310160787683,161.33393406963486,11097800,0.0,0.0,No News,0.005140782378118214
"2019-03-04 00:00:00.000000",META,166.06678771972656,166.19578033433132,162.55435818798247,162.62380526816932,18894700,0.0,0.0,No News,0.03136555458810597
"2019-03-05 00:00:00.000000",META,169.92649841308594,170.54168115014525,165.25318076046253,166.06678805273313,28187900,0.0,0.0,No News,0.023241918184588872
"2019-03-06 00:00:00.000000",META,171.166748046875,172.21850709050673,169.93641297768318,171.55371071218158,21531700,0.0,0.0,No News,0.007298741781720519
"2019-03-07 00:00:00.000000",META,167.8131103515625,170.40278875159595,166.30494126656737,170.164652009761,18306500,0.0,0.0,No News,-0.0195928107157477
"2019-03-08 00:00:00.000000",META,168.27943420410156,168.29926757550456,164.67769395731773,164.90589884827753,13184800,0.0,0.0,No News,0.002778828492971286
"2019-03-11 00:00:00.000000",META,170.73020935058594,172.94284154218153,170.24401921360752,170.26386772572346,18884000,0.0,0.0,No News,0.014563723476226365
"2019-03-12 00:00:00.000000",META,170.5813446044922,172.44671084570177,169.88679817637478,170.7500190841795,12155300,0.0,0.0,No News,-0.0008719297344038
"2019-03-13 00:00:00.000000",META,172.0200653076172,172.67492991081787,170.77979831972704,170.97825314977177,11973300,0.0,0.0,No News,0.008434220673197323
"2019-03-14 00:00:00.000000",META,168.84500122070312,169.81736639431227,166.85065716116222,168.43818997562911,18037400,0.0,0.0,No News,-0.01845752169222936
"2019-03-15 00:00:00.000000",META,164.68763732910156,166.27518541732223,161.24465433550773,165.85845745065996,37135400,0.0,0.0,No News,-0.02462236880893698
"2019-03-18 00:00:00.000000",META,159.22052001953125,162.6238054519901,158.0397833952159,162.2963882822019,37524200,0.0,0.0,No News,-0.03319688956764355
"2019-03-19 00:00:00.000000",META,160.3119659423828,162.5444466443645,159.5678057083889,160.2226552079197,25611500,0.0,0.0,No News,0.00685493253456082
"2019-03-20 00:00:00.000000",META,164.1518096923828,164.82650762915654,159.98451587237324,160.2424859411437,20211500,0.0,0.0,No News,0.023952321509051133
"2019-03-21 00:00:00.000000",META,164.786865234375,165.09444908160387,162.47500532651907,163.6061284221243,16223000,0.0,0.0,No News,0.0038687087469961856
"2019-03-22 00:00:00.000000",META,163.06039428710938,166.11641427109546,162.81234086444795,164.36019179945845,16389200,0.0,0.0,No News,-0.010476993690061831
"2019-03-25 00:00:00.000000",META,164.99520874023438,165.243262164075,160.73861864872035,161.7308323440828,12631200,0.0,0.0,No News,0.011865630900648183
"2019-03-26 00:00:00.000000",META,166.37435913085938,168.1305813359675,165.0547284457532,166.04694198581788,15437900,0.0,0.0,No News,0.008358729936190468
"2019-03-27 00:00:00.000000",META,164.57846069335938,167.62456363307606,163.50686821651982,166.54305447088734,10620300,0.0,0.0,No News,-0.01079432219532972
"2019-03-28 00:00:00.000000",META,164.260986328125,165.42187457753792,162.05827063232203,163.28862111015164,10443000,0.0,0.0,No News,-0.00192901527877265
"2019-03-29 00:00:00.000000",META,165.39208984375,165.88819665106104,163.52672340346746,165.09442273136773,13455500,0.0,0.0,No News,0.006886014390328432
"2019-04-01 00:00:00.000000",META,167.3864288330078,167.58486852209703,165.97748735850328,166.52320785848195,10381500,0.0,0.0,No News,0.012058248923161319
"2019-04-02 00:00:00.000000",META,172.84361267089844,173.53815918933915,168.22982531127647,168.81522772396372,23946500,0.0,0.0,No News,0.03260230758214555
"2019-04-03 00:00:00.000000",META,172.18873596191406,176.5743332564893,171.6033335902772,173.14126764896554,27391100,0.0,0.0,No News,-0.0037888395114217266
"2019-04-04 00:00:00.000000",META,174.6494598388672,176.61403872708658,174.1632696751247,174.6494598388672,17847700,0.0,0.0,No News,0.014290852785500574
"2019-04-05 00:00:00.000000",META,174.35177612304688,175.62180832800595,173.73660853188866,175.5027475400342,9594100,0.0,0.0,No News,-0.0017044639937332517
"2019-04-08 00:00:00.000000",META,173.56793212890625,174.1335011948488,172.87338557948675,173.84576588865332,7297400,0.0,0.0,No News,-0.004495761451764224
"2019-04-09 00:00:00.000000",META,176.19729614257812,177.79476067353207,174.1831037087638,174.2525507892514,19751000,0.0,0.0,No News,0.0151489044169697
"2019-04-10 00:00:00.000000",META,176.4354248046875,177.3978580416452,175.1653775025643,176.79260715656196,11701500,0.0,0.0,No News,0.0013514887420105204
"2019-04-11 00:00:00.000000",META,176.12782287597656,177.0108923352215,175.6217994128061,176.85214967264358,8071000,0.0,0.0,No News,-0.001743424989915976
"2019-04-12 00:00:00.000000",META,177.70547485351562,178.23134688889846,176.56442004581427,176.61403375744985,12329800,0.0,0.0,No News,0.008957426213404007
"2019-04-15 00:00:00.000000",META,178.25120544433594,179.0945932413542,175.49285225547368,177.11016561541123,10834800,0.0,0.0,No News,0.0030709835545030817
"2019-04-16 00:00:00.000000",META,177.4772491455078,178.76712990698255,176.91169524284823,177.60624176364888,11215200,0.0,0.0,No News,-0.004341941457836729
"2019-04-17 00:00:00.000000",META,177.38795471191406,179.33270012285755,176.97122679670733,178.20157717015965,9973700,0.0,0.0,No News,-0.0005031317198326
"2019-04-18 00:00:00.000000",META,176.89183044433594,177.48716463019738,175.9591472851424,177.40778572941738,11655600,0.0,0.0,No News,-0.002796831771265662
"2019-04-22 00:00:00.000000",META,180.02725219726562,180.2554571040603,176.8620881413712,176.8620881413712,13389900,0.0,0.0,No News,0.017725079474014027
"2019-04-23 00:00:00.000000",META,182.3489990234375,182.78557539350624,180.06690490533626,181.31710362689245,19954800,0.0,0.0,No News,0.01289664091316478
"2019-04-24 00:00:00.000000",META,181.15835571289062,183.6984200336972,180.23558921854809,183.05348726817184,37289900,0.0,0.0,No News,-0.006529475439532528
"2019-04-25 00:00:00.000000",META,191.7552032470703,196.93455967611376,190.62408029934696,195.44623921121573,54148800,0.0,0.0,No News,0.05849494213214279
"2019-04-26 00:00:00.000000",META,189.9989776611328,191.39798725672486,187.6176560631469,191.00110789371584,22075000,0.0,0.0,No News,-0.009158685429123237
"2019-04-29 00:00:00.000000",META,193.2633819580078,193.88848142954217,189.16553456013492,189.46320169610266,19641300,0.0,0.0,No News,0.017181167693950172
"2019-04-30 00:00:00.000000",META,191.8941192626953,195.85305728817346,190.7828447881664,192.67797654667706,23494700,0.0,0.0,No News,-0.007084956712648305
"2019-05-01 00:00:00.000000",META,191.5269775390625,194.6524441197775,191.5071290291597,193.2633512261213,15996600,0.0,0.0,No News,-0.0019132515631196112
"2019-05-02 00:00:00.000000",META,191.0308837890625,192.48943899678275,188.2725311837089,191.49722539370654,13209500,0.0,0.0,No News,-0.0025902029905882085
"2019-05-03 00:00:00.000000",META,193.94801330566406,194.63264318160958,192.2017226426569,192.86650400539224,14575400,0.0,0.0,No News,0.01527046024569878
"2019-05-06 00:00:00.000000",META,192.37039184570312,192.76727125907584,189.06631849644725,189.75094835349745,13994900,0.0,0.0,No News,-0.00813424913754901
"2019-05-07 00:00:00.000000",META,188.29237365722656,191.39799184008598,186.38732541720447,191.04079434883323,16253000,0.0,0.0,No News,-0.021198782979802155
"2019-05-08 00:00:00.000000",META,188.0641632080078,189.2349831544809,187.08188141204525,187.9153372207342,12505700,0.0,0.0,No News,-0.0012120004904404569
"2019-05-09 00:00:00.000000",META,187.1810760498047,188.2923654966375,184.80968632286812,185.74236946182657,12967000,0.0,0.0,No News,-0.004695669515868306
"2019-05-10 00:00:00.000000",META,186.87353515625,188.52061362467137,183.15273357155255,186.78423955181256,12578500,0.0,0.0,No News,-0.0016430127449040821
"2019-05-13 00:00:00.000000",META,180.12644958496094,183.98615986841705,179.43190309564582,182.07119489502122,16833300,0.0,0.0,No News,-0.03610508874703766
"2019-05-14 00:00:00.000000",META,179.32278442382812,182.06130402715382,176.71327259106823,181.09885549119952,17628100,0.0,0.0,No News,-0.004461672136349626
"2019-05-15 00:00:00.000000",META,184.81964111328125,185.82177145095366,178.61830579109815,179.01518519572633,16746900,0.0,0.0,No News,0.030653420350987615
"2019-05-16 00:00:00.000000",META,185.53402709960938,187.1116430949908,183.6091302871413,183.6091302871413,12953100,0.0,0.0,No News,0.003865314216740856
"2019-05-17 00:00:00.000000",META,183.857177734375,186.11942346505776,182.84511565276085,183.40075283012467,10485400,0.0,0.0,No News,-0.009037961345678691
"2019-05-20 00:00:00.000000",META,181.29727172851562,182.79550882672874,179.95777730125477,180.4638159310982,10352000,0.0,0.0,No News,-0.013923340047989674
"2019-05-21 00:00:00.000000",META,183.38092041015625,184.2540580619783,182.45815391155378,183.1328670161202,7502800,0.0,0.0,No News,0.01149299524352898
"2019-05-22 00:00:00.000000",META,183.87704467773438,185.28598627299698,182.1803526396487,183.291627105776,9213800,0.0,0.0,No News,0.002705430131272557
"2019-05-23 00:00:00.000000",META,179.46168518066406,182.4680914487444,178.27103178122283,180.99961942743286,12768800,0.0,0.0,No News,-0.02401256505296101
"2019-05-24 00:00:00.000000",META,179.6501922607422,182.20018848372345,179.42198737159669,180.91030777380982,8807700,0.0,0.0,No News,0.0010504029307891738
"2019-05-28 00:00:00.000000",META,182.87490844726562,183.2718030195497,180.0371766003489,180.12647220162035,14843300,0.0,0.0,No News,0.017949973478698755
"2019-05-29 00:00:00.000000",META,180.77142333984375,183.12296505399598,179.9379674335594,182.07122091416383,12797700,0.0,0.0,No News,-0.011502316667069912
"2019-05-30 00:00:00.000000",META,181.58499145507812,182.05133302224354,179.4815036304013,181.65445366890046,8581500,0.0,0.0,No News,0.0045005349861348964
"2019-05-31 00:00:00.000000",META,176.08816528320312,179.13425344749643,175.78058146081298,178.87628333774524,15226500,0.0,0.0,No News,-0.030271368397948528
"2019-06-03 00:00:00.000000",META,162.8718719482422,173.68701030573672,159.75632155211554,173.63739659299998,56059600,0.0,0.0,No News,-0.07505497779311365
"2019-06-04 00:00:00.000000",META,166.19577026367188,166.9696956244478,159.58762436168297,162.43528755631075,46044300,0.0,0.0,No News,0.020408056195768243
"2019-06-05 00:00:00.000000",META,166.8605499267578,167.40627040411377,163.34812064155474,166.17592015880012,19758300,0.0,0.0,No News,0.003999979434081036
"2019-06-06 00:00:00.000000",META,167.01931762695312,168.37864541840986,165.92787660754973,166.98955243005832,12446400,0.0,0.0,No News,0.0009514993224282
"2019-06-07 00:00:00.000000",META,172.000244140625,172.51618434341103,167.52535084122192,168.84499682676795,16917300,0.0,0.0,No News,0.029822457572225458
"2019-06-10 00:00:00.000000",META,173.4588165283203,176.4751396925717,172.44675425545486,173.38935429803465,14767900,0.0,0.0,No News,0.008480059984698585
"2019-06-11 00:00:00.000000",META,176.7132568359375,178.57860819974294,175.41344423895202,177.09028772714373,15266600,0.0,0.0,No News,0.018762034543720274
"2019-06-12 00:00:00.000000",META,173.6770477294922,177.8741218162574,171.53387803452208,176.99105238981772,17699800,0.0,0.0,No News,-0.017181558196644908
"2019-06-13 00:00:00.000000",META,176.08816528320312,176.64380252880846,173.25043351602207,174.16326829665647,12253600,0.0,0.0,No News,0.01388276450591408
"2019-06-14 00:00:00.000000",META,179.91810607910156,180.42412959894995,178.59846008500926,179.10448360485768,16773700,0.0,0.0,No News,0.021750131757797275
"2019-06-17 00:00:00.000000",META,187.53826904296875,188.02445911058558,182.97409600606449,183.56941502480336,29459900,0.0,0.0,No News,0.04235350810394234
"2019-06-18 00:00:00.000000",META,187.00250244140625,193.01531456485287,185.82176580951244,192.48944255669522,37571400,0.0,0.0,No News,-0.002856838789739191
"2019-06-19 00:00:00.000000",META,186.02020263671875,186.63538536770005,183.1130240379683,185.54394434497365,21417100,0.0,0.0,No News,-0.005252869837906515
"2019-06-20 00:00:00.000000",META,188.0542449951172,189.6715580302563,186.17896187080584,189.46318650978696,14635700,0.0,0.0,No News,0.010934523936471319
"2019-06-21 00:00:00.000000",META,189.65170288085938,190.50500716438228,187.28031303269353,187.28031303269353,22751200,0.0,0.0,No News,0.008494665386488132
"2019-06-24 00:00:00.000000",META,191.100341796875,192.46958624375878,190.0783630194278,190.92173547946894,15509000,0.0,0.0,No News,0.007638417657265473
"2019-06-25 00:00:00.000000",META,187.36962890625,191.63615078576746,186.6651656672942,191.37818067769592,16750300,0.0,0.0,No News,-0.019522272202895707
"2019-06-26 00:00:00.000000",META,186.19883728027344,189.2746908431183,185.85155640931626,188.0641888483275,12808600,0.0,0.0,No News,-0.006248566711750114
"2019-06-27 00:00:00.000000",META,188.02450561523438,197.3314754345447,186.80408694199224,188.40155168500849,11159000,0.0,0.0,No News,0.009804939502457088
"2019-06-28 00:00:00.000000",META,191.49725341796875,191.69569313962862,188.46108177062993,189.0663327626797,16378900,0.0,0.0,No News,0.01846965527908817
"2019-07-01 00:00:00.000000",META,191.49725341796875,193.75949955284787,190.435577440119,193.69005246325807,14181800,0.0,0.0,No News,0.0
"2019-07-02 00:00:00.000000",META,193.48165893554688,193.48165893554688,191.20949637168923,191.49723166441305,9050000,0.0,0.0,No News,0.010362579526124627
"2019-07-03 00:00:00.000000",META,195.66455078125,195.86299050559595,192.6482276072425,192.6482276072425,10246100,0.0,0.0,No News,0.011282164199503342
"2019-07-05 00:00:00.000000",META,194.87074279785156,195.5355392255742,192.65811073386783,194.6524545971022,11164100,0.0,0.0,No News,-0.004056984161049715
"2019-07-08 00:00:00.000000",META,194.23574829101562,195.14858307741636,192.13226009365653,193.6701943553017,9723900,0.0,0.0,No News,-0.003258542035192269
"2019-07-09 00:00:00.000000",META,197.6588897705078,197.90694318538272,193.3725194942796,193.45189840383705,14698600,0.0,0.0,No News,0.017623642967943498
"2019-07-10 00:00:00.000000",META,201.15147399902344,201.3796940449512,198.115302577347,198.4427349067406,20571700,0.0,0.0,No News,0.01766975536779891
"2019-07-11 00:00:00.000000",META,199.6631622314453,202.2131587538637,198.65111513988347,201.6773548677617,13678500,0.0,0.0,No News,-0.007398960285945222
"2019-07-12 00:00:00.000000",META,203.2747802734375,203.70143996250331,197.60924951706548,198.12518964992043,15366300,0.0,0.0,No News,0.018088554752056174
"2019-07-15 00:00:00.000000",META,202.32229614257812,203.731237758485,200.24857317451668,202.65964516188413,16030300,0.0,0.0,No News,-0.004685697505505293
"2019-07-16 00:00:00.000000",META,202.25282287597656,203.87013593903205,201.51859447874432,202.30243658551404,12132700,0.0,0.0,No News,-0.0003433791921411
"2019-07-17 00:00:00.000000",META,200.2286834716797,202.76874756036293,200.02031197910316,202.59014126101502,12083700,0.0,0.0,No News,-0.010007966146104663
"2019-07-18 00:00:00.000000",META,199.21665954589844,200.8935030713905,197.8275664632312,198.59156008870863,11937900,0.0,0.0,No News,-0.005054340408348068
"2019-07-19 00:00:00.000000",META,196.81549072265625,200.7545799342816,196.52775543963102,200.60573880997634,12098300,0.0,0.0,No News,-0.012053052333652725
"2019-07-22 00:00:00.000000",META,200.74465942382812,200.99271281963257,197.26198005714764,198.3534210546784,13589000,0.0,0.0,No News,0.019963716711245416
"2019-07-23 00:00:00.000000",META,200.78433227539062,202.64969857273917,199.3952393773505,201.26059053472196,14583700,0.0,0.0,No News,0.0001976284284542
"2019-07-24 00:00:00.000000",META,203.06646728515625,203.215293289888,195.68439465085865,196.09120591709893,32532500,0.0,0.0,No News,0.011366101049336441
"2019-07-25 00:00:00.000000",META,199.14718627929688,207.03528089447204,196.71625099426262,205.09053569444006,39889900,0.0,0.0,No News,-0.019300483522745937
"2019-07-26 00:00:00.000000",META,198.1947021484375,201.30033611826067,194.72195392556125,198.63127863313886,24434000,0.0,0.0,No News,-0.004782814905170407
"2019-07-29 00:00:00.000000",META,194.41433715820312,198.07560780135663,193.77932105342705,197.45050838228804,16530800,0.0,0.0,No News,-0.019073996172728536
"2019-07-30 00:00:00.000000",META,195.50576782226562,197.16277791456997,191.99333821876863,193.86862138181795,11903600,0.0,0.0,No News,0.005613941235076414
"2019-07-31 00:00:00.000000",META,192.7176513671875,197.2123779524002,191.17971719472445,195.4164736835156,14593500,0.0,0.0,No News,-0.014261044500808784
"2019-08-01 00:00:00.000000",META,191.2293243408203,196.9246358984572,189.39373825086943,192.65811435806566,17777000,0.0,0.0,No News,-0.00772283709254773
"2019-08-02 00:00:00.000000",META,187.5482177734375,191.1201776277815,186.60561788715137,189.61202386571483,15297000,0.0,0.0,No News,-0.01924969708527613
"2019-08-05 00:00:00.000000",META,180.31500244140625,184.22432707984652,177.9436121596086,183.2519618338323,23086700,0.0,0.0,No News,-0.038567230432278166
"2019-08-06 00:00:00.000000",META,183.07333374023438,184.34336599152593,181.66439218458214,182.25972642611572,18035700,0.0,0.0,No News,0.015297292302255627
"2019-08-07 00:00:00.000000",META,183.70834350585938,184.91884531908548,179.80895129274603,182.1704245251016,15833200,0.0,0.0,No News,0.0034686087408339894
"2019-08-08 00:00:00.000000",META,188.67933654785156,188.85792772368168,182.61691101531667,185.1668920234162,14828900,0.0,0.0,No News,0.027059157723196448
"2019-08-09 00:00:00.000000",META,186.38734436035156,189.492962858845,185.66301747893215,188.5205976993792,11058800,0.0,0.0,No News,-0.012147552717934884
"2019-08-12 00:00:00.000000",META,183.92662048339844,186.12933577038334,183.0237176614181,185.39510743470652,10930900,0.0,0.0,No News,-0.013202204717267074
"2019-08-13 00:00:00.000000",META,186.982666015625,189.88985998710254,183.9266460473053,184.07548718412679,13577000,0.0,0.0,No News,0.01661556942760445
"2019-08-14 00:00:00.000000",META,178.3107147216797,184.54181498851472,177.91382019323206,184.35329197999934,18903700,0.0,0.0,No News,-0.04637837013844193
"2019-08-15 00:00:00.000000",META,181.16830444335938,181.77355543466942,178.62823967326483,179.54107450376878,12925900,0.0,0.0,No News,0.016025900216596778
"2019-08-16 00:00:00.000000",META,182.26963806152344,183.65874620661722,180.94007545091594,182.3192517702729,12654600,0.0,0.0,No News,0.006079063451788214
"2019-08-19 00:00:00.000000",META,184.72036743164062,186.04001307451284,183.41065361238307,184.56160965355636,9691200,0.0,0.0,No News,0.013445625920922577
"2019-08-20 00:00:00.000000",META,182.37876892089844,184.55171900251798,180.9698275066012,184.00599852585918,10083400,0.0,0.0,No News,-0.012676450048794696
"2019-08-21 00:00:00.000000",META,182.12078857421875,184.45248118477735,181.71397741093796,183.55949510243173,8398200,0.0,0.0,No News,-0.0014145305849255774
"2019-08-22 00:00:00.000000",META,180.62257385253906,182.6764634624245,178.5091689835024,182.00175027899132,10821400,0.0,0.0,No News,-0.008226489317385788
"2019-08-23 00:00:00.000000",META,176.36598205566406,181.70409651204378,175.2844727753875,179.4319187008426,17323400,0.0,0.0,No News,-0.02356622268238795
"2019-08-26 00:00:00.000000",META,178.95562744140625,179.09453672578843,176.8521396664831,178.00309581994537,8773600,0.0,0.0,No News,0.014683361017573393
"2019-08-27 00:00:00.000000",META,179.88833618164062,182.60699186900402,179.60058574729803,180.51342048042534,14399600,0.0,0.0,No News,0.005211955352115272
"2019-08-28 00:00:00.000000",META,180.3447265625,180.5332495564327,177.52684375839306,179.12430815437924,9386100,0.0,0.0,No News,0.0025370760025182904
"2019-08-29 00:00:00.000000",META,184.1250762939453,184.63109975557398,182.04142177669345,182.33908887058334,10128700,0.0,0.0,No News,0.020961798015952438
"2019-08-30 00:00:00.000000",META,184.22430419921875,185.3455104540302,182.03152053942938,185.3256619420925,10774500,0.0,0.0,No News,0.0005389157591713
"2019-09-03 00:00:00.000000",META,180.9698486328125,184.22430822265585,180.69203001953164,182.56731322916687,9779400,0.0,0.0,No News,-0.0176657232092835
"2019-09-04 00:00:00.000000",META,185.682861328125,186.28811225850544,182.45816697478202,183.21224389624834,11308000,0.0,0.0,No News,0.02604308248538789
"2019-09-05 00:00:00.000000",META,189.41358947753906,189.8700144416205,186.47664540077176,187.0620478508057,13876700,0.0,0.0,No News,0.020091935910129033
"2019-09-06 00:00:00.000000",META,186.03013610839844,188.72895835213058,184.8990131930091,188.72895835213058,15226800,0.0,0.0,No News,-0.017862780481977203
"2019-09-09 00:00:00.000000",META,187.2902374267578,187.5085256343164,184.40290729946628,186.26825860954187,14722400,0.0,0.0,No News,0.0067736407913239205
"2019-09-10 00:00:00.000000",META,184.72036743164062,186.63534717234128,183.11298656346884,185.980482692725,15455900,0.0,0.0,No News,-0.013721323814980813
"2019-09-11 00:00:00.000000",META,187.02235412597656,187.96495405432762,184.63111562417566,185.00816165150752,11761700,0.0,0.0,No News,0.0124620079872233
"2019-09-12 00:00:00.000000",META,186.0102996826172,189.44335053484764,185.77216294917596,188.38168977071138,11419800,0.0,0.0,No News,-0.00541140896278991
"2019-09-13 00:00:00.000000",META,185.73245239257812,186.50637773181933,185.0875045165592,185.87136168064765,11441100,0.0,0.0,No News,-0.0014937199204191343
"2019-09-16 00:00:00.000000",META,184.77001953125,186.32778702503037,184.3235264350698,185.47448271545076,8444800,0.0,0.0,No News,-0.005181823902770888
"2019-09-17 00:00:00.000000",META,186.6155548095703,186.85369154834166,184.09532352917387,185.20661317012724,9671100,0.0,0.0,No News,0.009988283180368374
"2019-09-18 00:00:00.000000",META,186.67506408691406,187.60774728326058,184.56164429689392,186.62545037945307,9681900,0.0,0.0,No News,0.0003188870156321
"2019-09-19 00:00:00.000000",META,188.65951538085938,189.61204720994286,186.68500463535224,187.19104332016965,10392700,0.0,0.0,No News,0.010630510848633534
"2019-09-20 00:00:00.000000",META,188.45114135742188,191.5964721193446,186.6552369772569,189.1754682614503,19934200,0.0,0.0,No News,-0.001104497819878536
"2019-09-23 00:00:00.000000",META,185.36537170410156,188.6198314465113,183.76790703285937,187.8657393408444,13327600,0.0,0.0,No News,-0.016374374976417694
"2019-09-24 00:00:00.000000",META,179.8684844970703,186.57584314303674,178.98541497755713,186.51631274800997,18546600,0.0,0.0,No News,-0.0296543370344593
"2019-09-25 00:00:00.000000",META,181.3766326904297,181.99180022195395,176.48501221241315,180.03713839568474,18068300,0.0,0.0,No News,0.008384727305488227
"2019-09-26 00:00:00.000000",META,178.70762634277344,179.98757547042703,176.28662227250183,179.91812837790923,16083300,0.0,0.0,No News,-0.014715271245616668
"2019-09-27 00:00:00.000000",META,175.72103881835938,179.35252917482316,174.2922487777934,179.0846423972008,14656200,0.0,0.0,No News,-0.016712143659082468
"2019-09-30 00:00:00.000000",META,176.69338989257812,177.27879225047457,175.4729714715448,176.48501838655918,10740000,0.0,0.0,No News,0.005533492635585002
"2019-10-01 00:00:00.000000",META,174.44107055664062,178.43969015259512,173.5183191760256,177.7550603463437,17073000,0.0,0.0,No News,-0.01274704920940628
"2019-10-02 00:00:00.000000",META,173.24050903320312,175.1554741070558,171.7422567348218,173.47863061918676,16151700,0.0,0.0,No News,-0.006882332925420065
"2019-10-03 00:00:00.000000",META,177.9832763671875,178.4396861344255,172.2780482968688,174.20294505951188,16086300,0.0,0.0,No News,0.027376780179486637
"2019-10-04 00:00:00.000000",META,179.0449676513672,179.5708397261763,176.71327442947282,178.15198133489363,10430200,0.0,0.0,No News,0.0059651182170024075
"2019-10-07 00:00:00.000000",META,178.2809600830078,179.7692807142706,176.70334384746454,178.59847575153447,9178300,0.0,0.0,No News,-0.004267126735709392
"2019-10-08 00:00:00.000000",META,176.36598205566406,178.96557705889228,176.33621685638886,176.8720055833215,9466900,0.0,0.0,No News,-0.010741349084344876
"2019-10-09 00:00:00.000000",META,178.4496307373047,179.31285176669965,176.55449903508978,177.7650008974485,7556900,0.0,0.0,No News,0.011814345699518114
"2019-10-10 00:00:00.000000",META,178.6282196044922,180.19591896552552,177.7749152722836,178.91597003720196,8605000,0.0,0.0,No News,0.0010007802563087864
"2019-10-11 00:00:00.000000",META,182.75582885742188,185.03792320851088,180.72178791101695,180.73170459681214,14930500,0.0,0.0,No News,0.023107263018512958
"2019-10-14 00:00:00.000000",META,181.85292053222656,183.18248321866753,181.14845730373014,182.7657552933642,7006000,0.0,0.0,No News,-0.004940517251024179
"2019-10-15 00:00:00.000000",META,187.41920471191406,188.89760825602724,182.22993242079562,182.36884170319726,15039100,0.0,0.0,No News,0.03060871479763283
"2019-10-16 00:00:00.000000",META,188.07408142089844,188.22290739739995,185.44470642954624,186.85366299365435,10516900,0.0,0.0,No News,0.003494181452701195
"2019-10-17 00:00:00.000000",META,188.90753173828125,189.3540247949266,187.30015067836726,188.81823615494756,9603000,0.0,0.0,No News,0.004431500135936295
"2019-10-18 00:00:00.000000",META,184.4028778076172,189.99896112281004,182.4878979548424,188.74876247219748,16874200,0.0,0.0,No News,-0.023845814347439376
"2019-10-21 00:00:00.000000",META,188.28245544433594,188.43129657477238,185.29589782931336,185.58363312419127,8122600,0.0,0.0,No News,0.021038595941903937
"2019-10-22 00:00:00.000000",META,180.92022705078125,189.16551977474407,180.08677124719893,188.5205869805388,19537600,0.0,0.0,No News,-0.03910204153743502
"2019-10-23 00:00:00.000000",META,184.70054626464844,184.9287662819174,180.58286608840376,180.59278277351132,12300400,0.0,0.0,No News,0.020894950639245735
"2019-10-24 00:00:00.000000",META,184.92877197265625,185.27603764183385,181.37664553777893,183.18246638144458,11413500,0.0,0.0,No News,0.001235652588059022
"2019-10-25 00:00:00.000000",META,186.42701721191406,187.52837494017774,183.64881603665648,184.38305956882508,8061200,0.0,0.0,No News,0.008101742218238117
"2019-10-28 00:00:00.000000",META,187.92526245117188,188.05425507265963,183.6389072830373,185.74239541203062,13657900,0.0,0.0,No News,0.008036631501509905
"2019-10-29 00:00:00.000000",META,187.83595275878906,191.03088173758235,187.00249697475027,190.19742595354356,13574900,0.0,0.0,No News,-0.000475240482402
"2019-10-30 00:00:00.000000",META,186.78421020507812,188.96707709714187,184.53188109382305,188.084007598717,28734600,0.0,0.0,No News,-0.005599261154554003
"2019-10-31 00:00:00.000000",META,190.15773010253906,196.54758809947734,186.78420992352372,195.1684118031179,42286500,0.0,0.0,No News,0.018061055020427208
"2019-11-01 00:00:00.000000",META,192.11239624023438,192.59858636437755,188.43129218879344,191.3484026536958,21711800,0.0,0.0,No News,0.010279183163583783
"2019-11-04 00:00:00.000000",META,193.20384216308594,195.83320226631028,192.3009241125528,193.0351676602356,16371300,0.0,0.0,No News,0.005681288371869098
"2019-11-05 00:00:00.000000",META,192.80694580078125,194.22580392111288,192.09255082803412,193.84875792439152,9942000,0.0,0.0,No News,-0.0020542881438644356
"2019-11-06 00:00:00.000000",META,190.0585174560547,192.85655192566824,189.860077764731,192.51920293642016,10973000,0.0,0.0,No News,-0.014254820194944617
"2019-11-07 00:00:00.000000",META,188.9373016357422,191.93379078422407,187.99470179492178,190.41570526985566,13473000,0.0,0.0,No News,-0.005899318985121194
"2019-11-08 00:00:00.000000",META,189.3540496826172,190.84237016036985,188.22292672512432,188.52059384867061,10760800,0.0,0.0,No News,0.002205747850037909
"2019-11-11 00:00:00.000000",META,188.13365173339844,188.59999341203036,187.0719757424762,188.45115226396757,8631200,0.0,0.0,No News,-0.006445058615140775
"2019-11-12 00:00:00.000000",META,192.95579528808594,193.54119772486354,188.26262882751317,188.52059893355604,17615500,0.0,0.0,No News,0.025631477995871288
"2019-11-13 00:00:00.000000",META,191.6857452392578,194.17619589151252,191.23925215323305,193.18398230480068,10860700,0.0,0.0,No News,-0.006582077759996419
"2019-11-14 00:00:00.000000",META,191.6460418701172,192.51919464229783,189.95928185656783,191.42775367707202,9040500,0.0,0.0,No News,-0.0002071273953682
"2019-11-15 00:00:00.000000",META,193.58090209960938,193.77934181486674,191.8742932964324,192.74743107156078,11524300,0.0,0.0,No News,0.010096009344161105
"2019-11-18 00:00:00.000000",META,195.86297607421875,197.08340981198546,191.5468556127838,193.04509283218158,16167200,0.0,0.0,No News,0.011788735096580405
"2019-11-19 00:00:00.000000",META,197.76805114746094,198.4427492276444,195.3271986703696,195.86298743169291,19056800,0.0,0.0,No News,0.009726570643551868
"2019-11-20 00:00:00.000000",META,195.9720916748047,198.03589766364595,193.90828568596345,197.0337674343433,12355400,0.0,0.0,No News,-0.009081140569652146
"2019-11-21 00:00:00.000000",META,196.3888397216797,197.5398111848461,195.32717899305354,195.88281621251903,12131000,0.0,0.0,No News,0.0021265683461018092
"2019-11-22 00:00:00.000000",META,197.2718963623047,197.74815460558614,196.08122804413622,196.8353199976398,9959800,0.0,0.0,No News,0.004496470582933565
"2019-11-25 00:00:00.000000",META,198.23434448242188,199.40516437958556,197.6985558108234,197.9664577166115,15272300,0.0,0.0,No News,0.004878789821889162
"2019-11-26 00:00:00.000000",META,197.4207305908203,198.5915353086941,196.49796411963518,198.44270933268547,11735500,0.0,0.0,No News,-0.00410430338761858
"2019-11-27 00:00:00.000000",META,200.42715454101562,201.55827748084596,197.8672415424567,198.3434998487067,12736600,0.0,0.0,No News,0.015228511925763799
"2019-11-29 00:00:00.000000",META,200.06993103027344,202.21311583989186,199.64328648927224,200.0302491515664,7985200,0.0,0.0,No News,-0.0017823109426476913
"2019-12-02 00:00:00.000000",META,198.14505004882812,200.60573550232598,196.50790368831068,200.55613693502008,11503400,0.0,0.0,No News,-0.009621040860728125
"2019-12-03 00:00:00.000000",META,197.2718963623047,197.38102531349432,193.56101240262967,196.06139467481623,11595300,0.0,0.0,No News,-0.004406638905732341
"2019-12-04 00:00:00.000000",META,197.1627655029297,198.47247954484402,196.50790091198374,198.4427143488899,8456300,0.0,0.0,No News,-0.0005532002347388
"2019-12-05 00:00:00.000000",META,197.80770874023438,199.72267376788747,196.66666912831428,198.3038155523698,9740400,0.0,0.0,No News,0.003271120871426003
"2019-12-06 00:00:00.000000",META,199.4845428466797,200.0004981463346,198.5022459542559,198.9388223508887,12270600,0.0,0.0,No News,0.00847709180357259
"2019-12-09 00:00:00.000000",META,199.7722930908203,201.55828069269086,198.6511019590734,199.08766324843836,11954800,0.0,0.0,No News,0.0014424688752039394
"2019-12-10 00:00:00.000000",META,199.30592346191406,200.47674327975056,198.59152852153372,200.08978061537593,9475700,0.0,0.0,No News,-0.0023345060603285894
"2019-12-11 00:00:00.000000",META,200.6851348876953,201.05226424708127,198.72055602657602,198.72055602657602,8036800,0.0,0.0,No News,0.006920072428478585
"2019-12-12 00:00:00.000000",META,195.21804809570312,202.07424848833924,192.58868781139714,200.77445094628683,23734800,0.0,0.0,No News,-0.027242111355440524
"2019-12-13 00:00:00.000000",META,192.59860229492188,195.2676595756169,191.6659189926737,194.8707650108413,18798000,0.0,0.0,No News,-0.013418051385787333
"2019-12-16 00:00:00.000000",META,196.37890625,197.56955949565122,193.29312146853317,193.7495463683545,14911500,0.0,0.0,No News,0.019627888832180806
"2019-12-17 00:00:00.000000",META,196.84524536132812,197.45049623175822,194.60284819119846,197.29173843033917,10175700,0.0,0.0,No News,0.0023746904401964475
"2019-12-18 00:00:00.000000",META,200.9232635498047,202.70925114268758,198.53202502655532,198.53202502655532,23274400,0.0,0.0,No News,0.020716874217566073
"2019-12-19 00:00:00.000000",META,204.45555114746094,204.69368788416222,200.93318950948256,201.20109144577407,16514600,0.0,0.0,No News,0.01758028182127691
"2019-12-20 00:00:00.000000",META,204.6936798095703,206.09270469504125,201.84601632794207,205.86448465387954,27306900,0.0,0.0,No News,0.0011646964867078058
"2019-12-23 00:00:00.000000",META,204.57460021972656,206.96583871627354,204.0784934016867,205.09055554968202,13348900,0.0,0.0,No News,-0.0005817453179529
"2019-12-24 00:00:00.000000",META,203.5228271484375,205.17982186746664,203.40376637388914,204.69364694474325,6046300,0.0,0.0,No News,-0.005141269102612922
"2019-12-26 00:00:00.000000",META,206.1720733642578,206.2018537033605,203.7113876835131,203.9693729292224,9350700,0.0,0.0,No News,0.013016948776404913
"2019-12-27 00:00:00.000000",META,206.47964477539062,207.30316869458025,204.98139263281968,207.04519862326592,10284200,0.0,0.0,No News,0.0014918189748687194
"2019-12-30 00:00:00.000000",META,202.8184051513672,206.28122125942733,202.3123664770239,206.24153937319426,10524300,0.0,0.0,No News,-0.01773172182665339
"2019-12-31 00:00:00.000000",META,203.65187072753906,203.95945456543717,202.01472410776773,202.4116035489304,8953500,0.0,0.0,No News,0.004109417858551012
"2020-01-02 00:00:00.000000",META,208.14654541015625,208.1564620946976,204.66388149911694,205.1401397367004,12077100,0.0,0.0,No News,0.02207038249420501
"2020-01-03 00:00:00.000000",META,207.04522705078125,208.76175248015903,205.3386183078235,205.59660355453667,11188400,0.0,0.0,No News,-0.005291072005085828
"2020-01-06 00:00:00.000000",META,210.94461059570312,211.12320177073943,204.9119502859545,205.0905414609908,17058900,0.0,0.0,No News,0.018833486772266816
"2020-01-07 00:00:00.000000",META,211.4010467529297,212.9092158036629,210.10124923906582,211.16292515648405,14912400,0.0,0.0,No News,0.002163772546440512
"2020-01-08 00:00:00.000000",META,213.54421997070312,214.55628211870993,210.95454177490646,211.34150448738282,13475000,0.0,0.0,No News,0.010137949885736575
"2020-01-09 00:00:00.000000",META,216.60023498535156,216.67961389127672,214.59595924568188,215.84614294905182,12642800,0.0,0.0,No News,0.014310923587946833
"2020-01-10 00:00:00.000000",META,216.3621063232422,218.16794243532362,215.72709019217615,217.4932292798279,12119400,0.0,0.0,No News,-0.0010993924458367887
"2020-01-13 00:00:00.000000",META,220.18214416503906,220.24167456420014,217.50317022293493,217.8901329574613,14463400,0.0,0.0,No News,0.017655761938690784
"2020-01-14 00:00:00.000000",META,217.3543243408203,220.64848099563872,216.92767972949216,219.8844722297958,13288900,0.0,0.0,No News,-0.01284309331686373
"2020-01-15 00:00:00.000000",META,219.42803955078125,219.95391156667583,218.42590922878898,218.8922508489187,10036500,0.0,0.0,No News,0.00954071291772074
"2020-01-16 00:00:00.000000",META,220.043212890625,220.89651718671533,218.6739532866718,220.83698679349612,10015300,0.0,0.0,No News,0.002803531130766812
"2020-01-17 00:00:00.000000",META,220.4103240966797,220.55915007771634,218.81285962698286,220.30117999726025,15905900,0.0,0.0,No News,0.001668359597335911
"2020-01-21 00:00:00.000000",META,219.7157745361328,220.63852588557012,217.41383179520864,220.43016951504185,14275800,0.0,0.0,No News,-0.003151166186944221
"2020-01-22 00:00:00.000000",META,219.59674072265625,221.0155990294826,219.55704369674288,220.57902258431162,12212800,0.0,0.0,No News,-0.0005417627101553
"2020-01-23 00:00:00.000000",META,218.0488739013672,219.76541447669973,217.5626988854463,219.03117089962214,11195000,0.0,0.0,No News,-0.007048678483092652
"2020-01-24 00:00:00.000000",META,216.2430419921875,220.0531387162507,214.42728922369366,219.08077359333404,11905800,0.0,0.0,No News,-0.008281775901289645
"2020-01-27 00:00:00.000000",META,213.1968994140625,214.3776358433839,210.84535837951614,211.44069250622508,13810700,0.0,0.0,No News,-0.014086661702784609
"2020-01-28 00:00:00.000000",META,216.0941925048828,217.03680753347362,211.85745134891118,214.45704612676462,13413800,0.0,0.0,No News,0.01358975247193106
"2020-01-29 00:00:00.000000",META,221.49183654785156,222.454284946092,216.74905677548094,219.71578087459076,33181300,0.0,0.0,No News,0.024978200387531402
"2020-01-30 00:00:00.000000",META,207.89852905273438,209.7837289696415,203.15574892158747,204.92188804289427,48775500,0.0,0.0,No News,-0.061371595933200296
"2020-01-31 00:00:00.000000",META,200.3378448486328,207.06505161840613,199.4944572611041,206.80706640152664,31359900,0.0,0.0,No News,-0.03636718469606759
"2020-02-03 00:00:00.000000",META,202.60009765625,203.54269754941683,200.92325424778556,201.85593745533228,15495600,0.0,0.0,No News,0.011292188998671016
"2020-02-04 00:00:00.000000",META,208.19619750976562,208.96020627969224,203.60224334381496,205.0111849473292,19628900,0.0,0.0,No News,0.027621407483280125
"2020-02-05 00:00:00.000000",META,208.47401428222656,211.07360924626084,207.08492120373015,210.8553210282144,12538200,0.0,0.0,No News,0.001334398878480414
"2020-02-06 00:00:00.000000",META,209.208251953125,209.54560095697394,207.7099996678324,208.83120592530642,10567500,0.0,0.0,No News,0.0035219625497517892
"2020-02-07 00:00:00.000000",META,210.67672729492188,211.1629174365227,208.29540543766888,208.66253478539966,12242500,0.0,0.0,No News,0.007019203726848611
"2020-02-10 00:00:00.000000",META,211.4010467529297,212.13529033525572,209.01973994859674,209.8730443291456,11856400,0.0,0.0,No News,0.0034380610868036676
"2020-02-11 00:00:00.000000",META,205.5767364501953,209.21815851429,204.90202333517067,208.55337722476645,25030800,0.0,0.0,No News,-0.027551000301060058
"2020-02-12 00:00:00.000000",META,209.1189422607422,209.57536719879477,205.7851038096818,206.2316120616819,13813700,0.0,0.0,No News,0.0172305771154464
"2020-02-13 00:00:00.000000",META,211.48040771484375,212.66114433026516,207.55123516722094,207.88859930018288,15396600,0.0,0.0,No News,0.011292451217341792
"2020-02-14 00:00:00.000000",META,212.51231384277344,213.2564740857115,210.99422815837812,212.33372265165818,10741700,0.0,0.0,No News,0.0048794407911350035
"2020-02-18 00:00:00.000000",META,216.1041259765625,216.28271715809083,211.73837703502883,211.88721815961387,15609200,0.0,0.0,No News,0.016901665926269294
"2020-02-19 00:00:00.000000",META,215.79653930664062,216.62007840377584,214.42727970658711,216.2926461020249,12135100,2.0,0.0,neutral,-0.0014233262254106371
"2020-02-20 00:00:00.000000",META,212.9091796875,217.06655677332367,211.29186679941705,214.83407634546887,13109200,2.0,0.0,neutral,-0.01338000891218083
"2020-02-21 00:00:00.000000",META,208.54345703125,212.5718571551109,207.20397769196722,211.81776509390582,14092300,4.0,-0.368275,negative,-0.020505093592760315
"2020-02-24 00:00:00.000000",META,199.15711975097656,202.0642984010924,196.62697198266386,200.22871228132,23080100,5.0,-0.31155999999999995,negative,-0.045009023125894165
"2020-02-25 00:00:00.000000",META,195.23789978027344,201.91549394018188,194.4242772549457,200.67522677838713,21433500,3.0,0.012499999999999992,negative,-0.019679035203981954
"2020-02-26 00:00:00.000000",META,195.66455078125,199.6433376552953,193.9678737271147,195.65463409402588,16524500,2.0,-0.371,negative,0.0021852878025052647
"2020-02-27 00:00:00.000000",META,188.27252197265625,194.3547959067369,188.02446858402297,190.3264112977289,21682600,3.0,-0.6365666666666666,negative,-0.03777909068903307
"2020-02-28 00:00:00.000000",META,190.97134399414062,191.23924589297678,180.40427569756577,181.27741333010493,32568900,6.0,-0.24308333333333332,neutral,0.014334656981310978
"2020-03-02 00:00:00.000000",META,194.91043090820312,195.03942351365126,187.37953374660688,192.51919263476543,24949000,4.0,-0.190975,neutral,0.02062658633320069
"2020-03-03 00:00:00.000000",META,184.4425811767578,195.70421132887967,182.53753292619203,194.69214924139928,27984100,1.0,-0.8163,negative,-0.05370594935668349
"2020-03-04 00:00:00.000000",META,190.26687622070312,190.33633844052602,184.93869398490696,187.69704660686287,23062500,0.0,0.0,No News,0.03157782225116268
"2020-03-05 00:00:00.000000",META,183.7281951904297,187.5184585064804,182.4581629611719,185.32565973285247,19333400,9.0,-0.5290666666666666,negative,-0.03436584002508558
"2020-03-06 00:00:00.000000",META,179.67996215820312,182.3490192383938,174.8875685209055,176.94145799688096,24559600,5.0,-0.37526000000000004,neutral,-0.022033814831907916
"2020-03-09 00:00:00.000000",META,168.18020629882812,173.63738113448332,163.90376807728393,168.27943371546766,29949000,9.0,-0.47159999999999996,negative,-0.0640013261425878
"2020-03-10 00:00:00.000000",META,176.80255126953125,176.90176354973235,168.18021229917125,173.309955010909,24517800,3.0,0.30916666666666665,neutral,0.05126848848896448
"2020-03-11 00:00:00.000000",META,168.91444396972656,174.51052791093812,166.35453113683502,172.6550782358711,20373900,7.0,-0.26212857142857143,negative,-0.04461534770377529
"2020-03-12 00:00:00.000000",META,153.26722717285156,165.30278229222736,153.13823456749037,158.29774196223462,43266300,2.0,-0.9532,negative,-0.09263397746896851
"2020-03-13 00:00:00.000000",META,168.9541473388672,169.46017087461817,156.37288491134964,162.2567048752018,35028600,3.0,-0.07379999999999998,negative,0.10235012699958523
"2020-03-16 00:00:00.000000",META,144.87310791015625,157.89096114274597,141.98577772844195,151.13398868681,39120400,2.0,-0.48645,negative,-0.14253002846039753
"2020-03-17 00:00:00.000000",META,148.25656127929688,152.7413712017619,138.9099105437907,149.56629056018528,34255600,7.0,-0.1369142857142857,neutral,0.023354599193377457
"2020-03-18 00:00:00.000000",META,145.81573486328125,147.0262216721567,136.03250698448755,138.66186728488157,37553100,5.0,-0.1095,negative,-0.016463530483601385
"2020-03-19 00:00:00.000000",META,151.93765258789062,158.6846920311444,143.67251261593117,145.47833324763292,39862300,2.0,0.4721,neutral,0.04198393081754426
"2020-03-20 00:00:00.000000",META,148.56417846679688,158.02990726185797,146.8476527114593,154.8052121854239,32568400,4.0,-0.234175,neutral,-0.022203015932093062
"2020-03-23 00:00:00.000000",META,146.94683837890625,151.12404910429632,141.1423828354806,148.494689153159,29830800,2.0,0.43445,neutral,-0.010886474145933467
"2020-03-24 00:00:00.000000",META,159.7265625,160.05399484868934,151.3820565118102,154.001500161345,30440400,5.0,-0.30094000000000004,negative,0.08696835033728934
"2020-03-25 00:00:00.000000",META,154.9936981201172,161.72090533404412,151.86821609525333,157.68258858451526,35184300,6.0,-0.3017666666666667,neutral,-0.029631041360968502
"2020-03-26 00:00:00.000000",META,162.06817626953125,162.7230409214687,155.79739378485885,157.01781235257576,26556800,4.0,0.07592499999999999,neutral,0.04564365025945416
"2020-03-27 00:00:00.000000",META,155.56915283203125,158.84346051165588,153.54504389079577,156.96817754404913,24879900,3.0,0.5480666666666667,positive,-0.04010055266304502
"2020-03-30 00:00:00.000000",META,164.6578369140625,165.45161078841923,156.82927254742395,157.94054688753693,22515200,5.0,-0.08499999999999999,negative,0.058422148070989
"2020-03-31 00:00:00.000000",META,165.50123596191406,169.59906794500858,162.9214744764971,164.19150670747757,23676300,3.0,-0.30726666666666663,neutral,0.005122131224715165
"2020-04-01 00:00:00.000000",META,158.3572998046875,162.87185966361065,156.80943383993798,160.36156041626128,19507600,1.0,0.0,neutral,-0.043165455023372545
"2020-04-02 00:00:00.000000",META,156.95826721191406,160.0936657297294,154.70593816665038,157.86118519507858,20886300,4.0,0.0,neutral,-0.008834658045438704
"2020-04-03 00:00:00.000000",META,152.97947692871094,156.68044434817855,149.65557064068878,155.92635236524197,25983300,4.0,-0.29957500000000004,negative,-0.02534935147972317
"2020-04-06 00:00:00.000000",META,164.260986328125,164.9059191978055,157.27579317783702,158.90302309239615,28453600,3.0,0.3149,neutral,0.07374524757115819
"2020-04-07 00:00:00.000000",META,167.5154266357422,172.03991830310687,164.71737697093712,170.45237046123444,31411900,4.0,0.0,neutral,0.01981261881087315
"2020-04-08 00:00:00.000000",META,172.92298889160156,173.63738391089035,166.4339184630365,169.91658282708556,21664200,4.0,0.231975,neutral,0.03228098071002128
"2020-04-09 00:00:00.000000",META,173.82591247558594,175.70119567614313,170.23410389271467,174.53037569157397,23534300,4.0,0.0,neutral,0.005221535839577518
"2020-04-13 00:00:00.000000",META,173.4290008544922,173.63737236291774,168.13058409712687,172.31772651616228,19355400,3.0,-0.3238666666666667,neutral,-0.002283385805033511
"2020-04-14 00:00:00.000000",META,176.78269958496094,179.81887085223931,175.24476543964624,177.58639019806657,21011800,2.0,0.4528,neutral,0.01933758894962745
"2020-04-15 00:00:00.000000",META,175.592041015625,176.80254281201508,171.47436065477507,173.82590202875645,17423000,3.0,0.2811,neutral,-0.006735153225577495
"2020-04-16 00:00:00.000000",META,174.87765502929688,176.66364261929394,171.16677054452398,176.56441519874684,23593200,10.0,0.11983999999999999,neutral,-0.004068441725468386
"2020-04-17 00:00:00.000000",META,177.84434509277344,178.87624042419947,175.2844325625343,177.80464807619407,20974800,2.0,0.85205,positive,0.016964374682286065
"2020-04-20 00:00:00.000000",META,176.85215759277344,179.09455487937518,175.39360238892877,176.02861848761108,16110700,5.0,-0.16084,neutral,-0.00557896569318761
"2020-04-21 00:00:00.000000",META,169.47007751464844,174.01441739437823,167.02922551794623,173.88542478797388,24850500,5.0,-0.19458,neutral,-0.04174153246760637
"2020-04-22 00:00:00.000000",META,180.86068725585938,183.34122116614927,176.75292370601838,177.06050748849793,33242000,8.0,-0.09332499999999999,neutral,0.0672131027981997
"2020-04-23 00:00:00.000000",META,183.68850708007812,185.59355535938485,181.7239132676867,182.64667978077563,21426600,2.0,0.4238,neutral,0.01563534821814705
"2020-04-24 00:00:00.000000",META,188.59005737304688,188.9274063834041,179.42199771642456,181.80330444127193,28792000,5.0,-0.36748,neutral,0.026684033589711387
"2020-04-27 00:00:00.000000",META,186.04005432128906,192.24138946533202,185.95075872880966,191.15988024980575,29197800,4.0,-0.16535,neutral,-0.013521407688601994
"2020-04-28 00:00:00.000000",META,181.48580932617188,187.7268267628058,181.13852847934092,187.19103803281624,21731000,2.0,0.0,neutral,-0.024479916498261534
"2020-04-29 00:00:00.000000",META,192.67794799804688,195.37677001343562,188.52057088095992,189.4433221975567,45954500,19.0,0.31809473684210526,positive,0.061669497540494334
"2020-04-30 00:00:00.000000",META,203.11602783203125,208.05724671544453,200.0004781153442,205.30881114098608,46230100,36.0,0.397725,positive,0.05417371288431094
"2020-05-01 00:00:00.000000",META,200.69505310058594,205.6660378850065,197.50012403387927,200.03027179216886,30415600,5.0,-0.34908,neutral,-0.011919171309550003
"2020-05-04 00:00:00.000000",META,203.66175842285156,204.30670634790636,197.21237001217202,198.64116002093442,19250700,4.0,0.421025,neutral,0.014782154699043648
"2020-05-05 00:00:00.000000",META,205.45770263671875,208.74192763342248,204.89213354811233,205.40808892263365,21071200,2.0,-0.4829,negative,0.00881826921153439
"2020-05-06 00:00:00.000000",META,206.84678649902344,209.95242015348194,205.05088216567125,206.4995056560085,21857000,2.0,0.0,neutral,0.00676092375451498
"2020-05-07 00:00:00.000000",META,209.61500549316406,209.95236956851647,207.41229044927317,209.51579323333442,15152000,4.0,0.0,neutral,0.013382944163619737
"2020-05-08 00:00:00.000000",META,210.69659423828125,211.54989866227822,209.20827362479673,210.5874501210265,12506000,3.0,0.0,neutral,0.005159882244940128
"2020-05-11 00:00:00.000000",META,211.5200958251953,213.32593191135558,208.73197792819232,209.24793325852076,12911900,0.0,0.0,No News,0.00390847127781635
"2020-05-12 00:00:00.000000",META,208.46408081054688,213.60373992712047,208.36485339579585,211.6292294374064,14704600,3.0,-0.3088,neutral,-0.014447870793203421
"2020-05-13 00:00:00.000000",META,203.5030059814453,209.13877170097768,200.53628200459266,207.79927734708642,20684600,4.0,-0.11490000000000002,neutral,-0.02379822370267337
"2020-05-14 00:00:00.000000",META,205.19969177246094,205.31875255942361,199.1273493977165,200.98278398111552,17178900,4.0,0.0,neutral,0.008337399159451753
"2020-05-15 00:00:00.000000",META,209.23802185058594,209.6944316566375,202.53064780705802,203.6717026021449,19383200,7.0,0.016457142857142854,neutral,0.01968000070196485
"2020-05-18 00:00:00.000000",META,211.53001403808594,212.96872069085757,209.2975334989645,210.4981034438379,20151900,9.0,0.11498888888888888,neutral,0.010953994724422822
"2020-05-19 00:00:00.000000",META,215.1912841796875,218.77317577753564,211.17281618808852,211.6093925818394,31843200,3.0,0.0,neutral,0.017308513679493043
"2020-05-20 00:00:00.000000",META,228.1793670654297,229.53869487802802,221.4521599429684,221.75974374231737,50162900,5.0,0.5255799999999999,positive,0.06035598948745968
"2020-05-21 00:00:00.000000",META,229.5883026123047,235.35306116357182,229.39977960729271,232.89237569283694,47782600,16.0,-0.0362,neutral,0.006174684262626462
"2020-05-22 00:00:00.000000",META,233.08091735839844,234.15250994111815,226.9589608180292,229.70738178910028,33925600,11.0,0.09578181818181818,neutral,0.015212511727967115
"2020-05-26 00:00:00.000000",META,230.39199829101562,239.02425371037313,229.8661262864556,237.90306262101706,33178300,10.0,0.005380000000000007,neutral,-0.011536418759019118
"2020-05-27 00:00:00.000000",META,227.35580444335938,228.76474581923705,219.40817963084555,227.28635737002952,34697600,18.0,-0.2945055555555556,negative,-0.01317838236647928
"2020-05-28 00:00:00.000000",META,223.70448303222656,229.82643907583383,222.25584452684524,222.55351163233212,29377200,35.0,-0.08864571428571429,neutral,-0.016059943664391674
"2020-05-29 00:00:00.000000",META,223.3373565673828,225.71867830178658,221.14457298017828,223.44650066945937,23241500,5.0,-0.32386,neutral,-0.0016411225196182322
"2020-06-01 00:00:00.000000",META,230.10427856445312,230.63015060457363,221.75975786747784,222.84126714697254,18223800,12.0,-0.2843833333333333,neutral,0.030299104910506358
"2020-06-02 00:00:00.000000",META,230.907958984375,231.1857775917419,224.79591934234608,229.1418199204089,20919000,8.0,0.2923875,neutral,0.003492679166749113
"2020-06-03 00:00:00.000000",META,228.36788940429688,230.83849161760028,226.75057636604603,230.30270292675684,15380300,0.0,0.0,No News,-0.01100035525518639
"2020-06-04 00:00:00.000000",META,224.52801513671875,229.8264474146918,222.86110350947578,227.7725579382905,17041500,0.0,0.0,No News,-0.01681442289279167
"2020-06-05 00:00:00.000000",META,228.97315979003906,229.54864555284124,223.5556663264044,224.94477459040334,16750400,0.0,0.0,No News,0.019797728361931055
"2020-06-08 00:00:00.000000",META,229.5982208251953,229.74706194907915,225.63929825351963,227.24667943961484,15466500,1.0,0.9045,positive,0.0027298441255272365
"2020-06-09 00:00:00.000000",META,236.81161499023438,237.9030559919151,228.61593621208456,229.71729389924317,27462900,6.0,0.1399,neutral,0.03141746542770907
"2020-06-10 00:00:00.000000",META,234.88671875,239.3318465307384,233.44801207354607,239.08379313341953,20720700,3.0,0.2929333333333333,positive,-0.008128386102656981
"2020-06-11 00:00:00.000000",META,222.68251037597656,231.07664482467789,221.8093726271132,228.14961747773572,26708200,0.0,0.0,No News,-0.05195784776155399
"2020-06-12 00:00:00.000000",META,226.80015563964844,229.85617492855326,222.75192288577355,228.1098695406214,22091400,0.0,0.0,No News,0.0184911031257895
"2020-06-15 00:00:00.000000",META,230.68966674804688,231.94978228517638,223.0496248987954,223.33736018712725,15340300,0.0,0.0,No News,0.01714950810959004
"2020-06-16 00:00:00.000000",META,233.8151397705078,236.60327283509807,231.18577966295072,235.2935435543671,15236700,0.0,0.0,No News,0.013548387608858459
"2020-06-17 00:00:00.000000",META,233.69606018066406,235.7400177059059,229.92564559877275,233.1701882014505,19578100,0.0,0.0,No News,-0.0005092894752693
"2020-06-18 00:00:00.000000",META,234.10287475585938,234.30131444409122,230.3423768049626,233.16027488177477,15782500,0.0,0.0,No News,0.001740784910455151
"2020-06-19 00:00:00.000000",META,236.93067932128906,238.95480354742614,233.71591694092012,235.93846571945113,30081300,0.0,0.0,No News,0.012079324392657353
"2020-06-22 00:00:00.000000",META,237.35733032226562,238.82580215983967,235.0653194086259,236.70246573551785,18917800,0.0,0.0,No News,0.0018007418971606182
"2020-06-23 00:00:00.000000",META,240.3538360595703,243.28086325076663,237.99236276675106,239.40130430970032,24017900,0.0,0.0,No News,0.012624449951624594
"2020-06-24 00:00:00.000000",META,232.19784545898438,241.3262081229041,230.86826764529962,239.32193228613724,20834900,0.0,0.0,No News,-0.033933265781389554
"2020-06-25 00:00:00.000000",META,233.84487915039062,235.45227537563477,230.92778406897406,232.7931352234886,18704300,0.0,0.0,No News,0.007093234169122331
"2020-06-26 00:00:00.000000",META,214.3975372314453,231.2750867486719,213.72282404542958,230.82859361350327,76343900,0.0,0.0,No News,-0.08316342863526338
"2020-06-29 00:00:00.000000",META,218.9220428466797,219.03118696560267,205.49739191905772,208.11683563322833,58514300,0.0,0.0,No News,0.021103346958459168
"2020-06-30 00:00:00.000000",META,225.30194091796875,225.7285854826809,216.76889822395114,218.87238613178818,33927100,0.0,0.0,No News,0.02914232842125064
"2020-07-01 00:00:00.000000",META,235.7003631591797,237.1390699699134,225.78814302678114,226.72082631014734,43399700,0.0,0.0,No News,0.0461532741300128
"2020-07-02 00:00:00.000000",META,231.60250854492188,238.13127618375734,230.7988179101983,237.1390625329917,30633600,0.0,0.0,No News,-0.01738586466025227
"2020-07-06 00:00:00.000000",META,238.40907287597656,238.52813365832904,230.46144771442292,231.93983622855757,26206200,0.0,0.0,No News,0.029388992260135582
"2020-07-07 00:00:00.000000",META,238.98458862304688,245.7217128783308,236.96047936852221,237.5458818087057,27887800,0.0,0.0,No News,0.0024139842503800857
"2020-07-08 00:00:00.000000",META,241.68341064453125,245.06686293607262,234.74783155219004,236.2560005890612,29791300,0.0,0.0,No News,0.01129287054464112
"2020-07-09 00:00:00.000000",META,242.59622192382812,244.61041429342896,237.3771839087014,243.0923287171284,22174900,0.0,0.0,No News,0.003776888437905468
"2020-07-10 00:00:00.000000",META,243.1617889404297,243.57851682658566,237.45656086428355,241.79252935736176,22982700,0.0,0.0,No News,0.002331310076127746
"2020-07-13 00:00:00.000000",META,237.13905334472656,248.2022290661148,236.563567632783,245.08667892902588,24674900,0.0,0.0,No News,-0.02476842937349255
"2020-07-14 00:00:00.000000",META,237.86334228515625,238.45867645158208,230.22330122923432,234.9164669273043,23378100,0.0,0.0,No News,0.003054279462678
"2020-07-15 00:00:00.000000",META,238.40907287597656,242.9137309146926,236.19644087738766,239.6691883357908,19133600,0.0,0.0,No News,0.002294303046352031
"2020-07-16 00:00:00.000000",META,239.0540313720703,239.87757053195742,234.48985759074168,236.1468525967872,18880700,0.0,0.0,No News,0.00270525986412129
"2020-07-17 00:00:00.000000",META,240.14549255371094,242.25891268470576,236.00796303555146,239.12351360303745,18152400,0.0,0.0,No News,0.004565750995187523
"2020-07-20 00:00:00.000000",META,243.5090789794922,244.13417844127542,233.80523042218056,238.19081306109,20872200,0.0,0.0,No News,0.014006452463516172
"2020-07-21 00:00:00.000000",META,239.86766052246094,244.98748681705248,238.21066547029258,244.3028569458016,19364200,0.0,0.0,No News,-0.014953933020862564
"2020-07-22 00:00:00.000000",META,238.0022735595703,240.01646597475658,236.26589974372158,238.38923626150319,15427900,0.0,0.0,No News,-0.007776733882456588
"2020-07-23 00:00:00.000000",META,230.78887939453125,240.53240865065303,229.94549181516214,237.76413948844888,21771800,0.0,0.0,No News,-0.030308089318456077
"2020-07-24 00:00:00.000000",META,228.9136199951172,231.6719727567298,225.13327323566094,228.39766465309515,18325800,0.0,0.0,No News,-0.008125432231976482
"2020-07-27 00:00:00.000000",META,231.68190002441406,233.1206068680901,229.03269124992605,229.65779072861835,13163100,0.0,0.0,No News,0.012093120668643209
"2020-07-28 00:00:00.000000",META,228.3282012939453,233.13052688737727,228.04046599577487,232.8030945646447,14170100,0.0,0.0,No News,-0.014475445557530997
"2020-07-29 00:00:00.000000",META,231.47352600097656,231.88033724909283,228.51673343218738,229.3402726149669,13588300,0.0,0.0,No News,0.013775454320607672
"2020-07-30 00:00:00.000000",META,232.67408752441406,233.06105022002825,227.2169127637135,228.4274145581944,20615300,0.0,0.0,No News,0.00518660403277571
"2020-07-31 00:00:00.000000",META,251.69480895996094,253.85784236786688,247.06117350657465,253.8280771726185,53005100,0.0,0.0,No News,0.08174834438128431
"2020-08-03 00:00:00.000000",META,249.9981689453125,253.41137133431812,248.3808557796647,250.68278367643498,23124900,0.0,0.0,No News,-0.006740862164218653
"2020-08-04 00:00:00.000000",META,247.8847198486328,250.8315953845901,245.50339817898234,249.6012450982718,17183500,0.0,0.0,No News,-0.008453858304626305
"2020-08-05 00:00:00.000000",META,247.18023681640625,250.305718609259,245.84075759659282,248.24191259105157,13050100,0.0,0.0,No News,-0.002841978451341154
"2020-08-06 00:00:00.000000",META,263.2144775390625,264.52420703163926,246.7338055973586,247.1009198611955,45241600,0.0,0.0,No News,0.0648686194704382
"2020-08-07 00:00:00.000000",META,266.3498229980469,276.71846729977585,261.3788231390226,262.0237559273697,72766400,0.0,0.0,No News,0.011911751543070226
"2020-08-10 00:00:00.000000",META,260.9521789550781,271.7276042056883,257.6679543343518,265.95294401876475,30248800,0.0,0.0,No News,-0.020265243589098758
"2020-08-11 00:00:00.000000",META,254.13568115234375,263.84946103998055,253.1434675252499,258.16406605594824,28238300,0.0,0.0,No News,-0.02612163588757699
"2020-08-12 00:00:00.000000",META,257.86639404296875,261.8451497880856,256.10022485521864,256.95354425379196,21415700,0.0,0.0,No News,0.01468000429419658
"2020-08-13 00:00:00.000000",META,259.2654113769531,263.09537176343133,257.5489011631833,259.51346478633786,17374000,0.0,0.0,No News,0.005425357341256598
"2020-08-14 00:00:00.000000",META,259.20587158203125,260.60489639382604,256.66580718443333,260.2675474028903,14792700,0.0,0.0,No News,-0.0002296480452432
"2020-08-17 00:00:00.000000",META,259.1265563964844,262.0436673543496,257.38025044076596,260.45611923823844,13351100,0.0,0.0,No News,-0.000305993012669
"2020-08-18 00:00:00.000000",META,260.2973327636719,263.0854507776414,257.2413279573134,258.9181714962435,18690400,0.0,0.0,No News,0.004518164342044884
"2020-08-19 00:00:00.000000",META,260.54541015625,265.82399467833227,259.31507477138916,259.354771800567,23291500,0.0,0.0,No News,0.0009530539170117
"2020-08-20 00:00:00.000000",META,266.9154052734375,267.53057289532575,259.4241740031318,259.4638710277575,20299700,0.0,0.0,No News,0.02444869442669284
"2020-08-21 00:00:00.000000",META,264.9309997558594,268.38388418339855,264.3455972842934,266.5979115677721,15538600,0.0,0.0,No News,-0.007434585933866367
"2020-08-24 00:00:00.000000",META,269.27691650390625,275.091274811344,266.6772909244434,268.959400822145,23685600,0.0,0.0,No News,0.016403957075811215
"2020-08-25 00:00:00.000000",META,278.6334228515625,280.8857367616059,268.15564994253316,270.28890306860325,42127200,0.0,0.0,No News,0.03474678211981286
"2020-08-26 00:00:00.000000",META,301.5436706542969,302.2977627595192,281.78869215846566,281.78869215846566,69015200,0.0,0.0,No News,0.082223616852094
"2020-08-27 00:00:00.000000",META,290.9368591308594,298.88449937748896,289.74619075564993,297.82282360892196,30301300,0.0,0.0,No News,-0.03517504280697581
"2020-08-28 00:00:00.000000",META,291.37347412109375,294.9156842406994,288.71434871476174,292.70303682425975,17157400,0.0,0.0,No News,0.001500720780236442
"2020-08-31 00:00:00.000000",META,290.91705322265625,294.5683921740452,289.279876482208,291.66121345742096,17345100,0.0,0.0,No News,-0.001566446293075452
"2020-09-01 00:00:00.000000",META,293.13958740234375,299.1424675498005,290.43083338283753,292.4152605760405,17295900,0.0,0.0,No News,0.0076397521391997625
"2020-09-02 00:00:00.000000",META,300.1446228027344,301.2360638507357,290.76819189575707,296.5528143101857,24341400,0.0,0.0,No News,0.023896586136542552
"2020-09-03 00:00:00.000000",META,288.85321044921875,295.28276530131205,281.4215404790347,293.6852857036353,32294100,0.0,0.0,No News,-0.03761990552446692
"2020-09-04 00:00:00.000000",META,280.5285339355469,286.74970168375035,269.02878309677214,285.0133280576377,30333700,0.0,0.0,No News,-0.028819747236755622
"2020-09-08 00:00:00.000000",META,269.0486755371094,277.12527945997186,267.3222333565382,269.16773633853364,24864000,0.0,0.0,No News,-0.04092224857623594
"2020-09-09 00:00:00.000000",META,271.5887145996094,276.3116611433854,269.23717315355583,273.6227404185277,22918800,0.0,0.0,No News,0.00944081608069336
"2020-09-10 00:00:00.000000",META,266.0025329589844,276.9863444713146,264.95078899476385,273.3647709884832,24814700,0.0,0.0,No News,-0.020568533743607342
"2020-09-11 00:00:00.000000",META,264.5340576171875,269.27686777024303,260.5949986305776,267.9572067042382,18913900,0.0,0.0,No News,-0.0055205314229970215
"2020-09-14 00:00:00.000000",META,264.07763671875,274.4859777025332,263.63115877833076,268.8402800429086,24093800,0.0,0.0,No News,-0.001725376696478098
"2020-09-15 00:00:00.000000",META,270.298828125,272.3824523522655,267.2030964194408,268.56245441564243,18478500,0.0,0.0,No News,0.023558191006062934
"2020-09-16 00:00:00.000000",META,261.4681396484375,270.3186990512302,259.75162935073587,265.2088046240385,29183400,0.0,0.0,No News,-0.03267009530828868
"2020-09-17 00:00:00.000000",META,252.83587646484375,259.4638560363653,248.24192265848913,256.2689270376447,31281400,0.0,0.0,No News,-0.03301458906312804
"2020-09-18 00:00:00.000000",META,250.56369018554688,257.1817679827154,248.10300478523664,256.3879789632896,28130800,0.0,0.0,No News,-0.008986803261730958
"2020-09-21 00:00:00.000000",META,246.21780395507812,248.00379150058308,242.22911610009183,245.61255304076752,24709400,0.0,0.0,No News,-0.01734443736540814
"2020-09-22 00:00:00.000000",META,252.76641845703125,253.33198748485088,246.28726476136234,251.3376284288325,30293100,0.0,0.0,No News,0.026596835796439455
"2020-09-23 00:00:00.000000",META,247.08102416992188,255.98116584622917,246.217788080264,253.2724270751791,19641300,0.0,0.0,No News,-0.022492680482695704
"2020-09-24 00:00:00.000000",META,247.58705139160156,250.2759568331123,243.70749269177463,244.58064547986274,20006800,0.0,0.0,No News,0.002048021386424681
"2020-09-25 00:00:00.000000",META,252.83587646484375,253.7586278443611,244.68979615867002,247.45806543720002,18351300,0.0,0.0,No News,0.021199917539064916
"2020-09-28 00:00:00.000000",META,254.82032775878906,257.5786806125648,252.83590037391562,257.3802257620939,18826300,0.0,0.0,No News,0.007848772578053165
"2020-09-29 00:00:00.000000",META,259.7516174316406,261.2796046364811,254.89967819508988,255.80259624156326,20200200,0.0,0.0,No News,0.019352026254041643
"2020-09-30 00:00:00.000000",META,259.8607177734375,264.0081630667946,258.0747455292031,259.9401118127102,20142500,0.0,0.0,No News,0.0004200179497462
"2020-10-01 00:00:00.000000",META,264.5539245605469,266.2406695606963,262.7381566639674,263.28389232751096,20009800,0.0,0.0,No News,0.018060470344737567
"2020-10-02 00:00:00.000000",META,257.916015625,263.0854402034157,257.16192357012176,259.1761160451637,16367600,0.0,0.0,No News,-0.02509094864713568
"2020-10-05 00:00:00.000000",META,262.5893249511719,262.80761315583914,258.80899353212766,260.1584197827861,12822300,0.0,0.0,No News,0.01811950031426779
"2020-10-06 00:00:00.000000",META,256.6459655761719,263.6212257600727,256.22922255371117,259.741667068891,18696900,0.0,0.0,No News,-0.02263366713824011
"2020-10-07 00:00:00.000000",META,256.1101989746094,258.15415680274714,252.83590583088255,257.19170828911257,23133400,0.0,0.0,No News,-0.002087570713841913
"2020-10-08 00:00:00.000000",META,261.7062683105469,262.5595574704887,257.1321478779716,257.7274820927912,16312800,0.0,0.0,No News,0.021850240085488748
"2020-10-09 00:00:00.000000",META,262.3908996582031,262.6885516273848,260.1286538525536,262.46033159770803,14107800,0.0,0.0,No News,0.0026160296124198013
"2020-10-12 00:00:00.000000",META,273.6029052734375,277.99840433575406,265.7842571156628,268.09613180330746,31019300,0.0,0.0,No News,0.042730161868568706
"2020-10-13 00:00:00.000000",META,273.9898986816406,276.92684268053154,271.2613110760602,275.41865851572834,18063300,0.0,0.0,No News,0.0014144345719442342
"2020-10-14 00:00:00.000000",META,269.7035217285156,276.5795550588425,269.3860060931865,275.45834878905737,15577800,0.0,0.0,No News,-0.015644288252048
"2020-10-15 00:00:00.000000",META,264.64324951171875,266.9451926519491,261.61700972164607,265.5164024462862,15416100,0.0,0.0,No News,-0.018762351282496592
"2020-10-16 00:00:00.000000",META,263.859375,269.25701980773687,263.23427554072794,265.2980969389582,16622700,0.0,0.0,No News,-0.0029620045595912803
"2020-10-19 00:00:00.000000",META,259.3646240234375,266.45894507176126,257.8564702810664,263.4624709578556,13587000,0.0,0.0,No News,-0.017034645733404408
"2020-10-20 00:00:00.000000",META,265.4766845703125,267.60003633807696,260.83313190654906,261.011723098242,18763200,0.0,0.0,No News,0.02356551349239777
"2020-10-21 00:00:00.000000",META,276.55975341796875,280.84609386687896,274.2181131886931,277.3832775191366,28998600,0.0,0.0,No News,0.04174780495543229
"2020-10-22 00:00:00.000000",META,275.9544372558594,280.25073903320055,272.8984327390067,277.6908110286055,16720000,0.0,0.0,No News,-0.002188735543145137
"2020-10-23 00:00:00.000000",META,282.572509765625,283.0189877020772,274.66456643827354,276.6291299185733,17535200,0.0,0.0,No News,0.02398248267205605
"2020-10-26 00:00:00.000000",META,274.9522705078125,283.0090696232539,272.12448623561744,280.955180395698,21322900,0.0,0.0,No News,-0.026967376494383632
"2020-10-27 00:00:00.000000",META,281.08416748046875,282.294669146969,274.1585064337769,276.5894415912417,16287200,0.0,0.0,No News,0.02230167789242543
"2020-10-28 00:00:00.000000",META,265.5858154296875,276.61922530983355,265.17900423878854,276.61922530983355,23121800,0.0,0.0,No News,-0.055137762435012116
"2020-10-29 00:00:00.000000",META,278.6433410644531,281.39179220538097,271.6482470679973,274.3966679289681,32368100,0.0,0.0,No News,0.04916499630690008
"2020-10-30 00:00:00.000000",META,261.0613098144531,274.54551949414935,257.08255380705526,272.36263742827884,47247800,0.0,0.0,No News,-0.06309869520956213
"2020-11-02 00:00:00.000000",META,259.324951171875,268.3640334830486,255.33626310518545,262.5397440643903,27165700,0.0,0.0,No News,-0.006651152726584564
"2020-11-03 00:00:00.000000",META,263.2342224121094,267.94723641131566,258.848655815937,261.1109013243579,17961900,0.0,0.0,No News,0.015074797941997398
"2020-11-04 00:00:00.000000",META,285.142333984375,286.69018469531346,276.4505336229866,278.8120067096619,35364400,0.0,0.0,No News,0.08322668447709325
"2020-11-05 00:00:00.000000",META,292.3854675292969,295.0644560969266,286.7001035414794,289.6271152046791,23823600,0.0,0.0,No News,0.025401817554452588
"2020-11-06 00:00:00.000000",META,291.12542724609375,292.30616397917817,285.8170778605396,291.66123112597086,13891000,0.0,0.0,No News,-0.004309517479957781
"2020-11-09 00:00:00.000000",META,276.599365234375,290.3018321753482,276.3612436678267,287.61294188655734,25117700,0.0,0.0,No News,-0.04989623252468289
"2020-11-10 00:00:00.000000",META,270.3087463378906,271.8665289718165,261.94439287795456,270.9735427793602,29067700,0.0,0.0,No News,-0.02274270908450582
"2020-11-11 00:00:00.000000",META,274.3272399902344,276.23227323546826,270.3583854027134,271.34066722353845,14957000,0.0,0.0,No News,0.014866310124203475
"2020-11-12 00:00:00.000000",META,272.9380798339844,277.57173026289297,272.29314710652244,275.02173426728365,12899500,0.0,0.0,No News,-0.0050638797528800295
"2020-11-13 00:00:00.000000",META,274.79364013671875,275.59733093945266,270.9736107267082,275.5576339067353,10391200,0.0,0.0,No News,0.006798466171752393
"2020-11-16 00:00:00.000000",META,276.7879333496094,277.234441639621,272.49166122643663,272.9083740358182,12970400,0.0,0.0,No News,0.007257421284926346
"2020-11-17 00:00:00.000000",META,272.8587341308594,275.5178592544726,271.16205738974224,275.5178592544726,15040300,0.0,0.0,No News,-0.014195702721574333
"2020-11-18 00:00:00.000000",META,269.852294921875,275.230105178215,269.72330232776335,272.3824271234665,12152900,0.0,0.0,No News,-0.011018299335591508
"2020-11-19 00:00:00.000000",META,270.8147888183594,271.34066082761194,267.09398773026356,268.9097253380734,12963700,0.0,0.0,No News,0.003566743417035001
"2020-11-20 00:00:00.000000",META,267.6000061035156,270.87429870110765,267.31225569610524,270.4377223174348,18114700,0.0,0.0,No News,-0.011870779763803685
"2020-11-23 00:00:00.000000",META,266.3399353027344,268.8403333850211,262.47030765153033,268.78080298115344,20990800,0.0,0.0,No News,-0.004708784648883024
"2020-11-24 00:00:00.000000",META,274.7638244628906,275.65681071523977,265.78427252771075,266.39944016199667,16930400,0.0,0.0,No News,0.03162833673658905
"2020-11-25 00:00:00.000000",META,273.4442138671875,277.99847184805026,270.5271026982745,275.97437737653166,12467000,0.0,0.0,No News,-0.0048027086472635094
"2020-11-27 00:00:00.000000",META,275.6468811035156,276.95661043346155,272.6801718782236,275.23016831305193,7808400,0.0,0.0,No News,0.008055270964328898
"2020-11-30 00:00:00.000000",META,274.8133850097656,275.53771179376014,268.89980079782725,273.8807018610428,16693300,0.0,0.0,No News,-0.0030237820591809683
"2020-12-01 00:00:00.000000",META,284.3188171386719,287.04740475144206,276.7879189610211,276.9863738084787,20738900,0.0,0.0,No News,0.03458867961823797
"2020-12-02 00:00:00.000000",META,285.28125,289.50808972380065,278.64333843936527,283.1380649406063,17361600,0.0,0.0,No News,0.0033850480633461633
"2020-12-03 00:00:00.000000",META,279.6554260253906,284.4180394796772,278.88150058207015,284.021160071813,12921700,0.0,0.0,No News,-0.01972027244906338
"2020-12-04 00:00:00.000000",META,277.5221252441406,281.25282737589265,277.1252156242083,278.11742911413376,10880300,0.0,0.0,No News,-0.007628318933659117
"2020-12-07 00:00:00.000000",META,283.3563537597656,286.2436990426754,276.0338426409965,277.01612444035254,13007700,0.0,0.0,No News,0.02102257076077274
"2020-12-08 00:00:00.000000",META,281.1933288574219,284.1997348614235,279.3577276370347,283.7830221052009,10747700,0.0,0.0,No News,-0.0076335853198393755
"2020-12-09 00:00:00.000000",META,275.75604248046875,285.3904289470905,269.6340706803854,281.45133938041425,25189700,0.0,0.0,No News,-0.01933647003307848
"2020-12-10 00:00:00.000000",META,274.96221923828125,276.5596988290288,269.74316617875854,273.39453512334353,20065100,0.0,0.0,No News,-0.002878715675808663
"2020-12-11 00:00:00.000000",META,271.4200439453125,274.3272530821825,268.14575086632885,272.3924242664456,14391400,0.0,0.0,No News,-0.012882407273193786
"2020-12-14 00:00:00.000000",META,272.05511474609375,275.0615214649466,269.44558750656853,271.2414921314959,16376900,0.0,0.0,No News,0.0023398080390453213
"2020-12-15 00:00:00.000000",META,273.40447998046875,273.93035204384483,265.3874064007042,272.69008488682954,23979500,0.0,0.0,No News,0.004959896584316503
"2020-12-16 00:00:00.000000",META,273.5235900878906,275.6965104405578,270.3881908632752,272.620671901185,15885000,0.0,0.0,No News,0.0004356552878373
"2020-12-17 00:00:00.000000",META,272.3427734375,278.25635744205846,271.47952225398996,274.9126027788768,16377800,0.0,0.0,No News,-0.004317055980477602
"2020-12-18 00:00:00.000000",META,274.247802734375,275.8353503752591,269.02878036440524,273.6227033905307,26693200,0.0,0.0,No News,0.006994969144324292
"2020-12-21 00:00:00.000000",META,270.6659851074219,272.5313517179054,265.70491658165054,270.85450813379794,16553700,0.0,0.0,No News,-0.013060515312213195
"2020-12-22 00:00:00.000000",META,265.01031494140625,269.3859803553586,262.5694780729273,269.3859803553586,17312900,0.0,0.0,No News,-0.020895385741843464
"2020-12-23 00:00:00.000000",META,266.0223693847656,270.05078439204584,264.157033282619,264.8118978814393,14329000,0.0,0.0,No News,0.003818924722168493
"2020-12-24 00:00:00.000000",META,265.31793212890625,268.2945731706217,264.1272938801952,266.7864192769376,6702000,0.0,0.0,No News,-0.0026480376725029897
"2020-12-28 00:00:00.000000",META,274.8431396484375,275.14079158661707,263.59144218595503,266.6474464444262,23299700,0.0,0.0,No News,0.03590110718525952
"2020-12-29 00:00:00.000000",META,274.6248474121094,278.32581461524416,274.1287406691668,274.793537027889,16383000,0.0,0.0,No News,-0.0007942429874995
"2020-12-30 00:00:00.000000",META,269.7531433105469,275.9147821269852,269.5943854793394,275.7858197765918,11803800,0.0,0.0,No News,-0.017739487695561218
"2018-01-02 00:00:00.000000",MSFT,78.87034606933594,79.20069364038586,78.45741510600642,79.03551985486091,22483800,0.0,0.0,No News,0.0
"2018-01-03 00:00:00.000000",MSFT,79.2374267578125,79.38425106217161,78.88872953641184,78.97131295688773,26061400,0.0,0.0,No News,0.004654229463553428
"2018-01-04 00:00:00.000000",MSFT,79.9348373413086,80.43953719404008,79.43931575889103,79.45766529854993,21912000,0.0,0.0,No News,0.008801529933925245
"2018-01-05 00:00:00.000000",MSFT,80.92586517333984,81.1277450761828,80.22846378196444,80.43952195338234,23407100,0.0,0.0,No News,0.01239794643979475
"2018-01-08 00:00:00.000000",MSFT,81.00843048095703,81.2837224689322,80.38444137571726,80.93501835070151,22113000,0.0,0.0,No News,0.0010202585717229429
"2018-01-09 00:00:00.000000",MSFT,80.953369140625,81.4213626865952,80.62302157887729,81.3479505615478,19484300,0.0,0.0,No News,-0.0006796988906602
"2018-01-10 00:00:00.000000",MSFT,80.58633422851562,80.92586013497365,80.21010925197795,80.62304029956249,18652200,0.0,0.0,No News,-0.004533905333474086
"2018-01-11 00:00:00.000000",MSFT,80.82491302490234,80.8707903589186,80.05409960318352,80.8707903589186,17808900,0.0,0.0,No News,0.0029605366551379575
"2018-01-12 00:00:00.000000",MSFT,82.21971130371094,82.38488511373514,81.16443457305452,81.3663144520804,24271500,0.0,0.0,No News,0.017257034082781564
"2018-01-16 00:00:00.000000",MSFT,81.0726547241211,83.3116754244563,80.76066370900698,82.67850812782851,36599700,0.0,0.0,No News,-0.013951114172035206
"2018-01-17 00:00:00.000000",MSFT,82.71524810791016,82.84371587281072,81.43974172713446,81.74256160195785,25621200,0.0,0.0,No News,0.020260757334005897
"2018-01-18 00:00:00.000000",MSFT,82.67851257324219,83.20156171567702,82.27475988497193,82.40322760409869,24159700,0.0,0.0,No News,-0.0004441204676077
"2018-01-19 00:00:00.000000",MSFT,82.58676147460938,83.14651675134795,82.2747704028359,82.71522921015922,36875000,0.0,0.0,No News,-0.00110973330043318
"2018-01-22 00:00:00.000000",MSFT,84.06415557861328,84.07333384660362,82.34818351471458,82.58676947569296,23601600,0.0,0.0,No News,0.017888994284612103
"2018-01-23 00:00:00.000000",MSFT,84.33025360107422,84.69730724153239,83.99990602475846,84.33025360107422,23412800,0.0,0.0,No News,0.0031654159924570102
"2018-01-24 00:00:00.000000",MSFT,84.25685119628906,85.7342371939278,84.03662178698536,84.92672469250311,33277500,0.0,0.0,No News,-0.0008704160328082
"2018-01-25 00:00:00.000000",MSFT,84.72486114501953,85.55990160841473,84.35780739146391,84.85332890861879,26383200,0.0,0.0,No News,0.0055545625321336
"2018-01-26 00:00:00.000000",MSFT,86.31234741210938,86.31234741210938,84.95425780207921,85.44977925470117,29172200,0.0,0.0,No News,0.018736959206963055
"2018-01-29 00:00:00.000000",MSFT,86.18386840820312,87.58784217343296,86.00034507978118,87.3033789140891,31569900,1.0,0.0,neutral,-0.0014885356239103809
"2018-01-30 00:00:00.000000",MSFT,85.10107421875,85.94529983369134,84.51379109590118,85.614952201968,38635100,0.0,0.0,No News,-0.012563768712777645
"2018-01-31 00:00:00.000000",MSFT,87.18409729003906,87.54197271331725,85.80765120021006,86.02788061431198,48756300,0.0,0.0,No News,0.024477047915220318
"2018-02-01 00:00:00.000000",MSFT,86.49585723876953,88.15676628696136,85.87186818736045,86.98220030806556,47227900,0.0,0.0,No News,-0.007894100789733849
"2018-02-02 00:00:00.000000",MSFT,84.22013092041016,86.22974406907429,83.96319548607174,85.92692430676165,47867800,0.0,0.0,No News,-0.026310234859888038
"2018-02-05 00:00:00.000000",MSFT,80.75151062011719,85.55989406495328,80.75151062011719,83.10064323421102,51031500,0.0,0.0,No News,-0.04118516870474698
"2018-02-06 00:00:00.000000",MSFT,83.80720520019531,83.9448511917385,78.22800941724392,79.73292305592652,67998600,0.0,0.0,No News,0.037840711048158004
"2018-02-07 00:00:00.000000",MSFT,82.2288818359375,84.21096036880702,81.8526499147874,83.03639427511158,41107600,0.0,0.0,No News,-0.01883278842776792
"2018-02-08 00:00:00.000000",MSFT,78.00779724121094,82.47665481232892,77.77838953834969,82.32065925461546,55628700,0.0,0.0,No News,-0.05133335758047208
"2018-02-09 00:00:00.000000",MSFT,80.91670227050781,81.60492552399899,76.92500880045279,79.19155850210542,63499100,0.0,0.0,No News,0.03728992654801089
"2018-02-12 00:00:00.000000",MSFT,81.78841400146484,82.38487529999955,80.68726006645154,81.43053862253723,35720300,0.0,0.0,No News,0.01077295177011628
"2018-02-13 00:00:00.000000",MSFT,82.43077087402344,82.58676641924995,80.56798159605506,81.60490180963755,26407700,0.0,0.0,No News,0.00785388591282743
"2018-02-14 00:00:00.000000",MSFT,83.72148895263672,83.8874386714606,81.50883541345713,81.60102813861394,34960900,0.0,0.0,No News,0.01565820706184895
"2018-02-15 00:00:00.000000",MSFT,85.42707061767578,85.48238483602577,83.54630982139555,84.09025172544453,27823900,0.0,0.0,No News,0.020372089488326584
"2018-02-16 00:00:00.000000",MSFT,84.81859588623047,86.20150777567987,84.63421044784532,85.23346663952384,30596900,0.0,0.0,No News,-0.007122739045665183
"2018-02-20 00:00:00.000000",MSFT,85.48240661621094,85.795863311864,83.90588768687769,84.33920126463128,30911700,0.0,0.0,No News,0.007826240496492831
"2018-02-21 00:00:00.000000",MSFT,84.3484115600586,86.07244440485117,84.3484115600586,85.72210922645586,26922500,0.0,0.0,No News,-0.013265829789322892
"2018-02-22 00:00:00.000000",MSFT,84.56969451904297,85.49163599319697,84.2285736414181,84.86471550941803,24392800,0.0,0.0,No News,0.0026234395513995423
"2018-02-23 00:00:00.000000",MSFT,86.71780395507812,86.72702533835772,85.1505064225637,86.29371176432545,26329200,0.0,0.0,No News,0.025400463466868306
"2018-02-26 00:00:00.000000",MSFT,87.97164154052734,87.99929865548857,86.89297185391412,87.0312644625745,30199800,0.0,0.0,No News,0.01445882538836818
"2018-02-27 00:00:00.000000",MSFT,86.84687042236328,88.35885363998281,86.84687042236328,88.26666091380682,25869100,0.0,0.0,No News,-0.012785610208784104
"2018-02-28 00:00:00.000000",MSFT,86.45040893554688,88.23897681866123,86.32133775159554,87.43688557509044,31167300,0.0,0.0,No News,-0.004565063598587882
"2018-03-01 00:00:00.000000",MSFT,85.60225677490234,87.18799709334523,84.67109400021585,86.65326939826944,37135600,0.0,0.0,No News,-0.009810851921786434
"2018-03-02 00:00:00.000000",MSFT,85.7866439819336,85.87883670860542,83.76759020870608,84.43138909490987,32830400,0.0,0.0,No News,0.0021539993684525083
"2018-03-05 00:00:00.000000",MSFT,86.33059692382812,86.91141750587053,85.05832025341641,85.1320702237793,23901600,0.0,0.0,No News,0.006340764909851027
"2018-03-06 00:00:00.000000",MSFT,86.03555297851562,87.11422250035707,85.68521785276502,86.97592991282154,22175800,0.0,0.0,No News,-0.0034176057600160403
"2018-03-07 00:00:00.000000",MSFT,86.53340148925781,86.60715847329269,85.21502529351027,85.8880454635855,26716100,0.0,0.0,No News,0.00578654397521583
"2018-03-08 00:00:00.000000",MSFT,87.05892944335938,87.676628512817,86.4504447238185,86.91141543843254,25887800,0.0,0.0,No News,0.006073122575295908
"2018-03-09 00:00:00.000000",MSFT,89.00421905517578,89.00421905517578,87.58442852761301,87.85179236402298,36937300,0.0,0.0,No News,0.022344515654560304
"2018-03-12 00:00:00.000000",MSFT,89.2162857055664,89.62194226116638,88.54327227525506,88.96736456799312,26073700,0.0,0.0,No News,0.0023826584025097297
"2018-03-13 00:00:00.000000",MSFT,87.04046630859375,89.64955438621637,86.6348099566039,89.42829048233676,35387800,0.0,0.0,No News,-0.02438814146728041
"2018-03-14 00:00:00.000000",MSFT,86.524169921875,87.9624028058289,86.20149194702559,87.6950390455673,32132000,0.0,0.0,No News,-0.0059316822233955735
"2018-03-15 00:00:00.000000",MSFT,86.82843017578125,87.19720809516372,85.58381085248749,86.22916693601647,27611000,0.0,0.0,No News,0.0035164770049915806
"2018-03-16 00:00:00.000000",MSFT,87.21566009521484,87.93477330353534,86.58873962547428,87.28941709962082,49081300,0.0,0.0,No News,0.004459713467693138
"2018-03-19 00:00:00.000000",MSFT,85.63912963867188,86.5702923520782,84.9200165262042,86.42277836292885,33344100,0.0,0.0,No News,-0.018076231433917345
"2018-03-20 00:00:00.000000",MSFT,85.86039733886719,86.45043925352891,85.740547492839,85.78664737492531,23075200,0.0,0.0,No News,0.0025837219636499764
"2018-03-21 00:00:00.000000",MSFT,85.2611312866211,86.70857879139378,85.01220320609984,85.67600204235166,24457100,0.0,0.0,No News,-0.006979539704212612
"2018-03-22 00:00:00.000000",MSFT,82.78108215332031,84.58808564566692,82.66123235707158,84.14555087654969,38604700,0.0,0.0,No News,-0.029087687389035888
"2018-03-23 00:00:00.000000",MSFT,80.37484741210938,83.39881392363783,80.28265468360752,82.51375106908226,44068900,0.0,0.0,No News,-0.02906744727925048
"2018-03-26 00:00:00.000000",MSFT,86.45964813232422,86.66247633000248,83.34348928158158,83.53709609740535,56396800,0.0,0.0,No News,0.07570528487619987
"2018-03-27 00:00:00.000000",MSFT,82.4861068725586,87.713513473092,81.60104387938803,87.52912798721057,56569000,0.0,0.0,No News,-0.04595833253547621
"2018-03-28 00:00:00.000000",MSFT,82.4123306274414,84.10870624376419,81.93292425574262,82.8087656600179,52501100,0.0,0.0,No News,-0.0008944081362837
"2018-03-29 00:00:00.000000",MSFT,84.14557647705078,85.0859605098336,81.49960953824944,83.1406638706839,45867500,0.0,0.0,No News,0.02103138979826702
"2018-04-02 00:00:00.000000",MSFT,81.61022186279297,83.78600338912682,80.67906643002173,83.40801120135436,48515400,0.0,0.0,No News,-0.03013057513426487
"2018-04-03 00:00:00.000000",MSFT,82.70738983154297,83.02085367006164,81.0294562033041,82.5875399416177,37213800,0.0,0.0,No News,0.013444001789317594
"2018-04-04 00:00:00.000000",MSFT,85.12283325195312,85.51926825195174,80.88190511043382,80.99253355350578,35560000,0.0,0.0,No News,0.029204686852406958
"2018-04-05 00:00:00.000000",MSFT,85.1689224243164,85.80506407999873,84.26542402015458,85.22424367732327,29771900,0.0,0.0,No News,0.0005414431193433
"2018-04-06 00:00:00.000000",MSFT,83.186767578125,85.24269276249161,82.495311594944,84.34840856549421,38026000,0.0,0.0,No News,-0.02327321738692667
"2018-04-09 00:00:00.000000",MSFT,83.68464660644531,85.897308135319,83.5463609758996,83.93357480914179,31533900,0.0,0.0,No News,0.0059850748239824725
"2018-04-10 00:00:00.000000",MSFT,85.62991333007812,85.9986912909501,84.48670798184412,85.17816402078361,26812000,0.0,0.0,No News,0.02324520449708145
"2018-04-11 00:00:00.000000",MSFT,84.68954467773438,86.00792127178711,84.33920944850587,84.82783730611716,24872100,0.0,0.0,No News,-0.010981777462729658
"2018-04-12 00:00:00.000000",MSFT,86.27527618408203,86.81000387357125,85.2150421883995,85.2150421883995,26758900,0.0,0.0,No News,0.018724052802288282
"2018-04-13 00:00:00.000000",MSFT,85.81429290771484,86.82842687203943,85.22425107269495,86.70857704218815,23346100,0.0,0.0,No News,-0.005343167785213487
"2018-04-16 00:00:00.000000",MSFT,86.81920623779297,87.2709625168187,86.12775029700038,86.72701351912467,20288100,0.0,0.0,No News,0.011710325821350231
"2018-04-17 00:00:00.000000",MSFT,88.5708999633789,89.00421349761227,87.47378757107349,87.58442305870345,26771000,0.0,0.0,No News,0.020176338871241706
"2018-04-18 00:00:00.000000",MSFT,88.91204071044922,89.17018320561189,88.06384918281482,88.70921245457698,21043300,0.0,0.0,No News,0.003851612066845478
"2018-04-19 00:00:00.000000",MSFT,88.60778045654297,89.49284327597108,87.89788170415996,88.91202277899284,23552500,0.0,0.0,No News,-0.0034220365596725477
"2018-04-20 00:00:00.000000",MSFT,87.58441162109375,88.60776688800635,86.708570318424,88.42338146655575,31154400,0.0,0.0,No News,-0.011549424104479455
"2018-04-23 00:00:00.000000",MSFT,87.90709686279297,88.77372388943512,87.24329803675673,88.26665338792034,22331800,0.0,0.0,No News,0.003684277095965527
"2018-04-24 00:00:00.000000",MSFT,85.85116577148438,88.93966733777698,85.19658837349454,88.72761777010416,34524800,0.0,0.0,No News,-0.023387543949011658
"2018-04-25 00:00:00.000000",MSFT,85.1043930053711,86.01711989082281,83.23285342696254,86.01711989082281,33729300,0.0,0.0,No News,-0.008698458074535842
"2018-04-26 00:00:00.000000",MSFT,86.9021987915039,87.72272607912018,85.83274338561702,86.24762123811647,42529000,0.0,0.0,No News,0.021124711929022766
"2018-04-27 00:00:00.000000",MSFT,88.34040832519531,90.25804777059024,86.5795042345366,89.98146258821185,48272800,0.0,0.0,No News,0.016549748495339633
"2018-04-30 00:00:00.000000",MSFT,86.21992492675781,88.87511968400868,85.87881123586529,88.81058409109507,41523600,0.0,0.0,No News,-0.024003549888875986
"2018-05-01 00:00:00.000000",MSFT,87.58441162109375,87.85177540589419,85.54692246849697,85.934136073855,31408900,0.0,0.0,No News,0.01582565393666302
"2018-05-02 00:00:00.000000",MSFT,86.21073150634766,87.74115038142683,85.91571057658216,87.57520066881789,27471000,0.0,0.0,No News,-0.015684070821744944
"2018-05-03 00:00:00.000000",MSFT,86.72702026367188,87.51989036681522,85.23347278322308,85.70366482900671,31142500,0.0,0.0,No News,0.005988683175553344
"2018-05-04 00:00:00.000000",MSFT,87.73194885253906,87.92555570656413,85.666795008562,86.03557298311897,22531300,0.0,0.0,No News,0.01158726064624327
"2018-05-07 00:00:00.000000",MSFT,88.70919036865234,89.16093962271505,87.67661361122677,87.74114921895001,24242000,0.0,0.0,No News,0.011138946859095
"2018-05-08 00:00:00.000000",MSFT,88.33118438720703,88.65386943526143,87.63972848512446,88.36806287938047,23484600,0.0,0.0,No News,-0.0042611817318410905
"2018-05-09 00:00:00.000000",MSFT,89.37300109863281,89.40065821507118,87.63053242446951,88.51559531977034,27327400,0.0,0.0,No News,0.011794438381567351
"2018-05-10 00:00:00.000000",MSFT,90.26727294921875,90.30414441015695,89.47440289582765,89.85239515820042,22388100,0.0,0.0,No News,0.01000606267656834
"2018-05-11 00:00:00.000000",MSFT,90.07366943359375,90.2304048129159,89.46519178430852,90.16586919808483,16778300,0.0,0.0,No News,-0.002144780819222425
"2018-05-14 00:00:00.000000",MSFT,90.37792205810547,90.98640681047684,89.71412306782955,90.27650793271025,19454100,0.0,0.0,No News,0.003377819804887938
"2018-05-15 00:00:00.000000",MSFT,89.72333526611328,90.21196307452472,88.81982961432745,89.64957826722167,24594000,0.0,0.0,No News,-0.007242773202634001
"2018-05-16 00:00:00.000000",MSFT,89.95481872558594,90.18630307276226,89.4640730398668,90.14926472949304,17384700,0.0,0.0,No News,0.0025799694002244244
"2018-05-17 00:00:00.000000",MSFT,89.05667877197266,90.31595447483672,88.73260202439954,89.59372427614711,17246700,0.0,0.0,No News,-0.009984345100545688
"2018-05-18 00:00:00.000000",MSFT,89.22332000732422,89.75110399293281,88.89924336078228,88.89924336078228,17865800,0.0,0.0,No News,0.001871181787255427
"2018-05-21 00:00:00.000000",MSFT,90.37149047851562,90.75112821033689,89.63074478358482,89.81592944123204,19422500,0.0,0.0,No News,0.01286850199137568
"2018-05-22 00:00:00.000000",MSFT,90.2789077758789,90.8992842159222,90.00112369544684,90.44557681126962,15441200,0.0,0.0,No News,-0.0010244680279863916
"2018-05-23 00:00:00.000000",MSFT,91.35298156738281,91.41779689875965,89.18628451329481,89.54739951158592,21251200,0.0,0.0,No News,0.011897283850291318
"2018-05-24 00:00:00.000000",MSFT,91.0289077758789,91.61225288624485,89.64000161114794,91.41780687090355,26649300,0.0,0.0,No News,-0.003547490032001499
"2018-05-25 00:00:00.000000",MSFT,91.0751953125,91.6492789937612,90.61222665274322,91.01964133391834,18363900,0.0,0.0,No News,0.0005084927167869
"2018-05-29 00:00:00.000000",MSFT,90.75110626220703,91.5566670989239,90.0288763819753,90.59369157050153,28671000,0.0,0.0,No News,-0.0035584776862782608
"2018-05-30 00:00:00.000000",MSFT,91.62150573730469,91.89928979163079,90.65853702814933,91.02890634812819,22158500,0.0,0.0,No News,0.00959106187182801
"2018-05-31 00:00:00.000000",MSFT,91.51963806152344,92.58446735450359,91.30667644153193,91.93631407930222,34140900,0.0,0.0,No News,-0.001111831495907989
"2018-06-01 00:00:00.000000",MSFT,93.32521057128906,93.390025892254,91.82518977480603,91.9270434312281,28655600,0.0,0.0,No News,0.019728798627370425
"2018-06-04 00:00:00.000000",MSFT,94.14006805419922,94.31599844749701,93.38079955350642,93.76043733602422,27281600,0.0,0.0,No News,0.008731375776406258
"2018-06-05 00:00:00.000000",MSFT,94.62152862548828,94.75115927367978,94.01040665743649,94.44559828965389,23514400,0.0,0.0,No News,0.005114300225615542
"2018-06-06 00:00:00.000000",MSFT,94.89929962158203,95.0011532765522,94.35300007614208,94.89004533610479,21122900,0.0,0.0,No News,0.0029356003874463354
"2018-06-07 00:00:00.000000",MSFT,93.40853881835938,95.08448989356529,92.94557023508459,95.0474515591825,28232200,0.0,0.0,No News,-0.015708870446538348
"2018-06-08 00:00:00.000000",MSFT,94.10301208496094,94.39931175988997,93.09374374560126,93.60300505895414,22165100,0.0,0.0,No News,0.0074347942424408675
"2018-06-11 00:00:00.000000",MSFT,93.56597137451172,94.06597132331778,93.21411066284803,93.52893303305547,23490900,0.0,0.0,No News,-0.005706944959045002
"2018-06-12 00:00:00.000000",MSFT,93.80673217773438,93.9363628713113,93.28820940342668,93.612286137369,18325200,0.0,0.0,No News,0.002573166287762607
"2018-06-13 00:00:00.000000",MSFT,93.3807601928711,94.45485067807903,93.11223757156911,94.18632805677704,29492900,0.0,0.0,No News,-0.004540953244765
"2018-06-14 00:00:00.000000",MSFT,93.9085693359375,94.473391714624,93.51967732369681,94.1215380460741,25691800,0.0,0.0,No News,0.005652225811572542
"2018-06-15 00:00:00.000000",MSFT,92.71408081054688,94.01039418481689,92.6585268442183,93.99187855082056,65738600,0.0,0.0,No News,-0.012719696762897081
"2018-06-18 00:00:00.000000",MSFT,93.39002227783203,93.62150656722497,92.05667051033998,92.60297710676404,23586000,0.0,0.0,No News,0.007290602046374994
"2018-06-19 00:00:00.000000",MSFT,93.39002227783203,93.51965291474488,92.1307471783873,92.26963916489103,28653100,0.0,0.0,No News,0.0
"2018-06-20 00:00:00.000000",MSFT,94.32523345947266,94.92708704129342,93.63078049798024,93.86226481847771,26180800,0.0,0.0,No News,0.010014037461715253
"2018-06-21 00:00:00.000000",MSFT,93.64929962158203,94.87153659673513,93.40855394128701,94.51968295964326,23198200,0.0,0.0,No News,-0.007165991676883032
"2018-06-22 00:00:00.000000",MSFT,92.97335052490234,93.30668139218974,92.25111363015057,92.97335052490234,38923100,0.0,0.0,No News,-0.00721787668899887
"2018-06-25 00:00:00.000000",MSFT,91.10297393798828,92.6955872864493,90.09370563247593,92.59373361432624,35433300,0.0,0.0,No News,-0.02011734089773487
"2018-06-26 00:00:00.000000",MSFT,91.74188232421875,92.66781975486849,91.43632127666227,91.50113661423407,26897200,0.0,0.0,No News,0.007013035454422889
"2018-06-27 00:00:00.000000",MSFT,90.31592559814453,92.61224615904047,90.18629494056206,92.20483854849887,31298400,0.0,0.0,No News,-0.015543137877145785
"2018-06-28 00:00:00.000000",MSFT,91.32520294189453,91.7696560008571,90.05667322892003,90.16778119540439,26650700,0.0,0.0,No News,0.011174965401348214
"2018-06-29 00:00:00.000000",MSFT,91.30668640136719,92.51040783157687,91.04742506300612,91.6029860829715,28053200,0.0,0.0,No News,-0.0002027538941154
"2018-07-02 00:00:00.000000",MSFT,92.6030044555664,92.64929708851285,90.74186824117552,90.83446057141037,19564500,0.0,0.0,No News,0.014197405527354823
"2018-07-03 00:00:00.000000",MSFT,91.71410369873047,93.17707944421058,91.61225001802502,93.03819448355938,14670300,0.0,0.0,No News,-0.009599048778837993
"2018-07-05 00:00:00.000000",MSFT,92.37152099609375,92.5196673130418,91.69558355655634,92.1307752836684,18977400,0.0,0.0,No News,0.007168115598913838
"2018-07-06 00:00:00.000000",MSFT,93.66783142089844,93.9178314123123,92.28817959905712,92.49188695875674,19234600,0.0,0.0,No News,0.014033658976553065
"2018-07-09 00:00:00.000000",MSFT,94.30670928955078,94.67708560944855,93.75114834187448,94.12152466177226,18212000,0.0,0.0,No News,0.006820675347777971
"2018-07-10 00:00:00.000000",MSFT,94.55671691894531,94.91783189048583,94.31597124980472,94.44560190295563,19293100,0.0,0.0,No News,0.002651005758529168
"2018-07-11 00:00:00.000000",MSFT,94.4271011352539,94.76043210703112,93.61227168503302,93.65857138173808,19644600,0.0,0.0,No News,-0.0013707728854684964
"2018-07-12 00:00:00.000000",MSFT,96.47340393066406,96.67711125509827,95.12153639909411,95.158567672318,24335900,0.0,0.0,No News,0.021670714983393458
"2018-07-13 00:00:00.000000",MSFT,97.62155151367188,97.77895912970989,96.38079209090604,96.64006042032939,24635200,0.0,0.0,No News,0.011901182463023519
"2018-07-16 00:00:00.000000",MSFT,97.14010620117188,97.98270564998394,96.77898407814673,97.59381359668606,21786900,0.0,0.0,No News,-0.004931752313243831
"2018-07-17 00:00:00.000000",MSFT,98.10306549072266,98.61233389054198,96.59379005978633,96.86231275565999,25901700,0.0,0.0,No News,0.009913096940171506
"2018-07-18 00:00:00.000000",MSFT,97.33451843261719,98.1956402884137,96.96414214954578,98.09378663396056,29493900,0.0,0.0,No News,-0.00783407790838242
"2018-07-19 00:00:00.000000",MSFT,96.6678466796875,97.510445872062,96.1956167219205,97.15859227344873,40171600,0.0,0.0,No News,-0.006849283929947325
"2018-07-20 00:00:00.000000",MSFT,98.39934539794922,100.18640451760838,98.22342212965599,100.07529657223166,56004000,0.0,0.0,No News,0.017911837055801128
"2018-07-23 00:00:00.000000",MSFT,99.97345733642578,100.13086499131303,98.26972892999353,98.42714364922217,29707000,0.0,0.0,No News,0.015997178966084658
"2018-07-24 00:00:00.000000",MSFT,99.68641662597656,100.76050025841461,99.31604028004091,100.52901592524748,26316600,0.0,0.0,No News,-0.0028711691892707725
"2018-07-25 00:00:00.000000",MSFT,102.62166595458984,102.91796570416379,99.63088439678819,99.96422249810178,30702100,0.0,0.0,No News,0.029444827369272675
"2018-07-26 00:00:00.000000",MSFT,101.50126647949219,102.77905762572998,101.39015144159849,102.53831190913138,31372100,0.0,0.0,No News,-0.010917767361070085
"2018-07-27 00:00:00.000000",MSFT,99.7049331665039,102.01977651912117,98.27898881357073,102.01977651912117,37005300,0.0,0.0,No News,-0.017697644327927864
"2018-07-30 00:00:00.000000",MSFT,97.5660171508789,99.56603807220817,97.00119482516688,99.25122277687548,34668300,0.0,0.0,No News,-0.02145245924846151
"2018-07-31 00:00:00.000000",MSFT,98.22344970703125,98.81604912988742,97.57528923154695,98.603080400888,27655200,0.0,0.0,No News,0.006738335491707881
"2018-08-01 00:00:00.000000",MSFT,98.40862274169922,98.5660303994586,97.61231603682744,98.17713839875606,23628700,0.0,0.0,No News,0.0018852222684122566
"2018-08-02 00:00:00.000000",MSFT,99.60307312011719,100.08455739834064,97.0752612325068,97.59379091406379,26104300,0.0,0.0,No News,0.012137659740987683
"2018-08-03 00:00:00.000000",MSFT,100.03825378417969,100.04751513399576,98.90860929418072,99.81603083897433,18659600,0.0,0.0,No News,0.004369148967298342
"2018-08-06 00:00:00.000000",MSFT,100.12159729003906,100.39011995364483,99.59381331380456,100.112343003403,20265900,0.0,0.0,No News,0.0008331163600594
"2018-08-07 00:00:00.000000",MSFT,100.81605529785156,101.01976264347519,100.15864063246525,100.51975563085574,16080200,0.0,0.0,No News,0.006936145912662006
"2018-08-08 00:00:00.000000",MSFT,101.3808822631836,101.62162796119844,100.70495192844793,101.23273595510327,15487500,0.0,0.0,No News,0.005602549749276653
"2018-08-09 00:00:00.000000",MSFT,101.54755401611328,102.00126843314662,101.48273868001449,101.58459236021856,13677200,0.0,0.0,No News,0.0016440156093435743
"2018-08-10 00:00:00.000000",MSFT,100.92715454101562,101.56605346796503,100.35307093532627,101.31604646857605,18183700,0.0,0.0,No News,-0.006109447747005392
"2018-08-13 00:00:00.000000",MSFT,100.1956787109375,101.46421540986564,100.09382503839298,101.14939304081679,18472500,0.0,0.0,No News,-0.007247562198742674
"2018-08-14 00:00:00.000000",MSFT,101.44568634033203,101.62161668447509,100.03826478021008,100.51974905846893,16788300,0.0,0.0,No News,0.012475664075301873
"2018-08-15 00:00:00.000000",MSFT,100.07002258300781,101.30625280099213,99.28923851170255,100.84150257259219,29982800,0.0,0.0,No News,-0.013560593919283215
"2018-08-16 00:00:00.000000",MSFT,100.05143737792969,101.18542916932982,99.73541059883199,100.66491113715651,21384300,1.0,-0.915,negative,-0.0001857220034372
"2018-08-17 00:00:00.000000",MSFT,99.99567413330078,100.29311403534363,99.16841918413391,99.79118287098508,18061500,0.0,0.0,No News,-0.000557345762243
"2018-08-20 00:00:00.000000",MSFT,99.33572387695312,100.2931082851528,98.97321923873241,99.93060364693207,17914200,0.0,0.0,No News,-0.006599788061510514
"2018-08-21 00:00:00.000000",MSFT,98.50846862792969,99.78187980689859,98.38762902126463,99.38219429802247,22881900,0.0,0.0,No News,-0.008327872559202976
"2018-08-22 00:00:00.000000",MSFT,99.51236724853516,99.772626374165,98.32260719335343,98.38767197476089,18000600,0.0,0.0,No News,0.010190987989035172
"2018-08-23 00:00:00.000000",MSFT,99.97708892822266,100.55338189157092,99.33573829372745,99.59599734442432,18167700,0.0,0.0,No News,0.00466998919367323
"2018-08-24 00:00:00.000000",MSFT,100.75785827636719,100.90657467269689,99.97707414817603,100.07931977319542,17234000,0.0,0.0,No News,0.0078094827176362624
"2018-08-27 00:00:00.000000",MSFT,101.87328338623047,101.9104642681644,100.86013094676119,101.5665464289216,19662300,0.0,0.0,No News,0.01107035350834673
"2018-08-28 00:00:00.000000",MSFT,102.48674011230469,102.70981827496666,102.04987368726007,102.1893001982464,19151500,0.0,0.0,No News,0.006021762582721912
"2018-08-29 00:00:00.000000",MSFT,104.12265014648438,104.13194713775961,102.4960241581178,102.66333454343943,20818000,0.0,0.0,No News,0.015962162835768456
"2018-08-30 00:00:00.000000",MSFT,104.0575942993164,104.671068128526,103.58355407659315,103.79733525354038,22798700,0.0,0.0,No News,-0.0006248001474842
"2018-08-31 00:00:00.000000",MSFT,104.41081237792969,104.8290848444807,103.65791200999955,103.81593251408819,23222700,0.0,0.0,No News,0.0033944478631446895
"2018-09-04 00:00:00.000000",MSFT,103.83451080322266,104.0668859523906,102.44955689980918,103.03513972276278,22634600,0.0,0.0,No News,-0.005519558382718337
"2018-09-05 00:00:00.000000",MSFT,100.84154510498047,103.56498287574165,100.47904034125531,103.18389121531233,32872400,0.0,0.0,No News,-0.0288243829059317
"2018-09-06 00:00:00.000000",MSFT,101.07389068603516,101.30626583012119,99.93060894838676,100.61843738925398,23477600,1.0,-0.9238,negative,0.002304066055441867
"2018-09-07 00:00:00.000000",MSFT,100.58126068115234,101.05530798034968,99.6703540498615,100.59985466470427,22498600,1.0,-0.9262,negative,-0.004873959056479471
"2018-09-10 00:00:00.000000",MSFT,101.66876220703125,101.91043432282488,100.72067481665012,101.16683108570264,20727900,1.0,-0.9323,negative,0.010812168375243791
"2018-09-11 00:00:00.000000",MSFT,103.39762878417969,103.72295252561413,101.21330412994755,101.22260112013873,24301800,0.0,0.0,No News,0.01700489451841558
"2018-09-12 00:00:00.000000",MSFT,103.83451080322266,103.96464031943457,102.71911292382721,103.57425177079884,18891100,1.0,-0.9238,negative,0.004225261489843923
"2018-09-13 00:00:00.000000",MSFT,104.94990539550781,105.7120955257436,104.21559914577043,104.21559914577043,26055600,1.0,-0.9209,negative,0.010742041192826068
"2018-09-14 00:00:00.000000",MSFT,105.3774642944336,105.71208501018056,104.51302862734151,105.36816730468358,19122300,0.0,0.0,No News,0.004073933152340725
"2018-09-17 00:00:00.000000",MSFT,104.23418426513672,105.68420275863276,103.97392526287086,105.6749128596418,20736500,0.0,0.0,No News,-0.010849378820716904
"2018-09-18 00:00:00.000000",MSFT,105.228759765625,105.68421306400194,103.84380588764724,104.28067229470389,22170900,0.0,0.0,No News,0.009541740145041278
"2018-09-19 00:00:00.000000",MSFT,103.8252182006836,105.33101178389668,103.21175146854074,105.08004973245804,21728400,0.0,0.0,No News,-0.01333800348942149
"2018-09-20 00:00:00.000000",MSFT,105.56338500976562,105.7771732723945,104.03900456202024,104.36432836034513,23714500,0.0,0.0,No News,0.016741277689610312
"2018-09-21 00:00:00.000000",MSFT,106.20474243164062,107.1621269320339,105.50761696923462,105.96307028571233,71229700,0.0,0.0,No News,0.006075567033168472
"2018-09-24 00:00:00.000000",MSFT,106.58583068847656,106.79961894391707,104.30855708524608,105.06145029198666,27334500,0.0,0.0,No News,0.0035882414298140652
"2018-09-25 00:00:00.000000",MSFT,106.38135528564453,106.9855321760293,105.73070761386263,106.70668621306324,22668000,0.0,0.0,No News,-0.0019184107447608456
"2018-09-26 00:00:00.000000",MSFT,105.94448852539062,106.94834385031953,105.72140326071552,106.39994186392958,19352000,0.0,0.0,No News,-0.004106610214551942
"2018-09-27 00:00:00.000000",MSFT,106.34416961669922,106.80891992791662,106.14896824544418,106.68808030842284,19091300,0.0,0.0,No News,0.00377255199276183
"2018-09-28 00:00:00.000000",MSFT,106.30699920654297,106.49289651272038,105.66564144463385,106.13968879437223,21647800,0.0,0.0,No News,-0.0003495293657398
"2018-10-01 00:00:00.000000",MSFT,107.45954895019531,107.52461369885675,106.64159109680492,106.66017798576858,18883100,0.0,0.0,No News,0.010841710821063222
"2018-10-02 00:00:00.000000",MSFT,107.03199768066406,107.67334828544291,106.37205309225281,107.17142419179928,20787200,0.0,0.0,No News,-0.003978718259178726
"2018-10-03 00:00:00.000000",MSFT,107.05056762695312,107.98936508902568,106.82748949936563,107.28294274488513,16648000,0.0,0.0,No News,0.0001734990161024
"2018-10-04 00:00:00.000000",MSFT,104.83836364746094,106.66948079158345,103.76013964911476,106.5300542964144,34821700,0.0,0.0,No News,-0.02066503736067249
"2018-10-05 00:00:00.000000",MSFT,104.22489929199219,105.19158076295881,102.83994538937422,104.68964959006114,29068900,0.0,0.0,No News,-0.005851525473362429
"2018-10-08 00:00:00.000000",MSFT,103.0351333618164,104.13194428183779,101.63158556186352,103.78803362087793,29640600,1.0,0.0,neutral,-0.011415371358072357
"2018-10-09 00:00:00.000000",MSFT,104.3457260131836,105.10791612416531,102.98865616151008,103.30468292121002,26198600,0.0,0.0,No News,0.012719861746234962
"2018-10-10 00:00:00.000000",MSFT,98.67578125,103.63931075580736,98.33186349543931,103.39763862850724,61376300,0.0,0.0,No News,-0.05433806423913545
"2018-10-11 00:00:00.000000",MSFT,98.44340515136719,101.25049364923605,96.85395299459222,97.92288002907678,63904300,0.0,0.0,No News,-0.0023549456177507366
"2018-10-12 00:00:00.000000",MSFT,101.84539031982422,103.39765477016044,99.56811646593107,101.32487220271207,47742100,0.0,0.0,No News,0.03455777624947154
"2018-10-15 00:00:00.000000",MSFT,100.01425170898438,101.76171717580732,99.41007496974295,101.23190217803199,32068100,0.0,0.0,No News,-0.017979592449786197
"2018-10-16 00:00:00.000000",MSFT,103.17456817626953,103.55566683202471,101.26908908054749,101.81749813051985,31610200,0.0,0.0,No News,0.03159866132359679
"2018-10-17 00:00:00.000000",MSFT,102.90501403808594,103.92746331418913,101.82679699339457,103.80663078507239,26548200,0.0,0.0,No News,-0.0026126025332431357
"2018-10-18 00:00:00.000000",MSFT,100.8508071899414,102.73769212530257,100.22804353875323,102.33800661499014,32506200,0.0,0.0,No News,-0.0199621647919338
"2018-10-19 00:00:00.000000",MSFT,100.9995346069336,103.04443300947817,100.58125509855412,101.25049663874006,32785500,0.0,0.0,No News,0.001474727085843508
"2018-10-22 00:00:00.000000",MSFT,101.90115356445312,102.74700255870667,100.60914823007694,101.61301063264362,26545600,0.0,0.0,No News,0.00892696150559913
"2018-10-23 00:00:00.000000",MSFT,100.47901916503906,101.28768728605093,97.6998141983614,100.1722822476007,43770400,0.0,0.0,No News,-0.013956018648155433
"2018-10-24 00:00:00.000000",MSFT,95.10652160644531,100.84153984253517,94.42798290192951,100.76718516807003,63897800,0.0,0.0,No News,-0.05346884954927056
"2018-10-25 00:00:00.000000",MSFT,100.66492462158203,101.56653430764854,98.6664967781825,99.03829846162175,61646800,0.0,0.0,No News,0.05844397336007745
"2018-10-26 00:00:00.000000",MSFT,99.41938018798828,101.08318706047258,97.37448176912268,98.23891758350779,55523100,0.0,0.0,No News,-0.012373172068384064
"2018-10-29 00:00:00.000000",MSFT,96.52863311767578,101.03670947981831,94.4651407103317,100.48830754551103,55162000,0.0,0.0,No News,-0.029076293423339616
"2018-10-30 00:00:00.000000",MSFT,96.41710662841797,97.02127638448658,93.05231168465076,96.35204186584778,65350900,0.0,0.0,No News,-0.0011553720969181835
"2018-10-31 00:00:00.000000",MSFT,99.27996826171875,100.51620590419881,97.96007895952818,98.00655683149687,51062400,0.0,0.0,No News,0.029692465719117322
"2018-11-01 00:00:00.000000",MSFT,98.45270538330078,99.75400768830724,98.09020070361338,99.50304563757251,33384200,0.0,0.0,No News,-0.00833262633844889
"2018-11-02 00:00:00.000000",MSFT,98.67578125,99.75399819448464,97.5789703233627,98.97322114070539,37680200,0.0,0.0,No News,0.0022658175398098113
"2018-11-05 00:00:00.000000",MSFT,99.93060302734375,100.14438417598113,98.43410662077727,98.87097300041826,27922100,0.0,0.0,No News,0.012716613554491163
"2018-11-06 00:00:00.000000",MSFT,100.12580871582031,101.16684487990658,98.78732554310712,99.80977481491769,24340200,0.0,0.0,No News,0.0019534124938997977
"2018-11-07 00:00:00.000000",MSFT,104.06689453125,104.32715358512853,101.6873750769007,101.72455595481581,37901700,0.0,0.0,No News,0.0393613381602278
"2018-11-08 00:00:00.000000",MSFT,103.87171173095703,104.299281236987,103.09093448295314,103.91818960637409,25644100,0.0,0.0,No News,-0.001875551309300949
"2018-11-09 00:00:00.000000",MSFT,101.84539031982422,103.59284906407751,101.09249703021165,103.035150068382,32039200,0.0,0.0,No News,-0.019507923546896788
"2018-11-12 00:00:00.000000",MSFT,99.33572387695312,102.20787710155213,98.62000449988312,101.70594596597122,33621800,0.0,0.0,No News,-0.02464192473503224
"2018-11-13 00:00:00.000000",MSFT,99.40078735351562,101.0738840257704,99.12193436237675,99.96778323504547,35374600,0.0,0.0,No News,0.0006549856791007
"2018-11-14 00:00:00.000000",MSFT,97.9911880493164,101.0624569322997,97.52442999030065,100.91309093477652,39495100,0.0,0.0,No News,-0.014180967190793203
"2018-11-15 00:00:00.000000",MSFT,100.14759826660156,100.63303058919574,97.00165381286585,98.00984570948054,38505200,0.0,0.0,No News,0.022006164637986547
"2018-11-16 00:00:00.000000",MSFT,101.0904541015625,101.64122515347289,99.6995171786206,99.96090053357212,33502100,0.0,0.0,No News,0.009414662470995872
"2018-11-19 00:00:00.000000",MSFT,97.66445922851562,101.34250790540551,96.66559726305752,101.07178737541892,44773900,0.0,0.0,No News,-0.033890389587179826
"2018-11-20 00:00:00.000000",MSFT,94.94791412353516,96.12414631017516,92.74481573301163,95.0319342693762,64052500,0.0,0.0,No News,-0.027815083669529006
"2018-11-21 00:00:00.000000",MSFT,96.25483703613281,97.48707789309091,95.44267553775693,96.71225789003643,28130600,0.0,0.0,No News,0.013764630057035765
"2018-11-23 00:00:00.000000",MSFT,96.21749114990234,96.90829097641837,95.21862934266478,95.37732534891708,13823100,0.0,0.0,No News,-0.0003879897091972
"2018-11-26 00:00:00.000000",MSFT,99.3914566040039,99.5408154709154,97.6271118105025,97.82314932954017,32336200,0.0,0.0,No News,0.03298740609601514
"2018-11-27 00:00:00.000000",MSFT,100.01691436767578,100.19428470573847,98.35525684949678,99.20475279683164,29124500,0.0,0.0,No News,0.006292872496715951
"2018-11-28 00:00:00.000000",MSFT,103.73231506347656,103.92835259637006,100.68905048154271,100.7170548259328,46788500,0.0,0.0,No News,0.03714772365544561
"2018-11-29 00:00:00.000000",MSFT,102.8641357421875,103.73230595284474,101.78125370645922,102.99482741930474,28123200,0.0,0.0,No News,-0.008369420086284607
"2018-11-30 00:00:00.000000",MSFT,103.51760864257812,103.59229164630607,102.08933002655658,103.34023828926507,33665600,0.0,0.0,No News,0.006352776851481501
"2018-12-03 00:00:00.000000",MSFT,104.63780212402344,105.87938007896396,103.3682269515659,105.48730507913906,34732800,0.0,0.0,No News,0.010821284379868956
"2018-12-04 00:00:00.000000",MSFT,101.3051528930664,105.15124136591389,101.0157652129957,104.49778301666979,45197000,0.0,0.0,No News,-0.03184938103924395
"2018-12-06 00:00:00.000000",MSFT,101.93061828613281,101.97728981465211,98.01918381481177,98.78466667971715,49107400,0.0,0.0,No News,0.006174072840368083
"2018-12-07 00:00:00.000000",MSFT,97.85115814208984,102.17333515755126,97.3657328997488,101.17447320701643,45044900,0.0,0.0,No News,-0.04002193072734417
"2018-12-10 00:00:00.000000",MSFT,100.43699645996094,100.80107430106393,96.98298964667515,97.83249273897745,40801500,0.0,0.0,No News,0.02642624131352833
"2018-12-11 00:00:00.000000",MSFT,101.37052154541016,103.57362036470118,100.29698360460462,102.50008242389565,42381900,0.0,0.0,No News,0.00929463363454297
"2018-12-12 00:00:00.000000",MSFT,101.82793426513672,103.87232960814295,101.79059276780917,103.51759606677477,36183000,0.0,0.0,No News,0.0045122853542947094
"2018-12-13 00:00:00.000000",MSFT,102.17335510253906,103.49895364732524,101.40787202954394,102.29471677843704,31333400,0.0,0.0,No News,0.0033922011665574736
"2018-12-14 00:00:00.000000",MSFT,98.9806900024414,101.99594950126463,98.48592771366263,101.05309644553535,47043100,0.0,0.0,No News,-0.03124753118749568
"2018-12-17 00:00:00.000000",MSFT,96.0494613647461,98.76599636302664,94.94791219189449,98.40192569016705,56957300,0.0,0.0,No News,-0.029614146331198632
"2018-12-18 00:00:00.000000",MSFT,97.05767822265625,97.56177781372902,95.70407549047104,96.85230352383068,49319200,0.0,0.0,No News,0.01049685072237394
"2018-12-19 00:00:00.000000",MSFT,96.7962875366211,99.77419907865527,94.61185613994752,96.75894603763425,68198200,0.0,0.0,No News,-0.0026931479386463897
"2018-12-20 00:00:00.000000",MSFT,94.76123046875,97.37507152821453,92.21272813555468,96.198846256429,70334200,0.0,0.0,No News,-0.021024123131800576
"2018-12-21 00:00:00.000000",MSFT,91.69927978515625,96.15214797001647,90.98046847696975,94.87322848643701,111242100,0.0,0.0,No News,-0.03231227231271028
"2018-12-24 00:00:00.000000",MSFT,87.87189483642578,91.45660146162955,87.73187307627958,91.1858808550722,43935200,0.0,0.0,No News,-0.04173844066930199
"2018-12-26 00:00:00.000000",MSFT,93.8743896484375,93.99575131631372,87.71318396545477,88.81473339984893,51634800,0.0,0.0,No News,0.06830960938290231
"2018-12-27 00:00:00.000000",MSFT,94.45317077636719,94.4625079327089,89.99096441493215,92.69816285878859,49498500,0.0,0.0,No News,0.006165484857981296
"2018-12-28 00:00:00.000000",MSFT,93.7156982421875,95.60140510538923,92.90353651926429,95.30267306022432,38196300,0.0,0.0,No News,-0.0078078113007531424
"2018-12-31 00:00:00.000000",MSFT,94.81724548339844,95.59206568230795,93.7623746820317,94.55586207223952,33173800,0.0,0.0,No News,0.011754137907229012
"2019-01-02 00:00:00.000000",MSFT,94.39717102050781,94.98528372677805,92.36210519729813,92.93155071128095,35329300,0.0,0.0,No News,-0.00443035927429658
"2019-01-03 00:00:00.000000",MSFT,90.92449188232422,93.52900329527468,90.7377843431983,93.44498312212691,42579100,0.0,0.0,No News,-0.03678795773900001
"2019-01-04 00:00:00.000000",MSFT,95.1532974243164,95.69473847770364,92.35274909292929,93.09022767485408,44060600,0.0,0.0,No News,0.046508981842484864
"2019-01-07 00:00:00.000000",MSFT,95.27465057373047,96.404204196358,94.2664586018881,94.8825755223383,35656100,0.0,0.0,No News,0.0012753436055181755
"2019-01-08 00:00:00.000000",MSFT,95.9654769897461,97.05768933436477,94.94794053511613,96.18951890404027,31514400,0.0,0.0,No News,0.00725089424999803
"2019-01-09 00:00:00.000000",MSFT,97.33771514892578,97.9071605077314,96.37619475944942,96.9549772729364,32280800,0.0,0.0,No News,0.014299289726099174
"2019-01-10 00:00:00.000000",MSFT,96.71224975585938,96.85227857099672,95.57335917191244,96.35751626338467,30067600,0.0,0.0,No News,-0.006425725034838292
"2019-01-11 00:00:00.000000",MSFT,95.9654769897461,96.56292684263994,94.88259468002349,96.32954777128565,28314200,0.0,0.0,No News,-0.007721594399865972
"2019-01-14 00:00:00.000000",MSFT,95.26531982421875,96.03080273305875,94.52784125853005,95.12529098629969,28437100,0.0,0.0,No News,-0.007295927530294621
"2019-01-15 00:00:00.000000",MSFT,98.02854919433594,98.06589070120025,95.1066386011408,95.69475843154835,31587600,0.0,0.0,No News,0.029005616894120845
"2019-01-16 00:00:00.000000",MSFT,98.3739242553711,99.19542298323661,97.98184920188764,98.2619068813259,29853900,0.0,0.0,No News,0.003523208941412337
"2019-01-17 00:00:00.000000",MSFT,99.06473541259766,99.5408235163855,97.79515289150422,98.01919477106101,28393000,0.0,0.0,No News,0.007022299480838656
"2019-01-18 00:00:00.000000",MSFT,100.54901885986328,100.72638919898468,98.86869414340933,100.3156398335089,37427600,0.0,0.0,No News,0.014982964836918855
"2019-01-22 00:00:00.000000",MSFT,98.65398406982422,99.97957525390608,97.8885011345778,99.65284603559897,32371300,0.0,0.0,No News,-0.018846875002134
"2019-01-23 00:00:00.000000",MSFT,99.6155014038086,99.92356342373857,98.33658179274825,99.06473032771797,25874300,0.0,0.0,No News,0.009746360910309004
"2019-01-24 00:00:00.000000",MSFT,99.139404296875,99.8862200055949,98.33657990275798,99.75552832489328,23164800,0.0,0.0,No News,-0.00477934759374099
"2019-01-25 00:00:00.000000",MSFT,100.04491424560547,100.70770979225229,99.13940252962695,100.11026008479142,31225600,0.0,0.0,No News,0.009133703749307331
"2019-01-28 00:00:00.000000",MSFT,98.09385681152344,99.40078055364783,97.70178182553454,99.1954059070361,29476700,0.0,0.0,No News,-0.01950181524762251
"2019-01-29 00:00:00.000000",MSFT,96.0961685180664,97.99120543433051,95.37735699124373,97.90718526527668,31490500,0.0,0.0,No News,-0.020365070335600866
"2019-01-30 00:00:00.000000",MSFT,99.30745697021484,99.30745697021484,97.39375291445602,97.6644734839579,49471900,0.0,0.0,No News,0.033417445270408574
"2019-01-31 00:00:00.000000",MSFT,97.48709869384766,98.22457735893607,96.32020342418184,96.89898604191494,55636400,0.0,0.0,No News,-0.018330529568521325
"2019-02-01 00:00:00.000000",MSFT,95.94676208496094,97.17900277552059,95.54534996716403,96.8802779754504,35535700,0.0,0.0,No News,-0.015800414921814943
"2019-02-04 00:00:00.000000",MSFT,98.70999908447266,98.76601489846026,95.93745488455511,96.03081220048003,31315100,0.0,0.0,No News,0.028799689947482277
"2019-02-05 00:00:00.000000",MSFT,100.09160614013672,100.13827767592316,98.91537375700409,99.00872395074025,27325400,0.0,0.0,No News,0.013996627175345555
"2019-02-06 00:00:00.000000",MSFT,98.9806900024414,99.88620156741139,98.51393205119183,99.88620156741139,20609800,0.0,0.0,No News,-0.011098994016940256
"2019-02-07 00:00:00.000000",MSFT,98.27124786376953,98.56997276477837,97.35640597037644,98.1965719801399,29760700,0.0,0.0,No News,-0.007167480229268719
"2019-02-08 00:00:00.000000",MSFT,98.6446304321289,98.74731775817665,97.3283766234031,97.44973113502242,21461100,0.0,0.0,No News,0.0037995097902592256
"2019-02-11 00:00:00.000000",MSFT,98.25253295898438,99.4941106192334,97.99114968780773,99.13937007507083,18914100,0.0,0.0,No News,-0.003974848620009852
"2019-02-12 00:00:00.000000",MSFT,99.78352355957031,100.01690255697265,98.46726971774525,99.0833865673633,25056600,0.0,0.0,No News,0.015582199811836395
"2019-02-13 00:00:00.000000",MSFT,99.70885467529297,100.61436645284813,99.61550448755965,100.3529830783297,18394900,0.0,0.0,No News,-0.0007483087549295
"2019-02-14 00:00:00.000000",MSFT,99.79288482666016,100.1569555808054,98.6353267140487,99.24210655618177,21784700,0.0,0.0,No News,0.0008427551559069
"2019-02-15 00:00:00.000000",MSFT,101.02510833740234,101.09979133091855,100.22228396250871,100.73572064022984,26606900,0.0,0.0,No News,0.012347809294044998
"2019-02-19 00:00:00.000000",MSFT,100.97842407226562,101.43585204050115,100.61435340181654,100.62369055602755,18038500,0.0,0.0,No News,-0.0004621055686553
"2019-02-20 00:00:00.000000",MSFT,100.45342254638672,101.1940505879116,99.64716959751549,101.11904865020766,21607700,0.0,0.0,No News,-0.005199145567009289
"2019-02-21 00:00:00.000000",MSFT,102.57218933105469,102.63781424386248,100.19093125511925,100.21905519595416,29063200,0.0,0.0,No News,0.02109203181892161
"2019-02-22 00:00:00.000000",MSFT,104.03469848632812,104.25032014897984,102.95656871533099,103.17219753056223,27763200,0.0,0.0,No News,0.014258340051153118
"2019-02-25 00:00:00.000000",MSFT,104.61593627929688,105.16906666258983,104.30656578457186,104.7753171947006,23750600,0.0,0.0,No News,0.005586960902713933
"2019-02-26 00:00:00.000000",MSFT,105.33781433105469,106.16281421347584,104.22218371922284,104.30656268988359,21536700,0.0,0.0,No News,0.006900268519612451
"2019-02-27 00:00:00.000000",MSFT,105.1596908569336,105.33781868368321,103.95031134640085,104.70969350341102,21487100,0.0,0.0,No News,-0.0016909737044789042
"2019-02-28 00:00:00.000000",MSFT,105.0284423828125,105.82531836904346,104.74719582139048,105.03781941396694,29083900,0.0,0.0,No News,-0.0012480872951562416
"2019-03-01 00:00:00.000000",MSFT,105.49720764160156,105.9565820923151,104.69095451846677,105.83470928163845,23501200,0.0,0.0,No News,0.004463222039230885
"2019-03-04 00:00:00.000000",MSFT,105.24407196044922,106.17219777937459,103.87531865754117,105.9565689767055,26608000,0.0,0.0,No News,-0.0023994538510659913
"2019-03-05 00:00:00.000000",MSFT,104.71907806396484,105.36595739700034,104.27845767969917,105.23470755443952,19538300,0.0,0.0,No News,-0.004988346485507167
"2019-03-06 00:00:00.000000",MSFT,104.76595306396484,105.61908416868599,104.4659524106455,104.87845599117702,17687000,0.0,0.0,No News,0.0004476261715307
"2019-03-07 00:00:00.000000",MSFT,103.49095916748047,104.5784661182301,103.00346073780064,104.43783923286344,25339000,0.0,0.0,No News,-0.012169926003593234
"2019-03-08 00:00:00.000000",MSFT,103.60344696044922,103.79094467847403,102.00031786782479,102.33781948233303,22818400,0.0,0.0,No News,0.0010869335241807665
"2019-03-11 00:00:00.000000",MSFT,105.77845001220703,105.89094577839636,104.04407114185575,104.05344102065204,26491600,0.0,0.0,No News,0.02099353945808513
"2019-03-12 00:00:00.000000",MSFT,106.5190658569336,106.86593729947653,105.60968703796071,105.76906079007928,26132700,0.0,0.0,No News,0.007001575884701516
"2019-03-13 00:00:00.000000",MSFT,107.34408569335938,107.81283715926924,106.66908243803641,106.99720703365738,35513800,0.0,0.0,No News,0.007745278554487811
"2019-03-14 00:00:00.000000",MSFT,107.42845916748047,108.00033653684577,107.1847135513358,107.38158831172028,30763400,0.0,0.0,No News,0.0007860095279224
"2019-03-15 00:00:00.000000",MSFT,108.66596221923828,109.92221264479788,107.42845155155841,108.13157871133325,54681100,0.0,0.0,No News,0.011519322359716089
"2019-03-18 00:00:00.000000",MSFT,110.22221374511719,110.25971471877288,108.79721250909778,108.90970827748548,31207600,0.0,0.0,No News,0.014321425900956086
"2019-03-19 00:00:00.000000",MSFT,110.2972183227539,111.03784647681243,109.67846297154821,110.70971473764482,37588700,0.0,0.0,No News,0.000680485131701
"2019-03-20 00:00:00.000000",MSFT,110.17535400390625,111.32848588909293,109.41597883108852,110.05348118375666,28113300,0.0,0.0,No News,-0.0011048720965115555
"2019-03-21 00:00:00.000000",MSFT,112.70659637451172,113.26909666698754,109.77220780858772,109.81908581320208,29854400,0.0,0.0,No News,0.022974669729817432
"2019-03-22 00:00:00.000000",MSFT,109.73471069335938,112.11596162159397,109.72533366220217,112.03158979891641,33624500,0.0,0.0,No News,-0.02636833847130915
"2019-03-25 00:00:00.000000",MSFT,110.30659484863281,110.63471943371599,109.05033724099783,109.27533593468637,27067100,0.0,0.0,No News,0.0052115155875473995
"2019-03-26 00:00:00.000000",MSFT,110.54096221923828,111.29096019237413,109.5472043547793,111.20658837083518,26097700,0.0,0.0,No News,0.002124690467755652
"2019-03-27 00:00:00.000000",MSFT,109.47222137451172,110.82222797361547,108.30034263295087,110.51285026922415,22733400,0.0,0.0,No News,-0.009668278828683485
"2019-03-28 00:00:00.000000",MSFT,109.6222152709961,110.23159359144769,108.87221008388957,110.10034375659099,18334800,0.0,0.0,No News,0.0013701548630427052
"2019-03-29 00:00:00.000000",MSFT,110.56909942626953,110.92534796980975,109.65034339466183,110.69097223397492,25399800,0.0,0.0,No News,0.00863770316019119
"2019-04-01 00:00:00.000000",MSFT,111.58158111572266,111.66596008782498,110.71908024855877,111.51595620523364,22789100,0.0,0.0,No News,0.00915700403373787
"2019-04-02 00:00:00.000000",MSFT,111.740966796875,112.01284348123814,111.11283445244611,111.61908684892447,18142300,0.0,0.0,No News,0.0014284228593879345
"2019-04-03 00:00:00.000000",MSFT,112.47222900390625,112.90347949856297,111.70347687819995,112.36910310816445,22860700,0.0,0.0,No News,0.006544262395371536
"2019-04-04 00:00:00.000000",MSFT,111.90035247802734,112.71598261795327,110.98159644158503,112.59410265702672,20112800,0.0,0.0,No News,-0.005084602047488951
"2019-04-05 00:00:00.000000",MSFT,112.397216796875,112.71597148715192,111.90971845904927,111.9284653690283,15826200,0.0,0.0,No News,0.004440239086335396
"2019-04-08 00:00:00.000000",MSFT,112.43470001220703,112.5190718226563,111.22532066105457,112.3221971123633,15116200,0.0,0.0,No News,0.000333488821167
"2019-04-09 00:00:00.000000",MSFT,111.8253402709961,112.06909301791684,111.16909112841623,111.2159619799838,17612000,0.0,0.0,No News,-0.005419676853718469
"2019-04-10 00:00:00.000000",MSFT,112.6784896850586,112.82848644814793,112.06911129466606,112.27536310242172,16477200,0.0,0.0,No News,0.0076293030899345915
"2019-04-11 00:00:00.000000",MSFT,112.8097152709961,113.29721358690699,112.42533568420306,113.00659000353197,14209100,0.0,0.0,No News,0.0011646019245046269
"2019-04-12 00:00:00.000000",MSFT,113.39098358154297,113.41911467936121,112.84723728425301,113.1003599439759,19745100,0.0,0.0,No News,0.005152644071040546
"2019-04-15 00:00:00.000000",MSFT,113.48473358154297,113.98160899460126,113.03472902386804,113.38160768608788,15792600,0.0,0.0,No News,0.0008267853143067
"2019-04-16 00:00:00.000000",MSFT,113.22220611572266,114.0472131290052,112.59408097793963,114.03783609860558,14071800,0.0,0.0,No News,-0.0023133284763071638
"2019-04-17 00:00:00.000000",MSFT,114.15970611572266,114.23470805194421,113.00658174477401,113.66283080526688,19300900,0.0,0.0,No News,0.008280177821670343
"2019-04-18 00:00:00.000000",MSFT,115.65974426269531,115.80036398647033,113.71911339621947,114.55349046932483,27991000,0.0,0.0,No News,0.013139821378412408
"2019-04-22 00:00:00.000000",MSFT,116.02535247802734,116.25035115495999,114.90972181924721,114.95659982187354,15648700,0.0,0.0,No News,0.0031610671254955758
"2019-04-23 00:00:00.000000",MSFT,117.60037994384766,117.7316297931312,116.09099952450646,116.34412219024465,24025500,0.0,0.0,No News,0.01357485611705922
"2019-04-24 00:00:00.000000",MSFT,117.19725036621094,117.98474944177441,116.73786875288543,117.92850155139992,31257000,0.0,0.0,No News,-0.00342796152384206
"2019-04-25 00:00:00.000000",MSFT,121.07850646972656,123.15976426970096,120.77851294904978,121.93163763114572,38033900,0.0,0.0,No News,0.033117296620762904
"2019-04-26 00:00:00.000000",MSFT,121.77227020263672,122.36290169989837,120.95664712939822,121.5941423348809,23654900,0.0,0.0,No News,0.005729866952757678
"2019-04-29 00:00:00.000000",MSFT,121.65973663330078,122.04410189128392,121.26598719245871,121.78160226405586,16324200,0.0,0.0,No News,-0.0009241313243867
"2019-04-30 00:00:00.000000",MSFT,122.4378433227539,122.53158499816115,121.30345890063892,121.69720826971941,24166500,0.0,0.0,No News,0.006395761744893758
"2019-05-01 00:00:00.000000",MSFT,119.88787841796875,122.4847585234948,119.71912759559153,122.37226274363006,26821700,0.0,0.0,No News,-0.020826607489837
"2019-05-02 00:00:00.000000",MSFT,118.32222747802734,120.00035834760406,117.67534825748459,119.9816114387469,27350200,0.0,0.0,No News,-0.013059293071172928
"2019-05-03 00:00:00.000000",MSFT,120.84412384033203,121.34099925657146,119.29724970376166,119.400375599877,24911100,0.0,0.0,No News,0.021313800594000787
"2019-05-06 00:00:00.000000",MSFT,120.14098358154297,120.52536318032503,118.22848407651986,118.49098372808857,24239800,0.0,0.0,No News,-0.00581857219402826
"2019-05-07 00:00:00.000000",MSFT,117.67536163330078,119.23161989075442,116.45661214684846,118.5566166539109,36017700,0.0,0.0,No News,-0.02052273815927852
"2019-05-08 00:00:00.000000",MSFT,117.66597747802734,118.47223045170574,116.95347335307416,117.60035256866183,28419000,0.0,0.0,No News,-0.0000797461349868
"2019-05-09 00:00:00.000000",MSFT,117.65662384033203,117.92850056249578,115.84724280513049,116.52224609428465,27235800,0.0,0.0,No News,-0.000079493137233
"2019-05-10 00:00:00.000000",MSFT,119.18473815917969,119.93474332169248,116.0816059256272,117.10348778073639,30915100,0.0,0.0,No News,0.01298791575832925
"2019-05-13 00:00:00.000000",MSFT,115.64098358154297,117.70349429405978,115.35035996559554,116.3534878024182,33944900,0.0,0.0,No News,-0.02973329163087801
"2019-05-14 00:00:00.000000",MSFT,116.93473052978516,118.0128530566601,115.9690966117004,116.12847752793819,25266300,0.0,0.0,No News,0.01118761626002529
"2019-05-15 00:00:00.000000",MSFT,118.58145141601562,119.23072528652916,116.39839365990271,116.92534358658963,24722700,0.0,0.0,No News,0.014082393475144839
"2019-05-16 00:00:00.000000",MSFT,121.31967163085938,121.74312107077519,118.99547378357154,119.2683568817107,30112200,0.0,0.0,No News,0.02309147157625291
"2019-05-17 00:00:00.000000",MSFT,120.51043701171875,122.75936224348773,120.36928242575861,120.73626137627788,25770500,0.0,0.0,No News,-0.006670267140211905
"2019-05-20 00:00:00.000000",MSFT,118.7696304321289,120.05875903447827,118.33678365084577,119.05191806563253,23706900,0.0,0.0,No News,-0.014445276465312018
"2019-05-21 00:00:00.000000",MSFT,119.40951538085938,120.00232598619708,119.10840420653689,119.90823009029442,15293300,0.0,0.0,No News,0.005387614210824232
"2019-05-22 00:00:00.000000",MSFT,120.13404083251953,120.6704024221227,119.05192026974974,119.1460233283818,15396500,0.0,0.0,No News,0.006067568814338342
"2019-05-23 00:00:00.000000",MSFT,118.73197937011719,118.83548697962244,117.37697588499711,118.75079567227513,23603800,0.0,0.0,No News,-0.011670809145236216
"2019-05-24 00:00:00.000000",MSFT,118.78845977783203,119.8988084879173,118.53440016188009,119.41891730455738,14123400,0.0,0.0,No News,0.0004756966742614
"2019-05-28 00:00:00.000000",MSFT,118.71317291259766,120.444560016894,118.60966529450872,119.48477058804367,23128400,0.0,0.0,No News,-0.0006337893880869
"2019-05-29 00:00:00.000000",MSFT,117.5652084350586,117.98864355576819,116.71833101458274,117.97923181246938,22763100,0.0,0.0,No News,-0.009670068193563086
"2019-05-30 00:00:00.000000",MSFT,118.30854797363281,118.33677601725672,117.41461924423135,117.86628947937854,16829600,0.0,0.0,No News,0.006322785018365584
"2019-05-31 00:00:00.000000",MSFT,116.37955474853516,117.26407177087881,116.04080385398036,116.8970928316203,26646800,0.0,0.0,No News,-0.016304766292352446
"2019-06-03 00:00:00.000000",MSFT,112.76622772216797,117.02884245744448,111.98522540230312,116.53953236067598,37983600,0.0,0.0,No News,-0.031047781839126376
"2019-06-04 00:00:00.000000",MSFT,115.89024353027344,116.00315570094416,113.52839917999799,114.12120961318308,29382600,0.0,0.0,No News,0.027703470012337306
"2019-06-05 00:00:00.000000",MSFT,118.40265655517578,118.44029634373301,116.87827742435823,117.57459556502795,24926100,0.0,0.0,No News,0.021679245364999433
"2019-06-06 00:00:00.000000",MSFT,120.27517700195312,120.41632439765586,118.18621564690602,118.97663675540846,21459000,0.0,0.0,No News,0.015814851636413607
"2019-06-07 00:00:00.000000",MSFT,123.64383697509766,124.4436697070057,120.68918255600042,121.56429484510865,33885600,0.0,0.0,No News,0.028007940267590126
"2019-06-10 00:00:00.000000",MSFT,124.77303314208984,126.16566924663289,124.20844356446217,124.58482704414102,26477100,0.0,0.0,No News,0.009132652258434959
"2019-06-11 00:00:00.000000",MSFT,124.30252838134766,126.31620985430229,123.530923695639,125.97745902903387,23913700,0.0,0.0,No News,-0.0037708850133215677
"2019-06-12 00:00:00.000000",MSFT,123.72859954833984,124.1802627674176,122.99464143304542,123.64390102879445,17092500,0.0,0.0,No News,-0.004617193555766286
"2019-06-13 00:00:00.000000",MSFT,124.50955963134766,125.14941440710061,123.79441093126009,124.18961788536205,17200800,0.0,0.0,No News,0.006311880081554699
"2019-06-14 00:00:00.000000",MSFT,124.63190460205078,125.89280531627537,123.86971856372269,124.45311738651952,17821700,0.0,0.0,No News,0.0009826150784356
"2019-06-17 00:00:00.000000",MSFT,125.00829315185547,125.83633978969151,124.70717484128868,124.80127790286863,14517800,0.0,0.0,No News,0.003020001587928034
"2019-06-18 00:00:00.000000",MSFT,127.18197631835938,127.25725591814438,125.68583196268581,126.26923091337513,25934500,0.0,0.0,No News,0.01738831170075561
"2019-06-19 00:00:00.000000",MSFT,127.68065643310547,127.90648081302444,125.9116222138114,127.03138262461512,23744400,0.0,0.0,No News,0.003920996741690885
"2019-06-20 00:00:00.000000",MSFT,128.8662872314453,129.53438457474093,127.70889412264223,129.33677386928053,33042600,0.0,0.0,No News,0.009285907759732037
"2019-06-21 00:00:00.000000",MSFT,128.88510131835938,129.60023578679758,128.4052101516838,128.51812234193414,36727900,0.0,0.0,No News,0.0001459969656787
"2019-06-24 00:00:00.000000",MSFT,129.64730834960938,130.23070723802147,128.91335027769932,128.91335027769932,20628800,0.0,0.0,No News,0.005913849028735152
"2019-06-25 00:00:00.000000",MSFT,125.55401611328125,129.4684671025197,124.89533790790652,129.1485397396388,33327400,0.0,0.0,No News,-0.03157252000396393
"2019-06-26 00:00:00.000000",MSFT,126.02449035644531,127.72766332235075,125.71398194258377,126.41971159939145,23657700,0.0,0.0,No News,0.0037471859342164127
"2019-06-27 00:00:00.000000",MSFT,126.23159790039062,126.75855515718693,125.6293753935977,126.22219333367033,16557500,0.0,0.0,No News,0.001643391243714154
"2019-06-28 00:00:00.000000",MSFT,126.05277252197266,126.65499477812611,125.29999111225307,126.62676673159635,30043000,0.0,0.0,No News,-0.0014166451300020588
"2019-07-01 00:00:00.000000",MSFT,127.67121887207031,128.6310154209321,127.00313603486687,128.56515477244182,22613500,0.0,0.0,No News,0.012839434767811575
"2019-07-02 00:00:00.000000",MSFT,128.51808166503906,128.52748622521275,127.35127008868045,128.08522780922803,15237800,0.0,0.0,No News,0.006633153505155587
"2019-07-03 00:00:00.000000",MSFT,129.34616088867188,129.60963219222674,128.2452097925421,128.72511523396,13629300,0.0,0.0,No News,0.006443289636014482
"2019-07-05 00:00:00.000000",MSFT,128.96978759765625,129.22385438804022,127.70888692526633,127.91590218289595,18141100,0.0,0.0,No News,-0.0029098141640212516
"2019-07-08 00:00:00.000000",MSFT,128.87571716308594,129.00745285860933,127.3795586147893,128.3487600228785,16779700,0.0,0.0,No News,-0.0007293990036161
"2019-07-09 00:00:00.000000",MSFT,128.4051971435547,128.88508826161473,127.78415144386977,127.97234319459272,19953100,0.0,0.0,No News,-0.0036509594661330302
"2019-07-10 00:00:00.000000",MSFT,129.71315002441406,130.40005638009714,128.93214061371236,129.03564823098873,24204400,0.0,0.0,No News,0.010186136620288888
"2019-07-11 00:00:00.000000",MSFT,130.23068237304688,131.0022872725657,129.73196773627933,130.04249060866292,22327900,0.0,0.0,No News,0.0039898217608269615
"2019-07-12 00:00:00.000000",MSFT,130.70120239257812,130.91763661718286,129.8637366224759,130.65416520803487,18936800,0.0,0.0,No News,0.0036129736169503435
"2019-07-15 00:00:00.000000",MSFT,130.70120239257812,131.30342480750426,130.28718614828477,131.2093360803028,16651500,0.0,0.0,No News,0.0
"2019-07-16 00:00:00.000000",MSFT,128.9886016845703,130.84231994676125,128.46165901558197,130.75763580884046,22726100,0.0,0.0,No News,-0.013103174849637522
"2019-07-17 00:00:00.000000",MSFT,128.2264404296875,129.7884452542176,128.1793888912968,129.5720254073568,20211000,0.0,0.0,No News,-0.005908748873381886
"2019-07-18 00:00:00.000000",MSFT,128.3675994873047,128.55579131031615,126.72089590925171,127.54895716024109,30381800,0.0,0.0,No News,0.0011008576479558663
"2019-07-19 00:00:00.000000",MSFT,128.55572509765625,132.36666857280315,128.39576141258004,131.94323359958867,48992400,0.0,0.0,No News,0.0014655225391992932
"2019-07-22 00:00:00.000000",MSFT,130.2589111328125,130.97405994274186,129.2238492439794,129.2991288217673,25074900,0.0,0.0,No News,0.013248620657403176
"2019-07-23 00:00:00.000000",MSFT,131.06817626953125,131.72686912446966,129.88255497524796,131.51043490842332,18034600,0.0,0.0,No News,0.006212742987645736
"2019-07-24 00:00:00.000000",MSFT,132.41371154785156,132.43253502667753,130.65409676747075,130.7011339273745,20738300,0.0,0.0,No News,0.010265918979091682
"2019-07-25 00:00:00.000000",MSFT,131.91505432128906,132.31026139958567,131.0964121132542,132.1408787328222,18356900,0.0,0.0,No News,-0.0037659032492438627
"2019-07-26 00:00:00.000000",MSFT,132.9971160888672,133.31704345261304,132.01851051796575,132.0843711596273,19037600,0.0,0.0,No News,0.008202716309714697
"2019-07-29 00:00:00.000000",MSFT,132.70542907714844,133.1570921242279,131.14341035661647,133.1476875625775,16605900,0.0,0.0,No News,-0.002193182982432873
"2019-07-30 00:00:00.000000",MSFT,132.06564331054688,132.88428570336345,131.54810498711007,131.86803254773758,16846500,0.0,0.0,No News,-0.004821097155185861
"2019-07-31 00:00:00.000000",MSFT,128.2264404296875,132.19734905355295,127.10667986331171,132.0467898739482,38598800,0.0,0.0,No News,-0.0290704136565757
"2019-08-01 00:00:00.000000",MSFT,129.91078186035156,132.62078977505556,128.84747735196285,128.9133523801103,40557500,0.0,0.0,No News,0.013135679544872492
"2019-08-02 00:00:00.000000",MSFT,128.8192138671875,130.15540832735604,127.27601853091214,129.9389741727862,30791600,0.0,0.0,No News,-0.008402443411798188
"2019-08-05 00:00:00.000000",MSFT,124.40608215332031,126.02454296577254,123.06048291306709,125.43173957009901,42749600,0.0,0.0,No News,-0.034258334462567985
"2019-08-06 00:00:00.000000",MSFT,126.73969268798828,127.67124704090605,125.34705626146928,125.90222704768873,32696700,0.0,0.0,No News,0.01875801001266142
"2019-08-07 00:00:00.000000",MSFT,127.29486083984375,127.64301634974025,124.04850598038773,125.89280552039952,33414500,0.0,0.0,No News,0.004380381079368778
"2019-08-08 00:00:00.000000",MSFT,130.6917724609375,130.78587552798916,127.90648535868692,128.53695006333118,27496500,0.0,0.0,No News,0.02668537911650315
"2019-08-09 00:00:00.000000",MSFT,129.58140563964844,131.15282891753128,128.40518932164247,130.42827564536898,23466700,0.0,0.0,No News,-0.008496072861977177
"2019-08-12 00:00:00.000000",MSFT,127.77468872070312,129.72250928612794,127.25716517315652,128.97914710026814,20484300,0.0,0.0,No News,-0.013942717398587212
"2019-08-13 00:00:00.000000",MSFT,130.41891479492188,130.60710659725527,127.03140492046384,128.01942983035696,25154600,0.0,0.0,No News,0.020694443482454083
"2019-08-14 00:00:00.000000",MSFT,126.49138641357422,129.2670618631319,126.1987156998724,128.73836452148703,32527300,0.0,0.0,No News,-0.03011471447622094
"2019-08-15 00:00:00.000000",MSFT,126.20819091796875,127.05789568697004,124.85812510016149,126.87851308887223,28074400,0.0,0.0,No News,-0.0022388520170024684
"2019-08-16 00:00:00.000000",MSFT,128.521240234375,128.83279715118604,127.19004642779791,127.34110694611671,24449100,0.0,0.0,No News,0.018327251976138825
"2019-08-19 00:00:00.000000",MSFT,130.67376708984375,130.8059414063787,129.2387213632356,130.14506982370392,24355700,0.0,0.0,No News,0.016748413348200986
"2019-08-20 00:00:00.000000",MSFT,129.58804321289062,130.95700905919645,129.56917145658028,130.48495584486227,21170800,0.0,0.0,No News,-0.008308659810860486
"2019-08-21 00:00:00.000000",MSFT,131.0325927734375,131.69347914059264,130.28675464703755,130.8060163329759,14970300,0.0,0.0,No News,0.01114724418034263
"2019-08-22 00:00:00.000000",MSFT,130.0790252685547,131.4196551084157,128.67230104215923,130.90984380827018,18697000,0.0,0.0,No News,-0.0072773306602547105
"2019-08-23 00:00:00.000000",MSFT,125.93437957763672,130.61715468124206,125.3773601376089,129.5219875610384,38508600,0.0,0.0,No News,-0.03186252112791543
"2019-08-26 00:00:00.000000",MSFT,127.87921905517578,127.9830713435795,126.41585113891315,127.44493814433957,20312600,0.0,0.0,No News,0.015443276760974456
"2019-08-27 00:00:00.000000",MSFT,128.15304565429688,129.0782661650523,127.13340871337421,128.76670923261,23102100,0.0,0.0,No News,0.00214129083008352
"2019-08-28 00:00:00.000000",MSFT,127.98310089111328,128.1719193483704,126.08545162590303,127.34111525525404,17393300,0.0,0.0,No News,-0.0013261078760627987
"2019-08-29 00:00:00.000000",MSFT,130.4000244140625,130.70214549982853,129.25766327258458,129.57865612176627,20168700,0.0,0.0,No News,0.01888470826320665
"2019-08-30 00:00:00.000000",MSFT,130.15451049804688,131.4007234704586,128.6533847608089,131.3724014305802,23940100,0.0,0.0,No News,-0.0018827750770662455
"2019-09-03 00:00:00.000000",MSFT,128.43626403808594,129.53143122409472,128.1152712302323,128.97441175059737,18869300,0.0,0.0,No News,-0.013201589813414238
"2019-09-04 00:00:00.000000",MSFT,129.93739318847656,129.99403727831717,128.85166197814678,129.6258362884301,17995900,0.0,0.0,No News,0.011687736027151008
"2019-09-05 00:00:00.000000",MSFT,132.22215270996094,132.53370966497332,131.0042469398284,131.33469006342733,26101800,0.0,0.0,No News,0.017583541314933893
"2019-09-06 00:00:00.000000",MSFT,131.32522583007812,132.3448482188125,130.475521298236,132.20323799980014,20824500,0.0,0.0,No News,-0.00678348417038932
"2019-09-09 00:00:00.000000",MSFT,129.8335418701172,131.9388955253425,128.8327911929049,131.78783501400997,25773900,0.0,0.0,No News,-0.011358700893391416
"2019-09-10 00:00:00.000000",MSFT,128.4739990234375,129.23872289286365,126.99174507925481,129.15375677535414,28903400,0.0,0.0,No News,-0.010471430010279947
"2019-09-11 00:00:00.000000",MSFT,128.51177978515625,128.65340441210148,127.5393511850081,128.31352547572484,24726100,0.0,0.0,No News,0.0002940732133032
"2019-09-12 00:00:00.000000",MSFT,129.8335418701172,130.68323203599695,129.21986394505,130.1450987725193,27010000,0.0,0.0,No News,0.010285143409970887
"2019-09-13 00:00:00.000000",MSFT,129.6446990966797,130.3433286200784,128.93661928939468,130.07897997783232,23363100,0.0,0.0,No News,-0.001454499128017428
"2019-09-16 00:00:00.000000",MSFT,128.71005249023438,129.05936731686623,128.07750280685522,128.23799919762993,16731400,0.0,0.0,No News,-0.007209292882451868
"2019-09-17 00:00:00.000000",MSFT,129.71080017089844,129.8335386340373,128.8044515314171,129.3048412634744,17814200,0.0,0.0,No News,0.007775209949044237
"2019-09-18 00:00:00.000000",MSFT,130.77761840820312,130.91922860133747,128.8988415457411,129.68245156156436,23982100,0.0,0.0,No News,0.00822459067324477
"2019-09-19 00:00:00.000000",MSFT,133.18511962890625,134.41244663488519,132.24101306681607,132.4581535424384,35772100,0.0,0.0,No News,0.018409122677157663
"2019-09-20 00:00:00.000000",MSFT,131.646240234375,133.73270796900792,130.52275095914575,133.1284802587071,39167300,0.0,0.0,No News,-0.011554439405986439
"2019-09-23 00:00:00.000000",MSFT,131.36297607421875,131.82559343915412,130.7021044142552,131.4479422006594,17139300,0.0,0.0,No News,-0.002151707178662643
"2019-09-24 00:00:00.000000",MSFT,129.70135498046875,132.82634517607883,129.22930173265038,132.51478830380807,29773200,0.0,0.0,No News,-0.012649082286406155
"2019-09-25 00:00:00.000000",MSFT,131.57069396972656,132.1371636818382,128.42681731994574,129.81465514928834,21382000,0.0,0.0,No News,0.014412640404098287
"2019-09-26 00:00:00.000000",MSFT,131.74063110351562,132.34485876264458,130.70212246753474,131.64622908529395,17456600,0.0,0.0,No News,0.0012916032336818262
"2019-09-27 00:00:00.000000",MSFT,130.0317840576172,132.5147887595768,129.01214731011197,132.31652005620552,22477700,0.0,0.0,No News,-0.012971298464144354
"2019-09-30 00:00:00.000000",MSFT,131.25917053222656,131.4385531336583,130.07903700273022,130.33394987876096,17280900,0.0,0.0,No News,0.009439126622038163
"2019-10-01 00:00:00.000000",MSFT,129.40867614746094,132.41092770026117,129.3425817820733,131.85390836022654,21466600,0.0,0.0,No News,-0.014098019797491368
"2019-10-02 00:00:00.000000",MSFT,127.12395477294922,128.74781936486428,126.11376814763331,128.6345311766595,30521700,0.0,0.0,No News,-0.0176550865253291
"2019-10-03 00:00:00.000000",MSFT,128.662841796875,129.10657303583397,125.77387800683437,127.40717833406802,24132900,0.0,0.0,No News,0.01210540552073236
"2019-10-04 00:00:00.000000",MSFT,130.4000244140625,130.52276290589572,128.7950457622277,129.10660272970156,22897700,0.0,0.0,No News,0.013501820672747522
"2019-10-07 00:00:00.000000",MSFT,129.45590209960938,130.4566528657822,129.36150007607725,129.47478826668564,15303700,0.0,0.0,No News,-0.007240200442411138
"2019-10-08 00:00:00.000000",MSFT,128.0869140625,130.06009298883106,128.03970586113044,129.4181075491507,25550500,0.0,0.0,No News,-0.010574937217277425
"2019-10-09 00:00:00.000000",MSFT,130.51327514648438,130.94755602724297,129.31425597357858,129.77687330004977,19749900,0.0,0.0,No News,0.018943083309825415
"2019-10-10 00:00:00.000000",MSFT,131.32522583007812,131.8633590682478,130.52272950654768,130.74932026289008,17654600,0.0,0.0,No News,0.006221211464369825
"2019-10-11 00:00:00.000000",MSFT,131.87278747558594,133.14733699817143,131.70285522239948,132.2881966357152,25446000,0.0,0.0,No News,0.004169508501103314
"2019-10-14 00:00:00.000000",MSFT,131.75006103515625,132.4486906045742,131.7217389934729,131.88223536498572,13304300,0.0,0.0,No News,-0.0009306426502315
"2019-10-15 00:00:00.000000",MSFT,133.65721130371094,133.86490155358186,131.99557405732722,132.23160076564972,19695700,0.0,0.0,No News,0.014475517153998085
"2019-10-16 00:00:00.000000",MSFT,132.56201171875,133.10959527775475,131.73119329737403,132.9207624322249,20751600,0.0,0.0,No News,-0.008194092741261039
"2019-10-17 00:00:00.000000",MSFT,131.8822784423828,133.51557913860938,131.24972862830577,133.0718477994033,21460600,0.0,0.0,No News,-0.005127662650513676
"2019-10-18 00:00:00.000000",MSFT,129.72970581054688,132.1749387194344,128.92720934880884,131.94834792406806,32273500,0.0,0.0,No News,-0.016321924804903687
"2019-10-21 00:00:00.000000",MSFT,130.6926727294922,130.75876710785582,129.3520430553644,130.7115588955852,20078200,1.0,0.0,neutral,0.00742287136881048
"2019-10-22 00:00:00.000000",MSFT,128.74781799316406,132.18436558936338,128.6439656864414,131.2025010215596,27431000,0.0,0.0,No News,-0.014881130638085494
"2019-10-23 00:00:00.000000",MSFT,129.56919860839844,129.7674529326482,128.0303001972911,129.2293196466178,29844600,0.0,0.0,No News,0.006379763385799597
"2019-10-24 00:00:00.000000",MSFT,132.11830139160156,132.57146859962873,130.91928178098044,131.59903979598408,37029300,0.0,0.0,No News,0.01967367870281711
"2019-10-25 00:00:00.000000",MSFT,132.86410522460938,133.2511923514394,131.41962341563107,131.55179775089962,25959700,0.0,0.0,No News,0.005644969887988793
"2019-10-28 00:00:00.000000",MSFT,136.13070678710938,137.52798025281768,135.488706931457,136.3289610676768,35280100,0.0,0.0,No News,0.024586035159592123
"2019-10-29 00:00:00.000000",MSFT,134.8467254638672,136.42338150059607,134.67677881244143,136.0268585218308,20589500,0.0,0.0,No News,-0.009431974266101206
"2019-10-30 00:00:00.000000",MSFT,136.52723693847656,136.8954378848265,134.80895625156265,135.49816434559108,18496600,0.0,0.0,No News,0.012462382522293147
"2019-10-31 00:00:00.000000",MSFT,135.35655212402344,136.82935604426177,134.9978014293005,136.80103400009742,24605100,0.0,0.0,No News,-0.00857473454165536
"2019-11-01 00:00:00.000000",MSFT,135.68698120117188,136.3478528401246,134.97890135816795,136.19679234952932,33128400,0.0,0.0,No News,0.002441175339969348
"2019-11-04 00:00:00.000000",MSFT,136.47059631347656,136.89544135373484,136.1023953577965,136.73494497878934,16912000,0.0,0.0,No News,0.005775168003353981
"2019-11-05 00:00:00.000000",MSFT,136.38563537597656,136.91433272671864,135.8663739043826,136.8671245191333,18250200,1.0,0.0,neutral,-0.0006225585568985
"2019-11-06 00:00:00.000000",MSFT,136.0079803466797,136.44227567612077,135.19604817888097,136.30065105729517,16575800,0.0,0.0,No News,-0.0027690234991081253
"2019-11-07 00:00:00.000000",MSFT,136.19679260253906,136.78214840320285,135.7341896573734,135.8002696184308,17786700,0.0,0.0,No News,0.0013882439499366406
"2019-11-08 00:00:00.000000",MSFT,137.8018035888672,137.83012563396463,135.72475757556614,135.93246217689625,16732700,0.0,0.0,No News,0.011784499147582839
"2019-11-11 00:00:00.000000",MSFT,137.94345092773438,138.23612174309926,136.64057887902402,137.21648462749033,14362600,1.0,0.0,neutral,0.0010279062768276948
"2019-11-12 00:00:00.000000",MSFT,138.84974670410156,139.32179994333885,137.89618994105237,138.10389451879053,18641600,0.0,0.0,No News,0.006570052947580507
"2019-11-13 00:00:00.000000",MSFT,139.07635498046875,139.21797962831948,138.10392623677834,138.53822165522573,16919200,1.0,0.8926,positive,0.0016320395373143892
"2019-11-14 00:00:00.000000",MSFT,139.784423828125,140.11486690743746,138.78367311604555,138.80255928210093,19729800,1.0,0.8358,positive,0.0050912237939777505
"2019-11-15 00:00:00.000000",MSFT,141.587646484375,141.6065326471697,139.9826683889357,140.60576770194822,23485700,1.0,0.0,neutral,0.012900025674299709
"2019-11-18 00:00:00.000000",MSFT,141.93695068359375,142.1352193633561,140.65296542176574,141.682052331511,21534000,0.0,0.0,No News,0.0024670527965680034
"2019-11-19 00:00:00.000000",MSFT,141.9841766357422,142.8716390549211,141.80479409493938,142.44679400907984,23935700,0.0,0.0,No News,0.0003327248607286
"2019-11-20 00:00:00.000000",MSFT,141.73789978027344,142.89363040716188,140.63902044982487,142.3915523673597,25696800,1.0,0.0,neutral,-0.0017345373358086391
"2019-11-21 00:00:00.000000",MSFT,141.60523986816406,141.90838888609795,140.6768712968879,141.5294526136806,18576100,0.0,0.0,No News,-0.0009359522916244
"2019-11-22 00:00:00.000000",MSFT,141.70948791503906,142.3820909653867,140.9800624755118,142.16421157792695,15901800,1.0,0.0,neutral,0.000736187777882
"2019-11-25 00:00:00.000000",MSFT,143.26303100585938,143.3767191014772,142.0220455786526,142.0978328240848,22420900,0.0,0.0,No News,0.010962872801796752
"2019-11-26 00:00:00.000000",MSFT,144.0209197998047,144.39037366594638,143.34833134205698,143.38621774540442,24620100,0.0,0.0,No News,0.005290190976863451
"2019-11-27 00:00:00.000000",MSFT,144.2956085205078,144.46611896846102,143.53775057919387,144.30507650485924,15184400,0.0,0.0,No News,0.001907283477184718
"2019-11-29 00:00:00.000000",MSFT,143.40518188476562,144.2767137945009,143.3104441849264,144.08725284976603,11977300,0.0,0.0,No News,-0.006170850553747997
"2019-12-02 00:00:00.000000",MSFT,141.67156982421875,143.83145614764797,140.50637141538132,143.8125057188623,27418400,0.0,0.0,No News,-0.012088908069862736
"2019-12-03 00:00:00.000000",MSFT,141.44424438476562,141.55791807680214,138.92437154168877,139.72013075078107,24066000,0.0,0.0,No News,-0.0016045946249849674
"2019-12-04 00:00:00.000000",MSFT,141.9557647705078,142.26836733521912,141.3399987178796,142.23048093356795,17574700,0.0,0.0,No News,0.003616410041759721
"2019-12-05 00:00:00.000000",MSFT,142.0315399169922,142.40100822762935,141.60524923041157,142.14522803370429,17869100,0.0,0.0,No News,0.0005337940773795
"2019-12-06 00:00:00.000000",MSFT,143.75567626953125,143.869349938199,142.3536480211728,143.0357189430645,16403500,0.0,0.0,No News,0.012139109056669373
"2019-12-09 00:00:00.000000",MSFT,143.38623046875,144.19145754702078,142.95993973228923,143.11151426901324,16687400,0.0,0.0,No News,-0.0025699562644647678
"2019-12-10 00:00:00.000000",MSFT,143.1683349609375,143.8882922467692,142.81781707742448,143.3198950256261,16476100,0.0,0.0,No News,-0.0015196403943402714
"2019-12-11 00:00:00.000000",MSFT,143.70831298828125,143.86935551011177,142.4104903709191,143.55673845422552,18856600,1.0,0.9453,positive,0.003771630280474225
"2019-12-12 00:00:00.000000",MSFT,145.16722106933594,145.35668204661292,143.06417097518553,143.66097233086074,24612100,1.0,0.0,neutral,0.010151869789005508
"2019-12-13 00:00:00.000000",MSFT,146.3892364501953,146.73027194419177,144.77879668324582,144.93983921444635,23845400,1.0,0.0,neutral,0.008417984251938737
"2019-12-16 00:00:00.000000",MSFT,147.33653259277344,147.68703602021847,146.66394415335506,146.9386603212284,24144200,0.0,0.0,No News,0.0064710778302365934
"2019-12-17 00:00:00.000000",MSFT,146.54078674316406,147.50705622541088,146.3134249664761,147.2607440202635,25425600,0.0,0.0,No News,-0.00540087265260103
"2019-12-18 00:00:00.000000",MSFT,146.23765563964844,147.289180496491,146.05766268456694,146.1713508143225,24129200,0.0,0.0,No News,-0.0020685783818460424
"2019-12-19 00:00:00.000000",MSFT,147.50709533691406,147.56393218242093,145.65034313899864,145.8871729652409,24958900,0.0,0.0,No News,0.008680662252913196
"2019-12-20 00:00:00.000000",MSFT,149.11749267578125,150.1405989675378,148.0564855278811,149.06065584650722,53477500,0.0,0.0,No News,0.010917422888634398
"2019-12-23 00:00:00.000000",MSFT,149.11749267578125,149.79008109544574,148.98486858916138,149.79008109544574,17718200,0.0,0.0,No News,0.0
"2019-12-24 00:00:00.000000",MSFT,149.08908081054688,149.40169784022848,148.84276859961727,149.1838040451843,8989200,0.0,0.0,No News,-0.0001905334157954
"2019-12-26 00:00:00.000000",MSFT,150.3111114501953,150.36794828022363,149.1080122131433,149.25958672984655,14520600,0.0,0.0,No News,0.008196647487560327
"2019-12-27 00:00:00.000000",MSFT,150.58583068847656,151.1447454147721,149.88480944290797,151.05000773525674,18412800,0.0,0.0,No News,0.0018276708596640656
"2019-12-30 00:00:00.000000",MSFT,149.2880096435547,150.6426834381321,148.4733146604014,150.61426502226158,16348400,0.0,0.0,No News,-0.008618480497057712
"2019-12-31 00:00:00.000000",MSFT,149.39222717285156,149.45854645177255,148.20807823448885,148.51122730108239,18369400,0.0,0.0,No News,0.0006980971180854
"2020-01-02 00:00:00.000000",MSFT,152.15841674804688,152.2626224460996,149.98906197669726,150.41535275784207,22622100,0.0,0.0,No News,0.01851628848129261
"2020-01-03 00:00:00.000000",MSFT,150.26377868652344,151.52371505612567,149.73328220562672,149.97959446814662,21116200,0.0,0.0,No News,-0.012451746686223064
"2020-01-06 00:00:00.000000",MSFT,150.65219116210938,150.71851045326142,148.2649424147143,148.80492136856677,20813700,0.0,0.0,No News,0.0025848709448219598
"2020-01-07 00:00:00.000000",MSFT,149.27853393554688,151.2584272318134,149.03223619242732,150.92687424549183,21634100,0.0,0.0,No News,-0.009118070012565371
"2020-01-08 00:00:00.000000",MSFT,151.65634155273438,152.32894460830389,149.62907885185848,150.55744770797486,27746500,0.0,0.0,No News,0.015928664051685804
"2020-01-09 00:00:00.000000",MSFT,153.5509490966797,153.674105204978,152.5467931657798,153.31411932222434,21385000,0.0,0.0,No News,0.012492768350781613
"2020-01-10 00:00:00.000000",MSFT,152.8404541015625,154.62141856495847,152.68887958234973,154.24249672186824,20725900,0.0,0.0,No News,-0.004627096083071658
"2020-01-13 00:00:00.000000",MSFT,154.67828369140625,154.70670211208954,152.76469478737948,153.23835440536027,21626500,0.0,0.0,No News,0.012024497052478766
"2020-01-14 00:00:00.000000",MSFT,153.58883666992188,154.98139677965818,153.20043240422595,154.7824534261497,23477400,0.0,0.0,No News,-0.007043309477482329
"2020-01-15 00:00:00.000000",MSFT,154.58349609375,155.30346773187313,154.00564542306233,154.0529998056212,21417900,0.0,0.0,No News,0.006476117961396799
"2020-01-16 00:00:00.000000",MSFT,157.41607666015625,157.4823959623012,155.38881354596225,155.69196271871374,23865400,0.0,0.0,No News,0.018323952025825374
"2020-01-17 00:00:00.000000",MSFT,158.29701232910156,158.6475157371676,156.71497686229213,158.60014689568655,34371700,0.0,0.0,No News,0.005596224271598116
"2020-01-21 00:00:00.000000",MSFT,157.72862243652344,159.32959395002115,157.66230316439436,157.89913292781256,29517200,0.0,0.0,No News,-0.0035906545816318802
"2020-01-22 00:00:00.000000",MSFT,156.97080993652344,158.66651963033502,156.95185950255714,158.58124990495958,24138800,0.0,0.0,No News,-0.0048045338144316885
"2020-01-23 00:00:00.000000",MSFT,157.93707275390625,158.01286003149272,156.5634626781463,157.4349946879729,19680800,0.0,0.0,No News,0.006155684727457089
"2020-01-24 00:00:00.000000",MSFT,156.3455352783203,158.7043650014878,155.7866204878923,158.6854145724222,24918100,0.0,0.0,No News,-0.010077035415654634
"2020-01-27 00:00:00.000000",MSFT,153.73092651367188,154.7729831980211,151.76050125459204,152.6604514156532,32078100,0.0,0.0,No News,-0.0167232710546803
"2020-01-28 00:00:00.000000",MSFT,156.74342346191406,157.0276076258131,154.4793314082179,155.15191986936853,24899900,0.0,0.0,No News,0.01959590706021186
"2020-01-29 00:00:00.000000",MSFT,159.18743896484375,159.86004164839605,156.9612485392951,158.99797810276644,34754500,0.0,0.0,No News,0.015592459632116862
"2020-01-30 00:00:00.000000",MSFT,163.67779541015625,164.88089473268496,161.7926251689453,164.88089473268496,51597500,0.0,0.0,No News,0.028207982203320547
"2020-01-31 00:00:00.000000",MSFT,161.2621612548828,163.31784241229383,160.64640948856473,163.13786388648447,36142700,0.0,0.0,No News,-0.014758471967563858
"2020-02-03 00:00:00.000000",MSFT,165.19349670410156,165.30717036186377,161.42315656565438,161.45157498009493,30107000,0.0,0.0,No News,0.024378536282947838
"2020-02-04 00:00:00.000000",MSFT,170.63111877441406,171.1237287743186,167.0218351658526,167.80811178619967,36433300,0.0,0.0,No News,0.03291668363950495
"2020-02-05 00:00:00.000000",MSFT,170.4226837158203,174.49615834021887,169.0111876454054,174.3351158434909,39186300,0.0,0.0,No News,-0.001221553606932102
"2020-02-06 00:00:00.000000",MSFT,173.95620727539062,174.1362002133704,170.57427122162437,171.43633505355797,27751400,0.0,0.0,No News,0.02073388050538183
"2020-02-07 00:00:00.000000",MSFT,174.20252990722656,175.85087054547617,172.86680634459037,173.21732428358098,33529100,0.0,0.0,No News,0.001416003692503942
"2020-02-10 00:00:00.000000",MSFT,178.75914001464844,178.89176413177015,173.59625298069977,173.90887006854624,35844300,0.0,0.0,No News,0.026156968614913678
"2020-02-11 00:00:00.000000",MSFT,174.72357177734375,180.65378531596264,173.83308933390472,180.60641646057744,53159900,0.0,0.0,No News,-0.022575451173987515
"2020-02-12 00:00:00.000000",MSFT,174.97933959960938,176.05928293291046,172.2700060504583,175.8035026959606,47062900,0.0,0.0,No News,0.0014638426839828078
"2020-02-13 00:00:00.000000",MSFT,174.03199768066406,176.4192313976913,173.2362386533794,173.4351820239361,35295800,0.0,0.0,No News,-0.005414021570278149
"2020-02-14 00:00:00.000000",MSFT,175.5856170654297,175.64245390384997,173.02784369696806,173.59624099105812,23149500,0.0,0.0,No News,0.008927205372982083
"2020-02-18 00:00:00.000000",MSFT,177.3665313720703,177.81177245607944,175.72767355823675,175.83187922587592,27792200,0.0,0.0,No News,0.010142711780185332
"2020-02-19 00:00:00.000000",MSFT,177.8984832763672,178.75339330512708,177.1290613515988,178.63940916647175,29997500,0.0,0.0,No News,0.0029991673185567613
"2020-02-20 00:00:00.000000",MSFT,175.1817626953125,177.86999994787422,172.0280805137108,177.5850250864562,36862400,0.0,0.0,No News,-0.015271184616196143
"2020-02-21 00:00:00.000000",MSFT,169.643798828125,174.3078432347574,168.3709275932466,173.99437234955488,48572600,0.0,0.0,No News,-0.03161267349969232
"2020-02-24 00:00:00.000000",MSFT,162.32952880859375,165.80619024009897,155.05324119911742,159.36582502799183,68311100,0.0,0.0,No News,-0.0431154576238989
"2020-02-25 00:00:00.000000",MSFT,159.6508331298828,166.08169133903291,159.2518595430359,165.47375160376006,68073300,0.0,0.0,No News,-0.01650159215252478
"2020-02-26 00:00:00.000000",MSFT,161.64559936523438,164.58080718946448,159.78379060390208,161.20865045967483,56206100,0.0,0.0,No News,0.01249455575173064
"2020-02-27 00:00:00.000000",MSFT,150.25621032714844,158.66288904796488,150.06623191703775,155.1387438829772,93174900,0.0,0.0,No News,-0.07045901084106776
"2020-02-28 00:00:00.000000",MSFT,153.89434814453125,155.50920080368482,144.38578921735436,144.77525436429954,97012700,0.0,0.0,No News,0.024212894824524156
"2020-03-02 00:00:00.000000",MSFT,164.13433837890625,164.25783086258915,154.17932227965255,157.02904179044228,71030800,0.0,0.0,No News,0.06653909229179766
"2020-03-03 00:00:00.000000",MSFT,156.2691192626953,166.2336440588436,154.13182955336734,165.09375911275336,71677000,0.0,0.0,No News,-0.047919400619594765
"2020-03-04 00:00:00.000000",MSFT,162.00657653808594,162.14905673296266,157.32352937599967,160.04977122484704,49814400,0.0,0.0,No News,0.03671523396599996
"2020-03-05 00:00:00.000000",MSFT,157.9409942626953,162.310556474439,157.39004662621815,157.7320136249134,47817300,0.0,0.0,No News,-0.025095168123837608
"2020-03-06 00:00:00.000000",MSFT,153.47645568847656,154.93930585017415,148.1854676119302,154.46435242834104,72821100,0.0,0.0,No News,-0.028267129728163587
"2020-03-09 00:00:00.000000",MSFT,143.07493591308594,149.84777500974567,142.48599842448084,143.43590508064403,70419300,0.0,0.0,No News,-0.06777273900892933
"2020-03-10 00:00:00.000000",MSFT,152.85899353027344,152.96348385327482,144.93677465901976,150.23725610009342,65354400,0.0,0.0,No News,0.0683841481720533
"2020-03-11 00:00:00.000000",MSFT,145.9342041015625,149.80031771147364,143.57842451456716,149.2588783066117,56371600,0.0,0.0,No News,-0.04530181227013963
"2020-03-12 00:00:00.000000",MSFT,132.09402465820312,145.7821838160187,131.6380734962404,138.0214477414232,93226400,0.0,0.0,No News,-0.09483848922578386
"2020-03-13 00:00:00.000000",MSFT,150.87367248535156,153.79938665871734,133.68035660445514,140.11122857796408,92727400,0.0,0.0,No News,0.14216879132679372
"2020-03-16 00:00:00.000000",MSFT,128.63633728027344,141.86854244359614,128.23737828715525,132.98691081630918,87905900,0.0,0.0,No News,-0.14739042828852178
"2020-03-17 00:00:00.000000",MSFT,139.227783203125,140.11118916733258,128.2373595768807,132.98689141306144,81059800,0.0,0.0,No News,0.08233634559863812
"2020-03-18 00:00:00.000000",MSFT,133.3668670654297,138.68634927369683,128.25637994155176,131.08709725869974,81593200,0.0,0.0,No News,-0.04209588059837588
"2020-03-19 00:00:00.000000",MSFT,135.56118774414062,142.62848121921525,132.03702760813172,135.61817982543892,85922700,0.0,0.0,No News,0.01645326704446326
"2020-03-20 00:00:00.000000",MSFT,130.4696807861328,139.73127038304972,129.0543146964059,138.6863672974225,84866200,0.0,0.0,No News,-0.03755873670580079
"2020-03-23 00:00:00.000000",MSFT,129.1682586669922,133.5283397365075,125.88159088277926,130.1466610271267,78975200,0.0,0.0,No News,-0.009974900768508266
"2020-03-24 00:00:00.000000",MSFT,140.90911865234375,142.1060100501509,134.19328761949444,136.5490515459888,82516700,0.0,0.0,No News,0.09089586022538709
"2020-03-25 00:00:00.000000",MSFT,139.56024169921875,146.59905135729474,137.204477967515,141.4505605875255,75638200,0.0,0.0,No News,-0.009572673266469045
"2020-03-26 00:00:00.000000",MSFT,148.28990173339844,148.81235319825882,140.9376203324005,140.96611636735446,64568100,0.0,0.0,No News,0.06255119601321635
"2020-03-27 00:00:00.000000",MSFT,142.2010040283203,147.13102121684818,141.7260507653704,144.14831530529963,57042300,0.0,0.0,No News,-0.04106077105658201
"2020-03-30 00:00:00.000000",MSFT,152.20355224609375,152.55502759461282,142.4955042449224,144.8037851504322,63420300,0.0,0.0,No News,0.07034091134673948
"2020-03-31 00:00:00.000000",MSFT,149.80975341796875,156.52558451872216,148.71735229790227,151.41508315184382,77927200,0.0,0.0,No News,-0.015727614715946525
"2020-04-01 00:00:00.000000",MSFT,144.49029541015625,149.84776812499067,143.2649222575526,145.33571171552185,57969900,0.0,0.0,No News,-0.03550808866877464
"2020-04-02 00:00:00.000000",MSFT,147.48251342773438,147.69149406752848,142.82797625652344,144.25283634906882,49630700,0.0,0.0,No News,0.02070878192258019
"2020-04-03 00:00:00.000000",MSFT,146.12416076660156,149.4963327127912,144.56631423720148,147.33054642787957,41243300,0.0,0.0,No News,-0.009210262488497656
"2020-04-06 00:00:00.000000",MSFT,156.99105834960938,158.15943933853654,149.68627471810913,152.28902386275382,67111700,0.0,0.0,No News,0.07436756198288852
"2020-04-07 00:00:00.000000",MSFT,155.30026245117188,161.48415028222087,155.08177345892028,161.0946850293483,62769000,0.0,0.0,No News,-0.01077001401361477
"2020-04-08 00:00:00.000000",MSFT,156.85806274414062,158.32091235571306,155.3097105330273,157.37100586927252,48318200,0.0,0.0,No News,0.010030892854791862
"2020-04-09 00:00:00.000000",MSFT,156.8675994873047,158.98588747288602,155.1482705957952,158.02648687721998,51385100,0.0,0.0,No News,0.0000607985525081
"2020-04-13 00:00:00.000000",MSFT,157.21902465820312,157.27603122535353,154.16983281192037,156.1171440984928,41905300,0.0,0.0,No News,0.0022402661355627185
"2020-04-14 00:00:00.000000",MSFT,164.99874877929688,165.04624700105933,159.58428487008902,160.53419132764907,52874300,0.0,0.0,No News,0.049483350618711786
"2020-04-15 00:00:00.000000",MSFT,163.2699432373047,164.8752876336318,160.76219051302303,162.62399924309832,40940800,0.0,0.0,No News,-0.010477688799353513
"2020-04-16 00:00:00.000000",MSFT,168.17141723632812,168.39939998294219,164.23880544736662,165.56868306098383,50479600,0.0,0.0,No News,0.030020675586929002
"2020-04-17 00:00:00.000000",MSFT,169.65335083007812,170.9832144782494,167.06009497450415,170.5082611046987,52765600,0.0,0.0,No News,0.008812042011083543
"2020-04-20 00:00:00.000000",MSFT,166.29061889648438,169.7957759755915,166.2241329828521,167.78197896307506,36669600,0.0,0.0,No News,-0.01982119372909885
"2020-04-21 00:00:00.000000",MSFT,159.4133758544922,164.97032227670314,157.78902874988998,164.8088398501871,56203700,0.0,0.0,No News,-0.041356770981009205
"2020-04-22 00:00:00.000000",MSFT,164.82781982421875,165.28377099611347,162.2630745524747,162.80451385139472,34620200,0.0,0.0,No News,0.03396480339685359
"2020-04-23 00:00:00.000000",MSFT,162.8330078125,166.29066768522947,162.34856060445543,165.38825920227922,32790800,0.0,0.0,No News,-0.012102398817421256
"2020-04-24 00:00:00.000000",MSFT,165.8062286376953,165.81572248734633,162.1585901407804,163.44095557616316,34277600,0.0,0.0,No News,0.01825932509100947
"2020-04-27 00:00:00.000000",MSFT,165.3312530517578,168.03847827027482,164.61882307408098,167.74400953194305,33194400,0.0,0.0,No News,-0.0028646426002209013
"2020-04-28 00:00:00.000000",MSFT,161.30361938476562,166.87007201792395,160.9046603967209,166.7940777590931,34392700,0.0,0.0,No News,-0.024360994020479088
"2020-04-29 00:00:00.000000",MSFT,168.54190063476562,168.7793772559572,163.26993123985068,164.54280245077612,51286600,0.0,0.0,No News,0.044873644358432996
"2020-04-30 00:00:00.000000",MSFT,170.23280334472656,171.3631802570195,167.4020706557273,170.98322333626544,53875900,0.0,0.0,No News,0.010032536144380932
"2020-05-01 00:00:00.000000",MSFT,165.82522583007812,169.69133870777904,165.29326588269856,166.99360705670193,39370500,0.0,0.0,No News,-0.025891469963770453
"2020-05-04 00:00:00.000000",MSFT,169.8812713623047,170.03325987772834,165.09374908184085,165.74918687198553,30372900,0.0,0.0,No News,0.024459761848193207
"2020-05-05 00:00:00.000000",MSFT,171.70510864257812,174.450338086352,170.88818840181372,171.572122300799,36839200,0.0,0.0,No News,0.010735952619425282
"2020-05-06 00:00:00.000000",MSFT,173.3959197998047,174.9727680108776,172.53151593213528,172.95897094263947,32139300,0.0,0.0,No News,0.009847180265009747
"2020-05-07 00:00:00.000000",MSFT,174.40284729003906,175.3052556080261,173.4339385566434,174.94428648306186,28316000,0.0,0.0,No News,0.005807100255859066
"2020-05-08 00:00:00.000000",MSFT,175.42869567871094,175.73267266442528,174.17482684869043,175.71367047921302,30877800,0.0,0.0,No News,0.0058820621601769485
"2020-05-11 00:00:00.000000",MSFT,177.3855743408203,178.11699203070202,173.69043802497885,173.97539842652998,30892700,0.0,0.0,No News,0.011154837893187608
"2020-05-12 00:00:00.000000",MSFT,173.36746215820312,177.67053823942587,173.16798987319115,177.4425699136979,32038200,0.0,0.0,No News,-0.022651854287186746
"2020-05-13 00:00:00.000000",MSFT,170.74569702148438,174.83029795760064,167.69649071381875,173.405438177171,44711500,0.0,0.0,No News,-0.015122590502745559
"2020-05-14 00:00:00.000000",MSFT,171.4866180419922,171.63860655955162,166.87956575262888,168.64639240959448,41873900,0.0,0.0,No News,0.004339324700022074
"2020-05-15 00:00:00.000000",MSFT,173.98495483398438,177.68958602183042,168.13352473188402,170.09033066671702,46610400,0.0,0.0,No News,0.014568698248981882
"2020-05-18 00:00:00.000000",MSFT,175.64724731445312,176.87262055157336,174.74483886920328,176.44516544534193,35264500,0.0,0.0,No News,0.009554231180821882
"2020-05-19 00:00:00.000000",MSFT,174.43133544921875,177.25255891726619,174.29834911883097,175.76119875309638,26799100,0.0,0.0,No News,-0.0069224646774997955
"2020-05-20 00:00:00.000000",MSFT,176.850830078125,177.03181730648205,175.21243926902898,176.0411549622514,31261300,0.0,0.0,No News,0.013870756780456128
"2020-05-21 00:00:00.000000",MSFT,174.7266387939453,177.81291307895333,174.5932820706001,176.6031677448123,29119500,0.0,0.0,No News,-0.012011203358453626
"2020-05-22 00:00:00.000000",MSFT,174.80284118652344,175.70777736396283,173.878864430985,174.49803205422208,20826900,0.0,0.0,No News,0.0004361234961314
"2020-05-26 00:00:00.000000",MSFT,172.95492553710938,177.65100133015423,172.5072247999281,177.49858947605117,36073600,0.0,0.0,No News,-0.010571427997799199
"2020-05-27 00:00:00.000000",MSFT,173.18350219726562,173.3549691405075,168.22071368879833,171.64989267092176,39517100,0.0,0.0,No News,0.0013215967076185553
"2020-05-28 00:00:00.000000",MSFT,172.79298400878906,175.41250287324576,171.82139111320652,172.16431052776355,33810200,0.0,0.0,No News,-0.0022549387414035893
"2020-05-29 00:00:00.000000",MSFT,174.55517578125,175.52678301222977,171.84993125203522,174.05984460970063,42130400,0.0,0.0,No News,0.010198283122255125
"2020-06-01 00:00:00.000000",MSFT,174.1551055908203,174.31703770681008,172.8501138394492,173.87885733693813,22622400,0.0,0.0,No News,-0.0022919411506368004
"2020-06-02 00:00:00.000000",MSFT,176.1364288330078,176.22215504170484,172.74534536425864,175.50774089964386,30794600,0.0,0.0,No News,0.011376773798654094
"2020-06-03 00:00:00.000000",MSFT,176.56509399414062,177.11757606945213,174.8695520717133,176.0507221501166,27311000,0.0,0.0,No News,0.002433710981725623
"2020-06-04 00:00:00.000000",MSFT,174.24081420898438,177.02226437046897,173.65023660617592,175.55534065114813,28761800,0.0,0.0,No News,-0.013163869101065817
"2020-06-05 00:00:00.000000",MSFT,178.31777954101562,178.82263107426536,173.3740310033493,173.95508846130764,39893600,0.0,0.0,No News,0.023398452024801397
"2020-06-08 00:00:00.000000",MSFT,179.42276000976562,179.60374728060464,175.68875656728133,177.1175850825848,33211600,0.0,0.0,No News,0.006196692621420974
"2020-06-09 00:00:00.000000",MSFT,180.79440307617188,181.651694207209,178.37491244759534,179.07980627930513,29783900,0.0,0.0,No News,0.007644755137707238
"2020-06-10 00:00:00.000000",MSFT,187.5003662109375,189.10066141937924,181.94698529918034,182.06130144357863,43872300,0.0,0.0,No News,0.03709165228937028
"2020-06-11 00:00:00.000000",MSFT,177.431884765625,186.47159494477742,177.2413772514786,183.96639279090866,52854700,0.0,0.0,No News,-0.053698462828523086
"2020-06-12 00:00:00.000000",MSFT,178.83218383789062,182.62333812997463,176.39363760698498,181.49931879626405,43373600,0.0,0.0,No News,0.007892037409822583
"2020-06-15 00:00:00.000000",MSFT,179.97520446777344,181.7660071501727,175.27911483833037,175.8220765372761,32770200,0.0,0.0,No News,0.006391582350294023
"2020-06-16 00:00:00.000000",MSFT,184.3855438232422,186.3001685905178,182.37565801817837,183.73780074282863,42556700,0.0,0.0,No News,0.024505260980317356
"2020-06-17 00:00:00.000000",MSFT,185.0237579345703,187.00506839796026,184.49985127974222,185.7762678316549,25687800,0.0,0.0,No News,0.00346130232389541
"2020-06-18 00:00:00.000000",MSFT,187.0050506591797,187.166982785349,184.79512262836676,184.79512262836676,23061600,0.0,0.0,No News,0.010708315227874854
"2020-06-19 00:00:00.000000",MSFT,185.8905487060547,189.83411407758476,185.14755918205572,189.1673304707642,44441100,0.0,0.0,No News,-0.005959742526720269
"2020-06-22 00:00:00.000000",MSFT,191.05337524414062,191.2343479278254,185.96673615488078,186.5001629873626,32818900,0.0,0.0,No News,0.027773475166022576
"2020-06-23 00:00:00.000000",MSFT,192.32981872558594,194.2730188236847,191.87258320326245,192.50127114536238,30917400,0.0,0.0,No News,0.006681083125666731
"2020-06-24 00:00:00.000000",MSFT,188.45289611816406,193.60620625264835,187.2336306437843,192.03450116709675,36740600,0.0,0.0,No News,-0.020157678269085433
"2020-06-25 00:00:00.000000",MSFT,190.83428955078125,191.09148269469972,186.1953653454678,188.41481354457534,27803900,0.0,0.0,No News,0.012636544630887592
"2020-06-26 00:00:00.000000",MSFT,187.0145263671875,190.40560898868955,185.63332894458102,190.25319718811232,54675800,0.0,0.0,No News,-0.02001612599384195
"2020-06-29 00:00:00.000000",MSFT,189.0244598388672,189.11018604803854,184.36648018824906,186.49066751265465,26701600,0.0,0.0,No News,0.010747472459617047
"2020-06-30 00:00:00.000000",MSFT,193.85391235351562,194.7016833148076,188.35769607555034,188.4910528154796,34310300,0.0,0.0,No News,0.025549352283642524
"2020-07-01 00:00:00.000000",MSFT,194.98744201660156,196.55916194472687,192.19647091012706,193.50146283713315,32061200,0.0,0.0,No News,0.005847339624587056
"2020-07-02 00:00:00.000000",MSFT,196.473388671875,198.1498896510141,195.2731782720934,195.92090671600337,29315800,0.0,0.0,No News,0.0076207300321777804
"2020-07-06 00:00:00.000000",MSFT,200.7027587890625,201.11236382000442,198.2165968027034,198.92149070943458,31897600,0.0,0.0,No News,0.021526427297748896
"2020-07-07 00:00:00.000000",MSFT,198.3690185546875,204.48440264062543,198.12136018661715,200.46463072969885,33600700,0.0,0.0,No News,-0.011627843326397658
"2020-07-08 00:00:00.000000",MSFT,202.73167419433594,203.14126463883366,198.78810890651903,200.10263551405538,33600000,0.0,0.0,No News,0.021992626023129347
"2020-07-09 00:00:00.000000",MSFT,204.15101623535156,206.11327165088568,201.43623636214315,206.06564112885147,33121700,0.0,0.0,No News,0.007001086764839126
"2020-07-10 00:00:00.000000",MSFT,203.5318145751953,203.9223644420307,201.0647080140899,203.48418406110454,26177600,0.0,0.0,No News,-0.0030330569574162913
"2020-07-13 00:00:00.000000",MSFT,197.2449951171875,205.56077192573022,196.70203337523782,204.30339601897944,38135600,0.0,0.0,No News,-0.03088863267459907
"2020-07-14 00:00:00.000000",MSFT,198.46424865722656,198.94052473796404,192.44411202000435,196.34958169596874,37591800,0.0,0.0,No News,0.006181416868471956
"2020-07-15 00:00:00.000000",MSFT,198.1689453125,201.30285006378293,195.30176853848567,199.61682866793632,32179400,0.0,0.0,No News,-0.0014879422703309997
"2020-07-16 00:00:00.000000",MSFT,194.2444610595703,195.9400029714762,192.71085129264486,195.6542343777719,29940700,0.0,0.0,No News,-0.019803729826290528
"2020-07-17 00:00:00.000000",MSFT,193.25379943847656,195.3113011914256,191.8344913952592,194.76835398301196,31635300,0.0,0.0,No News,-0.005100076551423194
"2020-07-20 00:00:00.000000",MSFT,201.56005859375,202.22684225080772,193.37762385459058,195.27320803339165,36884800,0.0,0.0,No News,0.04298109108027015
"2020-07-21 00:00:00.000000",MSFT,198.84527587890625,203.78902422512718,198.15943711788177,203.5223107663725,37990400,0.0,0.0,No News,-0.01346885257815622
"2020-07-22 00:00:00.000000",MSFT,201.70294189453125,202.22684854667068,198.502365706218,199.27393071446238,49605700,0.0,0.0,No News,0.014371304538133733
"2020-07-23 00:00:00.000000",MSFT,192.92991638183594,200.91230847679552,192.55842160486344,197.35929283705426,67457000,0.0,0.0,No News,-0.04349478213006264
"2020-07-24 00:00:00.000000",MSFT,191.74874877929688,193.2347277928302,188.13856802751238,190.91049824456846,39827000,0.0,0.0,No News,-0.0061222625536278
"2020-07-27 00:00:00.000000",MSFT,194.177734375,194.29203596584566,191.3295986131763,191.9106559246256,30160900,0.0,0.0,No News,0.012667543392937075
"2020-07-28 00:00:00.000000",MSFT,192.43463134765625,194.98746468926353,192.16791785031805,193.9491861078544,23251400,0.0,0.0,No News,-0.008976842957583608
"2020-07-29 00:00:00.000000",MSFT,194.37779235839844,194.93979464709193,192.42505751425415,192.8918133073751,19632600,0.0,0.0,No News,0.010097771888219143
"2020-07-30 00:00:00.000000",MSFT,194.2253875732422,194.75882901393874,190.10084934195524,191.4629920099021,25079600,0.0,0.0,No News,-0.0007840648013702
"2020-07-31 00:00:00.000000",MSFT,195.28269958496094,195.3684403198741,189.56738702018401,194.70164222615028,51044000,0.0,0.0,No News,0.0054437374275804196
"2020-08-03 00:00:00.000000",MSFT,206.265625,207.3134381221961,200.455065920416,201.48382393090174,78983000,0.0,0.0,No News,0.056241159295633114
"2020-08-04 00:00:00.000000",MSFT,203.1698455810547,204.57963325518696,200.3312441892674,204.0080961402909,49280100,0.0,0.0,No News,-0.015008702584084488
"2020-08-05 00:00:00.000000",MSFT,202.83648681640625,204.79874220686773,201.53149483115251,204.70348116401652,28806400,0.0,0.0,No News,-0.0016407885909203168
"2020-08-06 00:00:00.000000",MSFT,206.0846710205078,206.10371159915528,201.5124176259521,202.26492745672695,32656800,0.0,0.0,No News,0.016013806268699637
"2020-08-07 00:00:00.000000",MSFT,202.39830017089844,205.4655196114251,200.92184126067818,204.6558589111581,27820400,0.0,0.0,No News,-0.017887651863454423
"2020-08-10 00:00:00.000000",MSFT,198.3690185546875,201.8267880910728,196.55917497963108,201.62674571066594,36716500,0.0,0.0,No News,-0.019907685058662805
"2020-08-11 00:00:00.000000",MSFT,193.73004150390625,197.79742831175162,193.50142377829144,197.33068710729214,36446500,0.0,0.0,No News,-0.023385592591931625
"2020-08-12 00:00:00.000000",MSFT,199.26438903808594,200.30266740602258,195.03505511443325,195.54942688645932,28013100,0.0,0.0,No News,0.028567317134797987
"2020-08-13 00:00:00.000000",MSFT,198.797607421875,201.32187904342692,198.27370089402152,199.50250116251334,22588900,0.0,0.0,No News,-0.002342524012766356
"2020-08-14 00:00:00.000000",MSFT,198.98812866210938,199.6453919392723,197.6640818192709,198.85477194897427,17958900,0.0,0.0,No News,0.0009583678732614
"2020-08-17 00:00:00.000000",MSFT,200.3026885986328,201.169514645871,199.00721694022218,199.65496003682452,20184800,0.0,0.0,No News,0.00660622292074331
"2020-08-18 00:00:00.000000",MSFT,201.4552764892578,202.28399227877523,199.28345856619634,200.54081995254023,21336200,0.0,0.0,No News,0.005754230752911038
"2020-08-19 00:00:00.000000",MSFT,200.2330322265625,202.5246923005992,199.8033505157827,201.94223033756498,27627600,0.0,0.0,No News,-0.006067074955768081
"2020-08-20 00:00:00.000000",MSFT,204.89271545410156,205.2937526644037,199.47869126013373,200.080239790624,26981500,0.0,0.0,No News,0.02327130132188504
"2020-08-21 00:00:00.000000",MSFT,203.40316772460938,206.487344560312,203.24084416167003,204.20524223675469,36249300,0.0,0.0,No News,-0.007269891104673576
"2020-08-24 00:00:00.000000",MSFT,204.04293823242188,205.79032438204533,202.83981177895026,205.0932698409318,25460100,0.0,0.0,No News,0.003145332076040619
"2020-08-25 00:00:00.000000",MSFT,206.6974334716797,206.83111256977526,203.47957724399592,203.47957724399592,23043700,0.0,0.0,No News,0.013009493306914255
"2020-08-26 00:00:00.000000",MSFT,211.16612243652344,212.0636882339954,207.54722933961594,208.04375788990563,39600800,0.0,0.0,No News,0.02161947001367115
"2020-08-27 00:00:00.000000",MSFT,216.35098266601562,220.71466112899327,209.49511824885343,212.82756644310686,57602200,0.0,0.0,No News,0.024553466103687027
"2020-08-28 00:00:00.000000",MSFT,218.5758056640625,220.2277003121461,216.35099233448315,217.8787512019263,26292900,0.0,0.0,No News,0.010283396777917009
"2020-08-31 00:00:00.000000",MSFT,215.34840393066406,218.37529192711878,214.18347989796817,216.7520416656349,28774200,0.0,0.0,No News,-0.014765594588994735
"2020-09-01 00:00:00.000000",MSFT,217.0098419189453,217.18170877943533,214.29804337071027,215.3292882434317,25725500,0.0,0.0,No News,0.007715116332212002
"2020-09-02 00:00:00.000000",MSFT,221.1920928955078,222.3474735322865,217.08622920281584,217.67823447442825,34080800,0.0,0.0,No News,0.01927217189589303
"2020-09-03 00:00:00.000000",MSFT,207.4899444580078,218.95774500180633,205.2555877927425,218.9195572217702,58400300,0.0,0.0,No News,-0.06194682756572567
"2020-09-04 00:00:00.000000",MSFT,204.57765197753906,208.50210600083884,195.92666935229124,205.3892844294588,59664100,0.0,0.0,No News,-0.014035824666472685
"2020-09-08 00:00:00.000000",MSFT,193.5109100341797,200.54818643950455,193.07167034102994,197.17754959031063,52924300,0.0,0.0,No News,-0.05409555655949372
"2020-09-09 00:00:00.000000",MSFT,201.7512664794922,205.14100397041202,197.3684863965206,198.22786446784107,45679000,0.0,0.0,No News,0.04258342045860375
"2020-09-10 00:00:00.000000",MSFT,196.09849548339844,205.04549349225732,194.8953838654287,203.76597718370772,35461500,0.0,0.0,No News,-0.02801851554507262
"2020-09-11 00:00:00.000000",MSFT,194.81900024414062,199.21133762376908,192.15496208335907,197.8458878476529,33620100,0.0,0.0,No News,-0.006524758061522862
"2020-09-14 00:00:00.000000",MSFT,196.13671875,199.75561186121092,194.81901452553066,195.019540434878,30375800,0.0,0.0,No News,0.006763808993003995
"2020-09-15 00:00:00.000000",MSFT,199.35459899902344,200.30945387096816,197.58811165795407,199.01085066232616,21823900,0.0,0.0,No News,0.016406312237358334
"2020-09-16 00:00:00.000000",MSFT,195.79296875,201.14014659025136,195.40147480702015,201.11150211344088,26328100,0.0,0.0,No News,-0.017865804284960984
"2020-09-17 00:00:00.000000",MSFT,193.7495880126953,195.10548005964475,190.93276930959968,191.01870274350762,34011300,0.0,0.0,No News,-0.01043643574307207
"2020-09-18 00:00:00.000000",MSFT,191.3433380126953,194.4561591751333,187.3902400287708,193.64454139976738,55225300,0.0,0.0,No News,-0.012419381247109174
"2020-09-21 00:00:00.000000",MSFT,193.3962860107422,193.55862414931087,187.5143914784935,188.2878215402221,39839700,0.0,0.0,No News,0.010729132351138704
"2020-09-22 00:00:00.000000",MSFT,198.05601501464844,198.705323966959,192.9570930003208,195.80255671533027,33517100,0.0,0.0,No News,0.02409420108330007
"2020-09-23 00:00:00.000000",MSFT,191.53433227539062,198.70530157646007,190.99961588664098,198.51431894911047,30803800,0.0,0.0,No News,-0.032928476011069185
"2020-09-24 00:00:00.000000",MSFT,194.01690673828125,196.2894653279611,190.2070316738047,190.82769590010727,31202500,0.0,0.0,No News,0.012961511565044992
"2020-09-25 00:00:00.000000",MSFT,198.4379425048828,199.60285202097856,193.39629547770284,194.360708203797,29437300,0.0,0.0,No News,0.02278685832552374
"2020-09-28 00:00:00.000000",MSFT,199.9847869873047,202.97348710410114,198.66708273160546,201.35978019848167,32004900,0.0,0.0,No News,0.007795104418520271
"2020-09-29 00:00:00.000000",MSFT,197.90321350097656,200.58636790258805,197.47353172695807,199.8988712361869,24221900,0.0,0.0,No News,-0.010408659166960876
"2020-09-30 00:00:00.000000",MSFT,200.83460998535156,202.41011456289073,197.21570216747432,198.35198170021263,33829100,0.0,0.0,No News,0.014812273295201184
"2020-10-01 00:00:00.000000",MSFT,202.8684844970703,204.32941137191665,201.77995046149988,203.85198390772032,27158400,0.0,0.0,No News,0.010127111616205386
"2020-10-02 00:00:00.000000",MSFT,196.88148498535156,201.4647902745246,196.2608207134227,198.60976959147385,33154800,0.0,0.0,No News,-0.029511727888937855
"2020-10-05 00:00:00.000000",MSFT,200.88232421875,200.910968692412,197.63580969444047,197.8649800536622,21331600,0.0,0.0,No News,0.020321053722731186
"2020-10-06 00:00:00.000000",MSFT,196.6141357421875,200.69135484092243,195.57334761084354,199.39276642965575,28554300,0.0,0.0,No News,-0.02124720775290645
"2020-10-07 00:00:00.000000",MSFT,200.357177734375,200.62453590384288,197.3875788228527,197.71222594721692,25681100,0.0,0.0,No News,0.019037501947955615
"2020-10-08 00:00:00.000000",MSFT,201.07333374023438,201.6557957748077,198.91536704931994,201.00648690794026,19925800,0.0,0.0,No News,0.0035743965549805967
"2020-10-09 00:00:00.000000",MSFT,206.0671844482422,206.1149300958309,201.6939483017704,201.6939483017704,26458000,0.0,0.0,No News,0.024835967132565306
"2020-10-12 00:00:00.000000",MSFT,211.40487670898438,213.7538262590531,207.02209605561117,208.91270474668647,40461400,0.0,0.0,No News,0.025902679628657
"2020-10-13 00:00:00.000000",MSFT,212.79893493652344,215.04284947727942,210.47863026566432,212.66525585132484,28950800,0.0,0.0,No News,0.006594257659713776
"2020-10-14 00:00:00.000000",MSFT,210.88922119140625,214.09753374216916,209.23732654938445,212.93260977868263,23421700,0.0,0.0,No News,-0.008974263643221958
"2020-10-15 00:00:00.000000",MSFT,209.74342346191406,210.41181895444555,206.2581944574021,207.29899733498226,22733100,0.0,0.0,No News,-0.00543317350701511
"2020-10-16 00:00:00.000000",MSFT,209.74342346191406,212.2546818531345,209.4187763041029,210.21129302172162,26057900,0.0,0.0,No News,0.0
"2020-10-19 00:00:00.000000",MSFT,204.54898071289062,212.26420865277728,204.0715533495555,210.46907710426066,27625800,0.0,0.0,No News,-0.024765700222141418
"2020-10-20 00:00:00.000000",MSFT,204.95957946777344,207.5567857207398,203.4700082929691,206.05767124299427,22753500,0.0,0.0,No News,0.0020073370859723383
"2020-10-21 00:00:00.000000",MSFT,205.1028289794922,207.1271166414113,203.49866522161116,203.49866522161116,22724900,0.0,0.0,No News,0.0006989159135218
"2020-10-22 00:00:00.000000",MSFT,205.188720703125,206.30589892543762,202.14273195608644,204.27205380357498,22351500,0.0,0.0,No News,0.0004187739587025
"2020-10-23 00:00:00.000000",MSFT,206.46824645996094,206.5159921132841,203.53684984099252,205.32242362984323,18879600,0.0,0.0,No News,0.006235848405562239
"2020-10-26 00:00:00.000000",MSFT,200.5959014892578,206.57328739211215,198.70529303319933,204.19570822507853,37111600,0.0,0.0,No News,-0.028441879424020322
"2020-10-27 00:00:00.000000",MSFT,203.62277221679688,204.97866419195947,200.83459813928872,202.0377098600853,36700300,0.0,0.0,No News,0.015089394673904355
"2020-10-28 00:00:00.000000",MSFT,193.52996826171875,199.4118774599647,192.97616528668934,198.29469906700677,51195600,0.0,0.0,No News,-0.049566184789647805
"2020-10-29 00:00:00.000000",MSFT,195.47787475585938,197.9986908313189,194.18881495491607,194.8572249672143,31432600,0.0,0.0,No News,0.010065141391985222
"2020-10-30 00:00:00.000000",MSFT,193.32945251464844,195.06728067422344,190.608110506775,194.31295179301887,36953700,0.0,0.0,No News,-0.010990615914431179
"2020-11-02 00:00:00.000000",MSFT,193.19577026367188,196.01258896348594,191.0855347795148,195.0672774818165,30842200,0.0,0.0,No News,-0.0006914737989362
"2020-11-03 00:00:00.000000",MSFT,197.11065673828125,198.72436357805273,193.95008988401975,194.68533211248038,27512000,0.0,0.0,No News,0.020263831186709602
"2020-11-04 00:00:00.000000",MSFT,206.62103271484375,208.46391008308424,202.8302579359049,204.35803146698734,42311800,0.0,0.0,No News,0.04824891831794842
"2020-11-05 00:00:00.000000",MSFT,213.20950317382812,214.0020343366813,211.16611466391598,212.01593477855405,36080100,0.0,0.0,No News,0.03188673666188224
"2020-11-06 00:00:00.000000",MSFT,213.6201171875,214.2312236771775,208.18699104009195,212.22602276764897,25231900,0.0,0.0,No News,0.0019258710684069147
"2020-11-09 00:00:00.000000",MSFT,208.53073120117188,217.8214639696989,208.04376051699998,214.30760543386708,44395000,0.0,0.0,No News,-0.023824469592725883
"2020-11-10 00:00:00.000000",MSFT,201.48390197753906,206.72605996738244,200.252145721527,204.81635040648283,44045100,0.0,0.0,No News,-0.0337927613020963
"2020-11-11 00:00:00.000000",MSFT,206.77381896972656,208.19654335969426,202.62019457864048,202.80161932982716,29440800,0.0,0.0,No News,0.02625478730691455
"2020-11-12 00:00:00.000000",MSFT,205.7139129638672,209.21822820406635,204.77815937346904,207.40400997799867,21593900,0.0,0.0,No News,-0.0051259197665375344
"2020-11-13 00:00:00.000000",MSFT,206.73562622070312,207.60454766415813,204.49172597949683,206.59240381570694,18621100,0.0,0.0,No News,0.004966670664688477
"2020-11-16 00:00:00.000000",MSFT,207.42312622070312,207.9101115453344,204.83547759620686,205.16966806985056,24953300,0.0,0.0,No News,0.0033255032650543193
"2020-11-17 00:00:00.000000",MSFT,204.77813720703125,207.85275581409536,204.41528777312377,206.3440982697899,24154100,0.0,0.0,No News,-0.012751659189908948
"2020-11-18 00:00:00.000000",MSFT,202.0784149169922,205.99399180635928,201.93480295916703,204.53880869388323,28372800,0.0,0.0,No News,-0.013183645123745036
"2020-11-19 00:00:00.000000",MSFT,203.3612518310547,203.94523869108724,200.9774337417931,202.36560952624848,24792700,0.0,0.0,No News,0.0063482134625285624
"2020-11-20 00:00:00.000000",MSFT,201.4178466796875,204.194169355236,201.0444789459679,203.15065627997777,22843100,0.0,0.0,No News,-0.009556418117359411
"2020-11-23 00:00:00.000000",MSFT,201.14979553222656,203.23682175525894,199.28295679876337,201.9539699700148,25683500,0.0,0.0,No News,-0.0013308212349584236
"2020-11-24 00:00:00.000000",MSFT,204.73989868164062,205.11326647035582,199.9531246683301,200.65198958401243,33979700,0.0,0.0,No News,0.017847908519692757
"2020-11-25 00:00:00.000000",MSFT,204.74940490722656,206.1088465619645,203.39954614677848,205.9365297615939,21012900,0.0,0.0,No News,0.0000464307428456
"2020-11-27 00:00:00.000000",MSFT,206.0514373779297,207.04709439516884,204.91218300631596,205.68765254415658,14512200,0.0,0.0,No News,0.006359151428513732
"2020-11-30 00:00:00.000000",MSFT,204.94091796875,205.60148040979328,201.8486519158757,204.9696374397487,33064800,0.0,0.0,No News,-0.005389525175419352
"2020-12-01 00:00:00.000000",MSFT,206.9896240234375,208.05228810866888,204.2515895538909,205.36210967793204,30904500,0.0,0.0,No News,0.00999656913315805
"2020-12-02 00:00:00.000000",MSFT,206.1854705810547,206.28121189127353,203.72507667561828,205.71637614197203,23724500,0.0,0.0,No News,-0.0038849939757934493
"2020-12-03 00:00:00.000000",MSFT,205.1036834716797,207.15242201812288,204.5388330764818,205.4579000486771,25120900,0.0,0.0,No News,-0.005246669934241277
"2020-12-04 00:00:00.000000",MSFT,205.2185516357422,206.19505750838957,204.08886550697892,205.08452256365908,24666000,0.0,0.0,No News,0.0005600492498146
"2020-12-07 00:00:00.000000",MSFT,205.15155029296875,206.3482437733022,203.90700075988175,205.22814042867907,24620000,0.0,0.0,No News,-0.00032648774801
"2020-12-08 00:00:00.000000",MSFT,206.7981719970703,207.69808770235701,203.8112301736273,204.84517494514358,23284100,0.0,0.0,No News,0.008026367345262964
"2020-12-09 00:00:00.000000",MSFT,202.76768493652344,206.05140384207715,202.202849290483,205.98439662363234,32440600,0.0,0.0,No News,-0.019489954972155
"2020-12-10 00:00:00.000000",MSFT,201.5423126220703,203.9931382813653,201.38913236634608,202.73900597977865,26733300,0.0,0.0,No News,-0.006043232751001382
"2020-12-11 00:00:00.000000",MSFT,204.16546630859375,204.22291986369575,200.19244998636745,201.0923657780035,30979400,0.0,0.0,No News,0.013015399359053381
"2020-12-14 00:00:00.000000",MSFT,205.0653533935547,206.98964549805916,203.8016529116194,204.0122720932873,28798400,0.0,0.0,No News,0.004407636125890013
"2020-12-15 00:00:00.000000",MSFT,204.99835205078125,206.23333309866626,203.1889523803943,205.99399444063587,27000600,0.0,0.0,No News,-0.0003267316573212
"2020-12-16 00:00:00.000000",MSFT,209.9287109375,210.72331699112576,205.56317639407263,205.59189586280007,35023300,0.0,0.0,No News,0.024050724493128728
"2020-12-17 00:00:00.000000",MSFT,210.06277465820312,211.47008729036386,208.62674255257576,210.49358136827655,32515800,0.0,0.0,No News,0.000638615461908
"2020-12-18 00:00:00.000000",MSFT,209.26815795898438,210.32125396009562,206.80776400449466,209.26815795898438,63354900,0.0,0.0,No News,-0.0037827582755283196
"2020-12-21 00:00:00.000000",MSFT,213.0975799560547,214.44745359399022,208.01402881752463,208.27251867774226,37181900,0.0,0.0,No News,0.0182991145639122
"2020-12-22 00:00:00.000000",MSFT,214.39002990722656,216.00796180865703,212.38916194035403,213.19333644262701,22612200,0.0,0.0,No News,0.006065061609044964
"2020-12-23 00:00:00.000000",MSFT,211.59451293945312,214.0261871402473,211.38389376362787,213.59538050172162,18699600,0.0,0.0,No News,-0.013039398189286788
"2020-12-24 00:00:00.000000",MSFT,213.2506866455078,214.07401199084126,211.7667844453283,211.9774035760928,10550600,0.0,0.0,No News,0.007827110840670004
"2020-12-28 00:00:00.000000",MSFT,215.3665008544922,216.39086269746974,213.50923056206076,214.87824065113975,17933500,0.0,0.0,No News,0.009921722843038383
"2020-12-29 00:00:00.000000",MSFT,214.59103393554688,217.4918172885593,214.0453493940068,216.65892343712179,17403200,0.0,0.0,No News,-0.0036006849527133733
"2020-12-30 00:00:00.000000",MSFT,212.2263946533203,216.00795761448887,212.0253583356928,215.62500694840796,20272300,0.0,0.0,No News,-0.011019282767129934
"2018-01-02 00:00:00.000000",NVDA,4.92826509475708,4.931973666131413,4.808365308298831,4.840008640503378,355616000,1.0,-0.5712,negative,0.0
"2018-01-03 00:00:00.000000",NVDA,5.2526140213012695,5.283021951983341,5.037041087712095,5.045693635907356,914704000,4.0,-0.30225,negative,0.06581401777458096
"2018-01-04 00:00:00.000000",NVDA,5.28030252456665,5.390561458402305,5.2580529787285135,5.333948798451929,583268000,2.0,-0.40595,negative,0.00527137595739835
"2018-01-05 00:00:00.000000",NVDA,5.325047492980957,5.362376981411022,5.218249612260573,5.295134203144095,580124000,1.0,0.0,neutral,0.0084739403104519
"2018-01-08 00:00:00.000000",NVDA,5.488213062286377,5.562377912508374,5.403664680365826,5.448658412630829,881216000,10.0,0.23123,neutral,0.030641148181399513
"2018-01-09 00:00:00.000000",NVDA,5.486729145050049,5.5332058306834355,5.405147628453449,5.4936511845474225,497000000,2.0,0.0,neutral,-0.0002703825852763
"2018-01-10 00:00:00.000000",NVDA,5.529745578765869,5.533206598995135,5.339883156644001,5.394270684750839,582664000,1.0,0.0,neutral,0.007840086976888205
"2018-01-11 00:00:00.000000",NVDA,5.539633274078369,5.593773709416241,5.518124971293101,5.562376981636238,406032000,1.0,-0.7936,negative,0.0017880922678374933
"2018-01-12 00:00:00.000000",NVDA,5.5124406814575195,5.5621313146029365,5.471897232768536,5.5277681920478,359916000,4.0,0.173725,neutral,-0.004908735159074862
"2018-01-16 00:00:00.000000",NVDA,5.441488742828369,5.624429112773191,5.356940833635393,5.538892408082142,702348000,1.0,0.0,neutral,-0.01287123848204208
"2018-01-17 00:00:00.000000",NVDA,5.555455207824707,5.565343633291384,5.362131798241989,5.456073962053945,538408000,1.0,0.0,neutral,0.020943986174103646
"2018-01-18 00:00:00.000000",NVDA,5.548533916473389,5.60292144269287,5.505023612580628,5.53617279356308,408632000,0.0,0.0,No News,-0.0012458549466063396
"2018-01-19 00:00:00.000000",NVDA,5.688704967498779,5.712932105133003,5.611820820502418,5.638767263367014,609380000,2.0,0.4598,neutral,0.02526271860918583
"2018-01-22 00:00:00.000000",NVDA,5.777207851409912,5.778938361040246,5.639013690393766,5.696615141601372,550944000,2.0,0.38745,neutral,0.015557650540285684
"2018-01-23 00:00:00.000000",NVDA,5.906256675720215,5.929000387141968,5.812066947907038,5.830607924745259,475228000,6.0,-0.09194999999999999,neutral,0.022337576841520157
"2018-01-24 00:00:00.000000",NVDA,5.829370975494385,5.945315597878204,5.773747112158568,5.909469055780841,579972000,1.0,0.0,neutral,-0.013017669980699642
"2018-01-25 00:00:00.000000",NVDA,5.842967510223389,5.92702123672238,5.828134638349595,5.883758025758446,409884000,2.0,0.0,neutral,0.0023324188469324714
"2018-01-26 00:00:00.000000",NVDA,6.01552677154541,6.015773852558797,5.87387154864693,5.886726834272848,516356000,1.0,0.0,neutral,0.029532812054849922
"2018-01-29 00:00:00.000000",NVDA,6.102545738220215,6.133695386472402,5.948282811925666,6.000939820891114,455116000,2.0,-0.4586,negative,0.014465726773326137
"2018-01-30 00:00:00.000000",NVDA,6.000446319580078,6.091916747754112,5.893895933659216,5.960644586256865,570832000,0.0,0.0,No News,-0.016730627351252525
"2018-01-31 00:00:00.000000",NVDA,6.0765886306762695,6.162372886297122,6.043214307710105,6.075846916184319,478576000,2.0,0.0,neutral,0.012689441258349587
"2018-02-01 00:00:00.000000",NVDA,5.9455647468566895,6.10378384332571,5.885243966827495,5.896615824401125,519224000,5.0,-0.30364,negative,-0.021562078953005992
"2018-02-02 00:00:00.000000",NVDA,5.773006439208984,5.883018309442739,5.714910812825561,5.859038250068228,718464000,3.0,-0.06616666666666667,negative,-0.0290230306110002
"2018-02-05 00:00:00.000000",NVDA,5.283022403717041,5.765836520410501,5.067943613617772,5.611820677836954,1165204000,8.0,0.441425,positive,-0.08487501974085465
"2018-02-06 00:00:00.000000",NVDA,5.576713562011719,5.579679946918064,5.043219775264424,5.053108668008957,1114800000,1.0,0.0,neutral,0.055591503471202675
"2018-02-07 00:00:00.000000",NVDA,5.656321048736572,5.808853981201973,5.604405739064931,5.675604214849395,802932000,2.0,-0.44315,negative,0.014274982180748186
"2018-02-08 00:00:00.000000",NVDA,5.37746000289917,5.815033378045082,5.377212450372198,5.781906606178712,1144000000,13.0,0.1612153846153846,neutral,-0.04930078109687397
"2018-02-09 00:00:00.000000",NVDA,5.7374067306518555,5.905761287357009,5.37745927526838,5.889939618088343,1674604000,22.0,0.006009090909090903,neutral,0.0669361980486376
"2018-02-12 00:00:00.000000",NVDA,5.637284278869629,5.821460992964067,5.563119431257505,5.818494135003565,1093172000,4.0,-0.20855,neutral,-0.017450819940536322
"2018-02-13 00:00:00.000000",NVDA,5.751002788543701,5.797232383971837,5.568556630662065,5.600942149859911,625524000,0.0,0.0,No News,0.0201725696361148
"2018-02-14 00:00:00.000000",NVDA,5.968307018280029,5.9972315222991,5.699582428847461,5.710707201814138,744988000,2.0,-0.4856,negative,0.037785450246904606
"2018-02-15 00:00:00.000000",NVDA,6.0938920974731445,6.14012169234536,5.970778369956761,6.051618154988508,698900000,1.0,-0.7453,negative,0.02104199378625582
"2018-02-16 00:00:00.000000",NVDA,6.028134346008301,6.180419694907143,6.018987162653999,6.066700198854581,637656000,1.0,0.0,neutral,-0.010790763999925512
"2018-02-20 00:00:00.000000",NVDA,6.157675266265869,6.226648576040035,6.046921698036113,6.0506302700600525,686240000,2.0,0.45695,neutral,0.021489388394826836
"2018-02-21 00:00:00.000000",NVDA,5.970531463623047,6.229120537174054,5.966823363284237,6.222198498393062,892292000,0.0,0.0,No News,-0.030391957118633517
"2018-02-22 00:00:00.000000",NVDA,5.990074634552002,6.076159433249199,5.924521625586391,6.004422258275409,534364000,2.0,0.0,neutral,0.0032732715752403774
"2018-02-23 00:00:00.000000",NVDA,6.083581447601318,6.083581447601318,5.9992282241088875,6.049939146392691,415300000,0.0,0.0,No News,0.015610291816724464
"2018-02-26 00:00:00.000000",NVDA,6.0996599197387695,6.134291626814092,6.037322375181566,6.12983904616464,469312000,2.0,-0.43615,negative,0.0026429287215001818
"2018-02-27 00:00:00.000000",NVDA,6.08679723739624,6.157297774680519,6.063791684683493,6.072944081400445,455436000,2.0,0.7527,positive,-0.0021087540144500982
"2018-02-28 00:00:00.000000",NVDA,5.986364841461182,6.137260489141736,5.974738211846735,6.09768125645618,523116000,0.0,0.0,No News,-0.016500039678998824
"2018-03-01 00:00:00.000000",NVDA,5.74418830871582,6.0380642802830025,5.6430137154932725,5.984137430378738,1040120000,0.0,0.0,No News,-0.04045468980909117
"2018-03-02 00:00:00.000000",NVDA,5.8513007164001465,5.85773258995665,5.4879135432873,5.636583148776854,913428000,0.0,0.0,No News,0.01864709196977432
"2018-03-05 00:00:00.000000",NVDA,5.829285144805908,5.868864381493921,5.677646834480898,5.801084832505812,620776000,0.0,0.0,No News,-0.0037625089977912918
"2018-03-06 00:00:00.000000",NVDA,5.990322113037109,6.0096172590815,5.871584422286672,5.914626823388165,636808000,2.0,-0.4828,negative,0.027625508828417855
"2018-03-07 00:00:00.000000",NVDA,5.982405185699463,6.034600444574324,5.886178124393155,5.88741476867348,581208000,0.0,0.0,No News,-0.0013216196371838018
"2018-03-08 00:00:00.000000",NVDA,5.966078281402588,6.009862845942659,5.921798776095885,6.009862845942659,411912000,3.0,-0.3229666666666667,neutral,-0.0027291538754183886
"2018-03-09 00:00:00.000000",NVDA,6.0687384605407715,6.08160126127383,5.997495756531961,6.013574493359089,505524000,0.0,0.0,No News,0.017207313463887264
"2018-03-12 00:00:00.000000",NVDA,6.178322792053223,6.2584706508537735,6.101885338103513,6.110048794961251,605060000,1.0,0.0,neutral,0.018057184738636156
"2018-03-13 00:00:00.000000",NVDA,6.127613067626953,6.295577805598525,6.086302249974199,6.221119156909702,619772000,5.0,-0.64362,negative,-0.008207684533979687
"2018-03-14 00:00:00.000000",NVDA,6.153092861175537,6.197866853338348,6.090755306183307,6.170655952183256,505496000,1.0,0.0,neutral,0.004158192311978226
"2018-03-15 00:00:00.000000",NVDA,6.167932987213135,6.249070251987616,6.125880004227634,6.166696342928952,401952000,0.0,0.0,No News,0.0024118157116130856
"2018-03-16 00:00:00.000000",NVDA,6.196134567260742,6.215182007187432,6.14666029290273,6.1842607036690875,399456000,0.0,0.0,No News,0.004572290280402402
"2018-03-19 00:00:00.000000",NVDA,5.961627006530762,6.1681810734862195,5.862678936377799,6.139239063752758,713772000,2.0,0.4731,neutral,-0.03784739633788392
"2018-03-20 00:00:00.000000",NVDA,6.17387056350708,6.212707614865484,5.964595036483192,5.964595036483192,554696000,0.0,0.0,No News,0.03560161626076441
"2018-03-21 00:00:00.000000",NVDA,6.1486382484436035,6.233733623261311,6.118211420624888,6.167437977919424,438688000,3.0,0.31073333333333336,neutral,-0.004086952391360699
"2018-03-22 00:00:00.000000",NVDA,5.982652187347412,6.13181667701994,5.945299492219513,6.085311116016283,551196000,0.0,0.0,No News,-0.026995580873245717
"2018-03-23 00:00:00.000000",NVDA,5.7629876136779785,5.998731352652923,5.751855928377514,5.9962575923837615,735620000,1.0,0.9322,positive,-0.03671692199222243
"2018-03-26 00:00:00.000000",NVDA,6.0477118492126465,6.0489484936768525,5.835468083804829,5.887415644090622,611424000,4.0,-0.0019000000000000128,neutral,0.04940566501633592
"2018-03-27 00:00:00.000000",NVDA,5.578698635101318,6.184261510927631,5.438439723692706,6.12860306296494,1409000000,8.0,-0.24334999999999998,negative,-0.07755217606347908
"2018-03-28 00:00:00.000000",NVDA,5.47554349899292,5.674429027012245,5.3679375142096735,5.544312435454576,945904000,6.0,0.2546833333333333,neutral,-0.018490895969777488
"2018-03-29 00:00:00.000000",NVDA,5.728851318359375,5.8255728600296095,5.459464773174981,5.543817983300484,916628000,0.0,0.0,No News,0.04626167601682729
"2018-04-02 00:00:00.000000",NVDA,5.468122959136963,5.804546877522229,5.380306574265453,5.658351059091432,922092000,4.0,-0.7086749999999999,negative,-0.04551145504280241
"2018-04-03 00:00:00.000000",NVDA,5.574491024017334,5.698176203998765,5.475542974396494,5.635096969809703,667432000,3.0,0.06453333333333333,negative,0.019452390825015264
"2018-04-04 00:00:00.000000",NVDA,5.596507549285889,5.60689705983273,5.2937259773642715,5.318710343939517,789168000,4.0,-0.16870000000000002,negative,0.003949513089840373
"2018-04-05 00:00:00.000000",NVDA,5.476284980773926,5.667996909469089,5.40479505841176,5.654886405356222,701240000,4.0,-0.3633,negative,-0.021481712917067908
"2018-04-06 00:00:00.000000",NVDA,5.2999114990234375,5.481728923775231,5.270721779495073,5.373627973333602,662988000,1.0,0.0,neutral,-0.032206775646208774
"2018-04-09 00:00:00.000000",NVDA,5.328604221343994,5.490879187294842,5.308566908105658,5.362988681162139,499524000,3.0,0.3167,neutral,0.005413811593994344
"2018-04-10 00:00:00.000000",NVDA,5.637819766998291,5.664782959900743,5.501765742427308,5.558908536547888,761676000,4.0,0.044550000000000006,neutral,0.058029369945645115
"2018-04-11 00:00:00.000000",NVDA,5.596507549285889,5.664287074154486,5.563854667046801,5.622976266459697,460244000,2.0,0.0,neutral,-0.007327693934848445
"2018-04-12 00:00:00.000000",NVDA,5.803309440612793,5.821120234228695,5.645239767847968,5.689519281458002,593920000,0.0,0.0,No News,0.03695195432252962
"2018-04-13 00:00:00.000000",NVDA,5.726624965667725,5.875294542336591,5.678387810631916,5.866883850157043,503036000,2.0,0.0,neutral,-0.013213921423595676
"2018-04-16 00:00:00.000000",NVDA,5.726377964019775,5.759773027746127,5.632129704513514,5.733304305667763,350792000,2.0,0.4344,neutral,-0.0000431321501635
"2018-04-17 00:00:00.000000",NVDA,5.876036643981934,5.89731060869209,5.722914488617086,5.778572925198813,447224000,0.0,0.0,No News,0.026134963654599774
"2018-04-18 00:00:00.000000",NVDA,5.847094535827637,5.9183372448355,5.758041503434041,5.825573335218507,391364000,1.0,0.0,neutral,-0.0049254471862320015
"2018-04-19 00:00:00.000000",NVDA,5.665770530700684,5.766202930323834,5.6103598119135745,5.732807875274167,471996000,4.0,-0.72875,negative,-0.03101095835134937
"2018-04-20 00:00:00.000000",NVDA,5.6576080322265625,5.741466292848368,5.6264395002337615,5.6571130914142636,386200000,2.0,0.0,neutral,-0.001440668736916062
"2018-04-23 00:00:00.000000",NVDA,5.538129806518555,5.726625876008202,5.512156022265951,5.6754204830275965,427508000,4.0,0.0,neutral,-0.021118151881049818
"2018-04-24 00:00:00.000000",NVDA,5.471834659576416,5.659835789739547,5.406528874705391,5.563856404456344,414596000,0.0,0.0,No News,-0.011970674082811716
"2018-04-25 00:00:00.000000",NVDA,5.359528064727783,5.481234465120674,5.202200543534497,5.442149701423266,588492000,1.0,-0.9651,negative,-0.02052448617980107
"2018-04-26 00:00:00.000000",NVDA,5.57127571105957,5.579439167873963,5.455259033244982,5.521306975804389,375824000,1.0,-0.8383,negative,0.03950863653935199
"2018-04-27 00:00:00.000000",NVDA,5.598733901977539,5.696940260246887,5.556433682234758,5.677150647889559,400848000,3.0,0.31206666666666666,neutral,0.004928528463141957
"2018-04-30 00:00:00.000000",NVDA,5.563360214233398,5.664782040029214,5.544065542045836,5.615060537009952,327844000,2.0,0.0,neutral,-0.006318158420003939
"2018-05-01 00:00:00.000000",NVDA,5.618771553039551,5.6214925482286375,5.496570229478221,5.55519736650099,253788000,1.0,0.0,neutral,0.009960048724579673
"2018-05-02 00:00:00.000000",NVDA,5.598239898681641,5.6598347950727055,5.572018412420499,5.615308517430774,268248000,0.0,0.0,No News,-0.003654118015672503
"2018-05-03 00:00:00.000000",NVDA,5.763482570648193,5.789704054264329,5.584881121757189,5.6301500420549875,443144000,7.0,0.2494,neutral,0.029516897267204856
"2018-05-04 00:00:00.000000",NVDA,5.913637638092041,5.916853574525235,5.717473064813771,5.734788919728415,400660000,3.0,-0.0014666666666666532,negative,0.02605283621547594
"2018-05-07 00:00:00.000000",NVDA,6.151606559753418,6.2087493396978095,6.008378994063602,6.0182740356452396,687616000,3.0,0.0,neutral,0.040240700601695156
"2018-05-08 00:00:00.000000",NVDA,6.194155693054199,6.196876688473961,6.102875662380824,6.151854995401465,506616000,5.0,-0.15634,negative,0.006916751402659127
"2018-05-09 00:00:00.000000",NVDA,6.327239513397217,6.3294660393741395,6.186980644211815,6.214191537651338,596760000,2.0,-0.4833,negative,0.021485385085210362
"2018-05-10 00:00:00.000000",NVDA,6.4348464012146,6.4439987965924095,6.36236658263779,6.380177376179234,994080000,14.0,0.2865857142857143,positive,0.017006924993046013
"2018-05-11 00:00:00.000000",NVDA,6.296319007873535,6.426436088848092,6.197618641746434,6.253029373607263,1214456000,14.0,0.3180428571428572,positive,-0.02152769230279017
"2018-05-14 00:00:00.000000",NVDA,6.316851615905762,6.394278970369588,6.293104358527659,6.3344151782411,523140000,1.0,0.0,neutral,0.003261049512667702
"2018-05-15 00:00:00.000000",NVDA,6.074428081512451,6.255998259899748,5.9739956552292846,6.2532767926755914,963528000,1.0,0.5492,positive,-0.0383772722764123
"2018-05-16 00:00:00.000000",NVDA,6.0855584144592285,6.147648241277397,5.9989786908281095,6.035836917379133,553828000,2.0,0.0,neutral,0.001832326072087831
"2018-05-17 00:00:00.000000",NVDA,6.127613067626953,6.221366391461874,6.071212449501698,6.0872916600045555,519784000,3.0,-0.11846666666666665,negative,0.006910566016062436
"2018-05-18 00:00:00.000000",NVDA,6.083826065063477,6.242885105746058,6.0788785450612295,6.179558642638906,483716000,1.0,0.7643,positive,-0.0071458497917907815
"2018-05-21 00:00:00.000000",NVDA,6.041775703430176,6.185003308276982,5.949011786438576,6.181292902580256,640624000,2.0,0.0,neutral,-0.0069118283763528465
"2018-05-22 00:00:00.000000",NVDA,6.00368070602417,6.080365410492757,5.943074740481439,6.055133802958922,518264000,1.0,-0.9734,negative,-0.006305265086947509
"2018-05-23 00:00:00.000000",NVDA,6.127192497253418,6.1284303782986145,5.946747965308161,5.94749059951262,442956000,0.0,0.0,No News,0.02057267820810571
"2018-05-24 00:00:00.000000",NVDA,6.1309075355529785,6.173234396564979,6.070264560370706,6.1234821349016215,437372000,0.0,0.0,No News,0.0006063198277557
"2018-05-25 00:00:00.000000",NVDA,6.170262813568115,6.18659935319307,6.107887192516503,6.143530337101226,292112000,0.0,0.0,No News,0.006419160260844992
"2018-05-29 00:00:00.000000",NVDA,6.153183937072754,6.221253248895542,6.106402219022261,6.152193915246618,352684000,0.0,0.0,No News,-0.002767933394636879
"2018-05-30 00:00:00.000000",NVDA,6.262094974517822,6.2707582564830755,6.162095678625496,6.186848115146273,390996000,1.0,0.0,neutral,0.017699948280252453
"2018-05-31 00:00:00.000000",NVDA,6.242292881011963,6.316797575177459,6.219520961320823,6.23016428672442,493868000,1.0,0.947,positive,-0.0031622154544828085
"2018-06-01 00:00:00.000000",NVDA,6.376696586608887,6.382885048301087,6.278429971294735,6.287093251127804,421968000,0.0,0.0,No News,0.021531143789449203
"2018-06-04 00:00:00.000000",NVDA,6.555657386779785,6.577686670959424,6.3786781183696695,6.410855952574501,642024000,3.0,0.0,neutral,0.02806481345634637
"2018-06-05 00:00:00.000000",NVDA,6.561102390289307,6.598726050744188,6.514072814720706,6.558874487191297,391712000,0.0,0.0,No News,0.0008305808537985
"2018-06-06 00:00:00.000000",NVDA,6.563083171844482,6.566301097087873,6.454667984485077,6.471004526033939,371356000,2.0,0.3487,neutral,0.000301897674712
"2018-06-07 00:00:00.000000",NVDA,6.50739049911499,6.5712513936413925,6.417044041454236,6.559370187191497,369448000,1.0,0.0,neutral,-0.00848574843122707
"2018-06-08 00:00:00.000000",NVDA,6.492043972015381,6.534617744275314,6.415806624151664,6.434618455654922,360456000,0.0,0.0,No News,-0.0023583227565175946
"2018-06-11 00:00:00.000000",NVDA,6.450954914093018,6.521003798296913,6.438083685971656,6.4794200484187074,265372000,0.0,0.0,No News,-0.006329140421642565
"2018-06-12 00:00:00.000000",NVDA,6.4994683265686035,6.5115969184871885,6.4271915498461425,6.477439045622201,319160000,1.0,0.0,neutral,0.007520345921128824
"2018-06-13 00:00:00.000000",NVDA,6.495013236999512,6.575953296705752,6.485854709811067,6.500953839484804,338208000,1.0,0.0,neutral,-0.0006854544626181
"2018-06-14 00:00:00.000000",NVDA,6.6066460609436035,6.663328933585225,6.525210757643427,6.540062499306568,430016000,2.0,0.0,neutral,0.017187466733426193
"2018-06-15 00:00:00.000000",NVDA,6.565805435180664,6.6207556598374895,6.518528469865954,6.549468894664133,432260000,0.0,0.0,No News,-0.006181748709738866
"2018-06-18 00:00:00.000000",NVDA,6.56159782409668,6.579171773510116,6.494519007189314,6.521746259408911,356268000,1.0,0.0,neutral,-0.0006408370040085
"2018-06-19 00:00:00.000000",NVDA,6.439815998077393,6.525706643440254,6.31234160505853,6.458379968803796,594932000,1.0,0.0,neutral,-0.01855978212685605
"2018-06-20 00:00:00.000000",NVDA,6.4927873611450195,6.545757077164398,6.442539851446378,6.480906153328913,369780000,0.0,0.0,No News,0.008225601955621276
"2018-06-21 00:00:00.000000",NVDA,6.364074230194092,6.543033542170059,6.356400970822104,6.524716957917615,359516000,0.0,0.0,No News,-0.019824017604702315
"2018-06-22 00:00:00.000000",NVDA,6.211600303649902,6.39823337015485,6.19625425512457,6.384866893432831,434160000,0.0,0.0,No News,-0.02395853992726593
"2018-06-25 00:00:00.000000",NVDA,5.9187798500061035,6.10887773905209,5.830166519708088,6.105165039036301,665816000,1.0,0.5008,positive,-0.04714090400693349
"2018-06-26 00:00:00.000000",NVDA,5.989818096160889,6.080411932290979,5.938333188048644,6.032144948964095,478884000,4.0,-0.20735,negative,0.012002177468167119
"2018-06-27 00:00:00.000000",NVDA,5.834621906280518,6.099719265117293,5.829176077813481,6.033383078548178,453892000,1.0,0.8494,positive,-0.02591000050232617
"2018-06-28 00:00:00.000000",NVDA,5.961848258972168,5.973729464341513,5.817046835717521,5.824720094513832,338012000,1.0,0.0,neutral,0.021805415112623017
"2018-06-29 00:00:00.000000",NVDA,5.863828659057617,6.039570021893389,5.862590777847026,6.026946655070812,392300000,0.0,0.0,No News,-0.016441143024235494
"2018-07-02 00:00:00.000000",NVDA,5.996007442474365,5.999720142627472,5.773731238025654,5.794275726817951,357572000,2.0,-0.20175,negative,0.022541378867299677
"2018-07-03 00:00:00.000000",NVDA,5.862342834472656,6.036599384288128,5.853926942646857,6.030658782535405,222732000,0.0,0.0,No News,-0.022292268527697168
"2018-07-05 00:00:00.000000",NVDA,6.008135795593262,6.01308590489407,5.878680877080173,5.91754194974374,306216000,1.0,0.0,neutral,0.024869402086703518
"2018-07-06 00:00:00.000000",NVDA,6.121996879577637,6.13041277430718,5.962344155628874,5.983631279911403,296352000,0.0,0.0,No News,0.018951150216659274
"2018-07-09 00:00:00.000000",NVDA,6.169521331787109,6.205907589644901,6.090809156405648,6.196254285361601,303880000,1.0,0.7124,positive,0.007762900430088315
"2018-07-10 00:00:00.000000",NVDA,6.268530368804932,6.2905596532926795,6.141550742225465,6.181897083346281,360016000,0.0,0.0,No News,0.01604809055569678
"2018-07-11 00:00:00.000000",NVDA,6.126945495605469,6.210360837420715,6.116301700822524,6.175707719786286,367508000,0.0,0.0,No News,-0.0225866135871422
"2018-07-12 00:00:00.000000",NVDA,6.218529224395752,6.266548817062336,6.16234159872692,6.172242759822992,345508000,1.0,-0.9598,negative,0.014947697650643521
"2018-07-13 00:00:00.000000",NVDA,6.171253204345703,6.237094613728223,6.12917420751609,6.237094613728223,246988000,2.0,-0.48685,negative,-0.007602443977360651
"2018-07-16 00:00:00.000000",NVDA,6.14353084564209,6.196501028128122,6.131154864219169,6.14353084564209,197036000,0.0,0.0,No News,-0.004492176513530732
"2018-07-17 00:00:00.000000",NVDA,6.279420375823975,6.294519505661241,6.06877802511534,6.09427309138612,362136000,1.0,0.8176,positive,0.022119125564133535
"2018-07-18 00:00:00.000000",NVDA,6.230163097381592,6.285855948763413,6.179173439196614,6.2719947007952,277640000,0.0,0.0,No News,-0.007844239674098752
"2018-07-19 00:00:00.000000",NVDA,6.238330841064453,6.27199440984088,6.196252324320576,6.2113509806798115,235752000,2.0,-0.4807,negative,0.0013109999778808668
"2018-07-20 00:00:00.000000",NVDA,6.210113525390625,6.274717040670087,6.199222343096236,6.23585597654949,222352000,1.0,0.0,neutral,-0.0045232156473787866
"2018-07-23 00:00:00.000000",NVDA,6.1734819412231445,6.1853631491040195,6.021749861447796,6.18363049262612,301584000,2.0,0.0,neutral,-0.005898697989611401
"2018-07-24 00:00:00.000000",NVDA,6.156154632568359,6.308134081443769,6.138580210335063,6.221500795903618,354620000,0.0,0.0,No News,-0.002806731892918135
"2018-07-25 00:00:00.000000",NVDA,6.234372138977051,6.246995980071679,6.107639897379476,6.165560661837882,319112000,0.0,0.0,No News,0.012705578575770593
"2018-07-26 00:00:00.000000",NVDA,6.30788516998291,6.3447661924542755,6.197489962075434,6.21432174708483,325124000,2.0,0.46775,neutral,0.011791569281894176
"2018-07-27 00:00:00.000000",NVDA,6.238083362579346,6.351449101820067,6.184123170484769,6.344518478258682,295420000,0.0,0.0,No News,-0.011065801853167412
"2018-07-30 00:00:00.000000",NVDA,6.042788505554199,6.258134061124621,6.007887522732283,6.252193458258903,340340000,2.0,0.0,neutral,-0.03130686874059263
"2018-07-31 00:00:00.000000",NVDA,6.060856819152832,6.135608882873556,5.993530625961449,6.032391690293681,283988000,1.0,0.0,neutral,0.0029900622174721114
"2018-08-01 00:00:00.000000",NVDA,6.100708484649658,6.147490670835771,6.036847597216381,6.092293063786336,283556000,1.0,0.0,neutral,0.006575252754840166
"2018-08-02 00:00:00.000000",NVDA,6.203432083129883,6.207392170845186,5.970512546317374,6.029422864046929,269668000,1.0,-0.9727,negative,0.016837978529656628
"2018-08-03 00:00:00.000000",NVDA,6.24006462097168,6.263827033302697,6.211104712070844,6.227936027377469,214288000,1.0,-0.6648,negative,0.005905204949598453
"2018-08-06 00:00:00.000000",NVDA,6.287836074829102,6.291301386866718,6.180906176460744,6.22744050156969,207508000,0.0,0.0,No News,0.007655602427075969
"2018-08-07 00:00:00.000000",NVDA,6.360112190246582,6.37867662972175,6.309865170935711,6.336597642742904,258132000,0.0,0.0,No News,0.011494592822928418
"2018-08-08 00:00:00.000000",NVDA,6.396498680114746,6.441548209075582,6.326449804495059,6.361350784661163,262100000,1.0,-0.7781,negative,0.005721045286585236
"2018-08-09 00:00:00.000000",NVDA,6.347984790802002,6.417043649922473,6.340311531776017,6.4143209719674585,204280000,0.0,0.0,No News,-0.007584444512364619
"2018-08-10 00:00:00.000000",NVDA,6.306648254394531,6.339073945757565,6.25491595835196,6.266054529394272,256396000,1.0,0.0,neutral,-0.006511757316647326
"2018-08-13 00:00:00.000000",NVDA,6.339569568634033,6.460361210142722,6.313579723429743,6.315312379776696,375208000,1.0,0.0,neutral,0.005220096779071426
"2018-08-14 00:00:00.000000",NVDA,6.471003532409668,6.4851126405569905,6.361845727361963,6.445013691234827,466220000,3.0,0.29896666666666666,neutral,0.0207323166585196
"2018-08-15 00:00:00.000000",NVDA,6.412836074829102,6.525706583220519,6.334123442219875,6.491795622740591,591136000,7.0,0.1490857142857143,neutral,-0.008988939240913374
"2018-08-16 00:00:00.000000",NVDA,6.372242450714111,6.48511344137718,6.312094255360097,6.482638150657717,801260000,11.0,0.09193636363636362,neutral,-0.006330057971436931
"2018-08-17 00:00:00.000000",NVDA,6.0598673820495605,6.2615990658127565,6.032887047003049,6.260856431476854,1143188000,14.0,0.07978571428571428,neutral,-0.049021215228485904
"2018-08-20 00:00:00.000000",NVDA,6.13461971282959,6.267292074334021,5.9088782218015945,6.019273912852223,854388000,10.0,0.1575,neutral,0.01233563807047311
"2018-08-21 00:00:00.000000",NVDA,6.270262718200684,6.274718052367044,6.13115450456094,6.150956356944079,673988000,8.0,-0.119025,neutral,0.022111069914801273
"2018-08-22 00:00:00.000000",NVDA,6.505409240722656,6.510359821530588,6.23412392761254,6.237589239755417,749856000,3.0,0.0,neutral,0.037501861260041514
"2018-08-23 00:00:00.000000",NVDA,6.604914665222168,6.670260830245761,6.4529352124201,6.4667964629265065,720684000,3.0,0.2472,neutral,0.015295797822622248
"2018-08-24 00:00:00.000000",NVDA,6.738082408905029,6.752686294113966,6.6088753453738045,6.61333067995877,531512000,2.0,0.39035,neutral,0.020161917364966087
"2018-08-27 00:00:00.000000",NVDA,6.829171657562256,6.903428499740345,6.736350368782899,6.767785573312139,505776000,2.0,0.3974,neutral,0.013518571476187846
"2018-08-28 00:00:00.000000",NVDA,6.791546821594238,6.846002270466962,6.6714978243394505,6.823229880257018,475384000,0.0,0.0,No News,-0.005509428940236649
"2018-08-29 00:00:00.000000",NVDA,6.8970489501953125,6.922062443069051,6.763065472040963,6.783868716921507,420108000,1.0,0.6418,positive,0.015534329862178398
"2018-08-30 00:00:00.000000",NVDA,6.880208492279053,6.9770432588958675,6.843307293074484,6.865844143444432,346608000,2.0,0.39335,neutral,-0.0024416903574076
"2018-08-31 00:00:00.000000",NVDA,6.951286315917969,6.964164582855906,6.85024130690597,6.86014788410666,306592000,1.0,0.802,positive,0.010330765952613064
"2018-09-04 00:00:00.000000",NVDA,7.0260796546936035,7.063723421933758,6.909679728124105,6.938160430564915,391720000,0.0,0.0,No News,0.010759640068970233
"2018-09-05 00:00:00.000000",NVDA,6.895314693450928,7.043910038146073,6.814330365217973,7.008494923759812,393156000,2.0,0.3627,neutral,-0.01861136902359506
"2018-09-06 00:00:00.000000",NVDA,6.754150867462158,6.8814474799297205,6.721212389528911,6.878970835159837,322796000,0.0,0.0,No News,-0.02047242689631623
"2018-09-07 00:00:00.000000",NVDA,6.732851982116699,6.858414979468355,6.6171950906039445,6.662021270551889,295420000,0.0,0.0,No News,-0.0031534512277576754
"2018-09-10 00:00:00.000000",NVDA,6.803930282592773,6.833649547205088,6.711553748088767,6.755389368159627,220140000,1.0,0.937,positive,0.010556937931335275
"2018-09-11 00:00:00.000000",NVDA,6.756131172180176,6.845288004954494,6.7368135356251475,6.7576167808601015,243112000,2.0,-0.3286,negative,-0.007025220486883477
"2018-09-12 00:00:00.000000",NVDA,6.642208576202393,6.735823661711661,6.4866787940881485,6.71625850043632,419092000,0.0,0.0,No News,-0.016862105408326555
"2018-09-13 00:00:00.000000",NVDA,6.719973087310791,6.810616002102062,6.690749345634735,6.708085383515175,305536000,1.0,0.0,neutral,0.011707628602180886
"2018-09-14 00:00:00.000000",NVDA,6.8460307121276855,6.912155647241551,6.773466880056739,6.810368075228793,386936000,1.0,0.9522,positive,0.018758650247413522
"2018-09-17 00:00:00.000000",NVDA,6.784115791320801,6.8695583591075815,6.764798628743001,6.820521939827518,205528000,0.0,0.0,No News,-0.009043915140082959
"2018-09-18 00:00:00.000000",NVDA,6.712048053741455,6.890857722488368,6.705361633265959,6.788079574792285,299520000,0.0,0.0,No News,-0.010623011133086058
"2018-09-19 00:00:00.000000",NVDA,6.735822677612305,6.753654232335474,6.643446164059408,6.693473148469908,224860000,0.0,0.0,No News,0.0035420818922171637
"2018-09-20 00:00:00.000000",NVDA,6.594656944274902,6.65607611105591,6.540667237321245,6.613726583976719,430584000,1.0,-0.8413,negative,-0.0209574598521709
"2018-09-21 00:00:00.000000",NVDA,6.524569034576416,6.652113601011477,6.491383044589679,6.6065443911724575,435128000,0.0,0.0,No News,-0.01062798418336719
"2018-09-24 00:00:00.000000",NVDA,6.580292701721191,6.583759908994545,6.406436347912217,6.493612047515782,293912000,1.0,0.0,neutral,0.008540589707836999
"2018-09-25 00:00:00.000000",NVDA,6.647409439086914,6.672422935138691,6.560728768700022,6.646418875734119,280388000,4.0,-0.031024999999999983,negative,0.010199658344706597
"2018-09-26 00:00:00.000000",NVDA,6.610507011413574,6.692729895269795,6.59465705596666,6.652361493811316,268548000,0.0,0.0,No News,-0.005551399836506654
"2018-09-27 00:00:00.000000",NVDA,6.622396945953369,6.666975610181867,6.590944547159339,6.6456768415704275,214428000,1.0,0.0,neutral,0.001798641846875837
"2018-09-28 00:00:00.000000",NVDA,6.959705829620361,6.981995154316744,6.726411433152664,6.754397086559123,709396000,4.0,0.44675,positive,0.05093456137103125
"2018-10-01 00:00:00.000000",NVDA,7.16625452041626,7.233122030691367,6.998837041067355,7.037471843994025,622060000,2.0,-0.46405,negative,0.029677790391201775
"2018-10-02 00:00:00.000000",NVDA,7.094929218292236,7.250458530825907,7.072639889324717,7.138764835612138,383964000,1.0,0.757,positive,-0.00995294011967085
"2018-10-03 00:00:00.000000",NVDA,7.101120471954346,7.172693751697925,6.997103762678176,7.165263818045466,320552000,2.0,0.82385,positive,0.0008726307862448
"2018-10-04 00:00:00.000000",NVDA,6.916862964630127,7.089233280992622,6.839840872342374,7.0649628239554145,391220000,0.0,0.0,No News,-0.02594766671709603
"2018-10-05 00:00:00.000000",NVDA,6.683319568634033,6.954258228447809,6.625862647195452,6.892096013348278,426636000,3.0,0.2288333333333333,positive,-0.03376435201771877
"2018-10-08 00:00:00.000000",NVDA,6.582026958465576,6.715514924106728,6.441109059770754,6.600106037095058,408612000,0.0,0.0,No News,-0.015156032736163172
"2018-10-09 00:00:00.000000",NVDA,6.576332092285156,6.656077879498464,6.508473538428222,6.561472223939249,273500000,1.0,0.0,neutral,-0.0008652146544456
"2018-10-10 00:00:00.000000",NVDA,6.0847272872924805,6.516148930715803,6.082498166035388,6.470331726390654,684940000,3.0,-0.04480000000000003,negative,-0.07475364657593686
"2018-10-11 00:00:00.000000",NVDA,5.823200225830078,6.131040055205502,5.801653941343127,5.997551628096201,725436000,0.0,0.0,No News,-0.042980901051815956
"2018-10-12 00:00:00.000000",NVDA,6.105779647827148,6.180077568316361,5.935142945429617,6.080271106089191,608236000,1.0,0.9459,positive,0.04852648218133182
"2018-10-15 00:00:00.000000",NVDA,5.8293914794921875,6.0924051307887295,5.828400916327411,6.0924051307887295,449760000,1.0,-0.3666,negative,-0.045266646403349764
"2018-10-16 00:00:00.000000",NVDA,6.088196277618408,6.099340942425173,5.8927935955533615,5.942077548983793,408712000,1.0,0.8845,positive,0.04439653762089857
"2018-10-17 00:00:00.000000",NVDA,6.019594192504883,6.188497754822828,5.970557765839343,6.150357996946321,329668000,0.0,0.0,No News,-0.011268047544019222
"2018-10-18 00:00:00.000000",NVDA,5.9321699142456055,6.1273250388130425,5.871741306766248,6.088938234268209,524020000,3.0,0.29883333333333334,neutral,-0.0145232843715829
"2018-10-19 00:00:00.000000",NVDA,5.675595283508301,6.006962514214443,5.6391896075460055,5.9873978290320595,613608000,0.0,0.0,No News,-0.043251396107377604
"2018-10-22 00:00:00.000000",NVDA,5.726365089416504,5.8279051309019385,5.6235869621248495,5.727851170281199,368844000,0.0,0.0,No News,0.008945282983042535
"2018-10-23 00:00:00.000000",NVDA,5.4747467041015625,5.552263855323559,5.367014765364705,5.4591437923636565,626436000,0.0,0.0,No News,-0.043940332372447544
"2018-10-24 00:00:00.000000",NVDA,4.938562870025635,5.4829167625361945,4.924694041219195,5.436356988008414,884288000,0.0,0.0,No News,-0.0979376513755843
"2018-10-25 00:00:00.000000",NVDA,5.147340297698975,5.19464312196533,4.79665536662568,4.840986500866575,951720000,0.0,0.0,No News,0.04227493567825258
"2018-10-26 00:00:00.000000",NVDA,4.91082763671875,5.0730438871931165,4.782787957372811,4.9113226823510505,664784000,0.0,0.0,No News,-0.04594851851663151
"2018-10-29 00:00:00.000000",NVDA,4.597042560577393,5.055458942547149,4.359042352110635,5.051991734578472,758016000,1.0,-0.9729,negative,-0.0638965769833083
"2018-10-30 00:00:00.000000",NVDA,5.027472972869873,5.037379550666025,4.597042276379911,4.620074644621499,807192000,7.0,-0.27725714285714287,negative,0.09363202681299909
"2018-10-31 00:00:00.000000",NVDA,5.221388816833496,5.2649768987474665,5.0524852946490615,5.192165080440219,745772000,0.0,0.0,No News,0.03857123549148156
"2018-11-01 00:00:00.000000",NVDA,5.4016852378845215,5.411096296902786,5.131241642928247,5.257795185700031,566528000,0.0,0.0,No News,0.03453035722407005
"2018-11-02 00:00:00.000000",NVDA,5.322683811187744,5.4980263112465515,5.2060363339398155,5.392275977647414,452960000,2.0,0.4464,neutral,-0.014625329543954901
"2018-11-05 00:00:00.000000",NVDA,5.244670867919922,5.332837631227085,5.083940251391473,5.309557263673199,379332000,0.0,0.0,No News,-0.014656693133611842
"2018-11-06 00:00:00.000000",NVDA,5.227086544036865,5.3209491518387795,5.189937348354956,5.2367451270706376,299012000,0.0,0.0,No News,-0.003352798359686382
"2018-11-07 00:00:00.000000",NVDA,5.2946977615356445,5.384350132103305,5.230058889843961,5.293707198071008,483812000,1.0,-0.4877,negative,0.012934780575980964
"2018-11-08 00:00:00.000000",NVDA,5.101523399353027,5.236249457172779,5.048028729178163,5.2355064165961185,511352000,3.0,-0.27653333333333335,negative,-0.036484492766701404
"2018-11-09 00:00:00.000000",NVDA,5.093599319458008,5.183994741094844,4.978933436850248,5.012614960373209,413240000,1.0,-0.8902,negative,-0.00155327718305176
"2018-11-12 00:00:00.000000",NVDA,4.694124698638916,5.0242539023239985,4.672330415819614,5.00221209676428,617116000,2.0,0.4276,neutral,-0.0784267854153865
"2018-11-13 00:00:00.000000",NVDA,4.9360880851745605,5.0574408553106185,4.7857590882986845,4.791950936952226,644712000,4.0,0.28069999999999995,positive,0.05154600741769877
"2018-11-14 00:00:00.000000",NVDA,4.883584976196289,5.123566375061967,4.775605982651934,5.109202021507376,526580000,2.0,0.0,neutral,-0.010636582668766326
"2018-11-15 00:00:00.000000",NVDA,5.01236629486084,5.084435092938538,4.8417291214457245,4.877639759111964,840708000,16.0,-0.16199999999999998,neutral,0.026370242207775618
"2018-11-16 00:00:00.000000",NVDA,4.072253704071045,4.2265449308494185,4.002413554547017,4.044763563105875,1963520000,29.0,-0.21143103448275863,neutral,-0.18755863707600318
"2018-11-19 00:00:00.000000",NVDA,3.583622932434082,4.007614538980579,3.58188932837737,4.0068719707034255,1697820000,4.0,-0.45945,negative,-0.11999025776524608
"2018-11-20 00:00:00.000000",NVDA,3.6920971870422363,3.8203843515255467,3.30153936389139,3.320113725640667,1692032000,7.0,-0.2192,negative,0.03026943868072518
"2018-11-21 00:00:00.000000",NVDA,3.5838706493377686,3.8461413387420933,3.556628264658548,3.82930057896662,1025496000,5.0,-0.21448,negative,-0.029313025151206484
"2018-11-23 00:00:00.000000",NVDA,3.591052293777466,3.7047275825885855,3.5363197735557215,3.5491980413944635,411968000,0.0,0.0,No News,0.0020038793646262043
"2018-11-26 00:00:00.000000",NVDA,3.7904181480407715,3.800819772673055,3.6296875394006882,3.712157968160956,814832000,4.0,0.21905000000000002,positive,0.05551739099114883
"2018-11-27 00:00:00.000000",NVDA,3.8072588443756104,3.888490949404143,3.7285033840811654,3.7644137879820803,738060000,1.0,-0.9252,negative,0.004442965308073976
"2018-11-28 00:00:00.000000",NVDA,3.9642739295959473,3.969474741099672,3.792398682502481,3.9248960868553975,804524000,1.0,0.0,neutral,0.041240979833113256
"2018-11-29 00:00:00.000000",NVDA,3.9010579586029053,4.0036911730386056,3.870813420145138,3.9665052806018184,549172000,2.0,0.0,neutral,-0.015946418465457857
"2018-11-30 00:00:00.000000",NVDA,4.05153751373291,4.062197315560244,3.8604013185875687,3.9107263735194358,729564000,3.0,0.8350333333333334,positive,0.038574037280875606
"2018-12-03 00:00:00.000000",NVDA,4.2154035568237305,4.330432387835545,4.148468664480365,4.27886777206089,890804000,1.0,0.0,neutral,0.040445396972232706
"2018-12-04 00:00:00.000000",NVDA,3.8948612213134766,4.175739292797491,3.8797387124295675,4.170781046654139,812112000,1.0,0.6415,positive,-0.07604072331138323
"2018-12-06 00:00:00.000000",NVDA,3.9241132736206055,3.929071282156686,3.7386791204973977,3.75429716655593,692308000,0.0,0.0,No News,0.007510422232005487
"2018-12-07 00:00:00.000000",NVDA,3.6593494415283203,3.938492388503107,3.6100161729814864,3.928328126566014,681676000,0.0,0.0,No News,-0.0674709962814094
"2018-12-10 00:00:00.000000",NVDA,3.764709711074829,3.789500466405108,3.6107596358741136,3.614478320100305,629472000,0.0,0.0,No News,0.02879207663275385
"2018-12-11 00:00:00.000000",NVDA,3.67372727394104,3.864615197045881,3.5946450229128954,3.856434282678215,671912000,3.0,-0.6441333333333333,negative,-0.024167185285532522
"2018-12-12 00:00:00.000000",NVDA,3.6913294792175293,3.787517127773194,3.590183585017902,3.67942987880975,654136000,4.0,0.14765,positive,0.004791375070585024
"2018-12-13 00:00:00.000000",NVDA,3.6910810470581055,3.8023911901487404,3.6551347159699845,3.7381834295596765,471384000,4.0,0.2369,neutral,-0.0000673015402235
"2018-12-14 00:00:00.000000",NVDA,3.6305928230285645,3.733226061348606,3.607041626246065,3.649433544032371,471820000,0.0,0.0,No News,-0.016387671594952358
"2018-12-17 00:00:00.000000",NVDA,3.5594425201416016,3.6727357689675313,3.5014323310872175,3.6005951019784517,662868000,0.0,0.0,No News,-0.01959743390546642
"2018-12-18 00:00:00.000000",NVDA,3.6427388191223145,3.726779075147386,3.5760519455272304,3.603321580263225,564372000,1.0,-0.9722,negative,0.023401501361342225
"2018-12-19 00:00:00.000000",NVDA,3.433753490447998,3.662571313188454,3.3821888840363905,3.6090233617525143,745364000,1.0,-0.9732,negative,-0.05737038504579628
"2018-12-20 00:00:00.000000",NVDA,3.3492183685302734,3.515315816674143,3.2894728318279185,3.4253257377620923,749588000,1.0,0.6344,positive,-0.024618867415172385
"2018-12-21 00:00:00.000000",NVDA,3.212125778198242,3.408715767879333,3.184608130322889,3.3757440972289046,863740000,0.0,0.0,No News,-0.04093271182917557
"2018-12-24 00:00:00.000000",NVDA,3.1503970623016357,3.2222899655692925,3.086437067958869,3.135770569378371,463840000,0.0,0.0,No News,-0.019217403102823605
"2018-12-26 00:00:00.000000",NVDA,3.2996370792388916,3.3006286338053847,3.0854456890133535,3.196507838814262,695100000,0.0,0.0,No News,0.04737181186558859
"2018-12-27 00:00:00.000000",NVDA,3.2517895698547363,3.2817863291682587,3.1032935773694716,3.247327339718043,637044000,3.0,-0.8803000000000001,negative,-0.01450084001213614
"2018-12-28 00:00:00.000000",NVDA,3.3132717609405518,3.4059889685610223,3.230471044610633,3.272367180055687,628728000,0.0,0.0,No News,0.018907186263151132
"2018-12-31 00:00:00.000000",NVDA,3.3095526695251465,3.389130463425832,3.2788121199157003,3.35665481188456,465140000,2.0,0.17665,neutral,-0.0011224830571547884
"2019-01-02 00:00:00.000000",NVDA,3.376984119415283,3.4330109773440465,3.2240258182184207,3.238652313473765,508752000,3.0,-0.6468666666666666,negative,0.02037479279633625
"2019-01-03 00:00:00.000000",NVDA,3.1729564666748047,3.3507054977541753,3.165519334999033,3.3167422733245417,705552000,1.0,-0.9725,negative,-0.06041711939581329
"2019-01-04 00:00:00.000000",NVDA,3.376239776611328,3.4144172229901493,3.2153483666881577,3.2460886819625787,585620000,0.0,0.0,No News,0.06406747526213619
"2019-01-07 00:00:00.000000",NVDA,3.554980993270874,3.5919191215172344,3.3821899531021677,3.4335068053701305,709160000,3.0,0.31653333333333333,neutral,0.052940913112203614
"2019-01-08 00:00:00.000000",NVDA,3.466477870941162,3.638773115344162,3.393841183709454,3.6365417630672487,786016000,5.0,-0.5929800000000001,negative,-0.02489552616377899
"2019-01-09 00:00:00.000000",NVDA,3.5346524715423584,3.582002629378568,3.467221797344799,3.5177946256763466,617260000,0.0,0.0,No News,0.019666821234513243
"2019-01-10 00:00:00.000000",NVDA,3.600346565246582,3.6090232561827853,3.454825455031157,3.5153147576496955,523156000,2.0,-0.4546,negative,0.018585729214719127
"2019-01-11 00:00:00.000000",NVDA,3.689593553543091,3.71240095974809,3.550269993885523,3.5780354085235424,874764000,0.0,0.0,No News,0.024788443745386024
"2019-01-14 00:00:00.000000",NVDA,3.729506492614746,3.754793022301829,3.6137341183468847,3.6372853095467237,730168000,1.0,0.0,neutral,0.010817706203255728
"2019-01-15 00:00:00.000000",NVDA,3.715376377105713,3.801647769092277,3.6970311995762875,3.7622305208363853,617012000,0.0,0.0,No News,-0.00378873599952545
"2019-01-16 00:00:00.000000",NVDA,3.6898415088653564,3.775617115928141,3.684387722957906,3.742645684392983,470104000,1.0,-0.9255,negative,-0.006872754103111389
"2019-01-17 00:00:00.000000",NVDA,3.7612383365631104,3.801151355406659,3.6295999182740655,3.6568697913674026,493436000,1.0,0.9066,positive,0.019349564886788073
"2019-01-18 00:00:00.000000",NVDA,3.890397548675537,3.91642786002907,3.759502917198431,3.811067526306895,651336000,1.0,0.9528,positive,0.034339544733676286
"2019-01-22 00:00:00.000000",NVDA,3.6881065368652344,3.871805375180775,3.657861995278282,3.860153781735895,661552000,1.0,-0.9721,negative,-0.051997516777988806
"2019-01-23 00:00:00.000000",NVDA,3.7009971141815186,3.832139758106404,3.6697610229184403,3.743389256295573,591020000,2.0,-0.4836,negative,0.0034951748783376146
"2019-01-24 00:00:00.000000",NVDA,3.9129579067230225,3.930559063641579,3.780823689667241,3.7855339283477747,708972000,5.0,-0.33814,negative,0.05727126663495907
"2019-01-25 00:00:00.000000",NVDA,3.970224142074585,3.9883213129565482,3.750826975539661,3.853460200679696,1154572000,3.0,-0.03606666666666666,negative,0.014635024632687843
"2019-01-28 00:00:00.000000",NVDA,3.421358585357666,3.511348652137013,3.247576258086447,3.385164247758499,2511528000,10.0,-0.81708,negative,-0.13824548364922207
"2019-01-29 00:00:00.000000",NVDA,3.2624504566192627,3.423589870614671,3.247823965057454,3.375247928204983,1153932000,17.0,-0.1986470588235294,negative,-0.04644591461955494
"2019-01-30 00:00:00.000000",NVDA,3.4059886932373047,3.4203671788864196,3.2589799843642315,3.338558023729748,974228000,3.0,0.04563333333333334,negative,0.043997062492340255
"2019-01-31 00:00:00.000000",NVDA,3.563657283782959,3.5993558465088427,3.3809500088856073,3.4027658628909117,842852000,2.0,0.47395,neutral,0.04629157779023463
"2019-02-01 00:00:00.000000",NVDA,3.587951898574829,3.639020736411014,3.534652181397594,3.582250105752859,625048000,0.0,0.0,No News,0.00681732637490895
"2019-02-04 00:00:00.000000",NVDA,3.698270320892334,3.7354562123743165,3.581754165068187,3.6038177877095725,528592000,0.0,0.0,No News,0.030746906713360556
"2019-02-05 00:00:00.000000",NVDA,3.7173593044281006,3.7540494212708473,3.6764547263616927,3.710169943306687,542424000,1.0,0.0,neutral,0.00516159768741864
"2019-02-06 00:00:00.000000",NVDA,3.792970895767212,3.8574266662735943,3.745124963345141,3.750578749480347,702464000,1.0,0.9495,positive,0.020340135334521836
"2019-02-07 00:00:00.000000",NVDA,3.6546387672424316,3.748843297496793,3.611751081428504,3.7466121817433264,637120000,2.0,-0.9693499999999999,negative,-0.0364706538294699
"2019-02-08 00:00:00.000000",NVDA,3.673231601715088,3.683891402239543,3.573077281337774,3.587455765379998,461604000,1.0,-0.9546,negative,0.005087461622557354
"2019-02-11 00:00:00.000000",NVDA,3.6305928230285645,3.6833967742064413,3.5822508679042553,3.6291052545885156,495180000,7.0,-0.575857142857143,negative,-0.011607974478553107
"2019-02-12 00:00:00.000000",NVDA,3.74760365486145,3.7632219376409886,3.654638687915158,3.6690174094314227,591060000,0.0,0.0,No News,0.032229125527570845
"2019-02-13 00:00:00.000000",NVDA,3.7899954319000244,3.8631278843956305,3.7634693435636137,3.7771042797169985,605372000,0.0,0.0,No News,0.011311702341730623
"2019-02-14 00:00:00.000000",NVDA,3.8309004306793213,3.8591618604799955,3.7458683708743217,3.7890042996285453,827264000,7.0,-0.009271428571428566,neutral,0.010792888676066426
"2019-02-15 00:00:00.000000",NVDA,3.900562286376953,4.062445020815011,3.8777548785081706,4.039637849368373,1516748000,11.0,-0.08565454545454544,neutral,0.018184198978327126
"2019-02-19 00:00:00.000000",NVDA,3.883208990097046,3.963778826670554,3.8708138488600423,3.8899025744165323,551892000,1.0,0.0,neutral,-0.004448921720982435
"2019-02-20 00:00:00.000000",NVDA,3.930558204650879,3.9977408564554087,3.9013054608465048,3.9124610379970117,540988000,0.0,0.0,No News,0.012193321213095354
"2019-02-21 00:00:00.000000",NVDA,3.861640691757202,3.967744582570565,3.8470141998365723,3.9432020733846347,448548000,0.0,0.0,No News,-0.017533772381777557
"2019-02-22 00:00:00.000000",NVDA,3.946425199508667,3.965266154618352,3.8998188254349535,3.913453764488883,401740000,3.0,0.31516666666666665,neutral,0.02195556617487493
"2019-02-25 00:00:00.000000",NVDA,3.9340295791625977,4.097399875374152,3.9253526503709284,4.029969445289696,656020000,2.0,0.4155,neutral,-0.0031409743551233937
"2019-02-26 00:00:00.000000",NVDA,3.8946127891540527,3.985346650438618,3.86114534060757,3.9293197991010156,488464000,0.0,0.0,No News,-0.010019444240410458
"2019-02-27 00:00:00.000000",NVDA,3.8527164459228516,3.9067599488154197,3.795697806692139,3.8802340928291845,500256000,0.0,0.0,No News,-0.010757511850183588
"2019-02-28 00:00:00.000000",NVDA,3.828148126602173,3.8688468342508746,3.805813738379342,3.8465122093622433,324944000,0.0,0.0,No News,-0.006376882302531861
"2019-03-01 00:00:00.000000",NVDA,3.8824961185455322,3.924683457274521,3.819711043673783,3.8780290512297486,357188000,0.0,0.0,No News,0.014196940699783722
"2019-03-04 00:00:00.000000",NVDA,3.8906850814819336,3.9437917024778617,3.8341039699543926,3.920960789931432,409992000,0.0,0.0,No News,0.002109200546855705
"2019-03-05 00:00:00.000000",NVDA,3.884232997894287,3.922449791756113,3.820703376411174,3.875050838071082,362924000,0.0,0.0,No News,-0.001658341256750795
"2019-03-06 00:00:00.000000",NVDA,3.7733047008514404,3.8837367593047767,3.770574997278908,3.8752993861415765,403524000,1.0,-0.9749,negative,-0.028558610439431087
"2019-03-07 00:00:00.000000",NVDA,3.7040669918060303,3.7594072644137047,3.657908878673847,3.7497288167682017,450104000,1.0,-0.9656,negative,-0.018349355415105184
"2019-03-08 00:00:00.000000",NVDA,3.738313674926758,3.7489846994719547,3.59338687172159,3.6147289208119844,422416000,1.0,0.0,neutral,0.009245697552578314
"2019-03-11 00:00:00.000000",NVDA,3.9988842010498047,4.021714879717842,3.7147384799566043,3.7618894119862207,859728000,12.0,0.26930000000000004,neutral,0.06970269185026368
"2019-03-12 00:00:00.000000",NVDA,4.0331292152404785,4.079535106261234,3.9504909832306336,4.0266767605899245,579576000,4.0,-0.224475,neutral,0.008563642373460967
"2019-03-13 00:00:00.000000",NVDA,4.184508323669434,4.21379145284702,4.063157002925212,4.070602034749385,768900000,0.0,0.0,No News,0.03753390986257532
"2019-03-14 00:00:00.000000",NVDA,4.1085710525512695,4.205602604685603,4.100877994521936,4.193690742360727,519384000,3.0,-0.5484,negative,-0.018147238634615537
"2019-03-15 00:00:00.000000",NVDA,4.214040279388428,4.256723901168707,4.148277009826492,4.151751263614789,661484000,1.0,0.9534,positive,0.02567053739320535
"2019-03-18 00:00:00.000000",NVDA,4.192699432373047,4.299409227376472,4.16564947156302,4.245557804906436,486992000,0.0,0.0,No News,-0.005064224734576572
"2019-03-19 00:00:00.000000",NVDA,4.360455513000488,4.404876735512573,4.270372939225768,4.287247683533354,854972000,8.0,0.0265875,neutral,0.040011473117330665
"2019-03-20 00:00:00.000000",NVDA,4.327946186065674,4.442845049775503,4.2932031779906765,4.389490172372882,719148000,3.0,0.18986666666666666,neutral,-0.007455488729993798
"2019-03-21 00:00:00.000000",NVDA,4.564693927764893,4.590999336565339,4.346063439079334,4.351026795204957,824312000,1.0,0.742,positive,0.054702099222364575
"2019-03-22 00:00:00.000000",NVDA,4.404878616333008,4.58603689089806,4.390981595087665,4.537397316539361,747644000,3.0,-0.6264,negative,-0.03501117795868047
"2019-03-25 00:00:00.000000",NVDA,4.31256103515625,4.428452501002684,4.246301705276111,4.364178797359979,525212000,0.0,0.0,No News,-0.02095803067863211
"2019-03-26 00:00:00.000000",NVDA,4.389242649078369,4.510345483093209,4.332909563202776,4.454260896302469,703508000,5.0,0.43994,positive,0.01778099215222828
"2019-03-27 00:00:00.000000",NVDA,4.380060195922852,4.461209104969056,4.31057512314032,4.414803205645676,474372000,0.0,0.0,No News,-0.0020920358908491643
"2019-03-28 00:00:00.000000",NVDA,4.398672580718994,4.464435374742539,4.345565726024359,4.4061171395403385,480264000,0.0,0.0,No News,0.004249344521216392
"2019-03-29 00:00:00.000000",NVDA,4.455999374389648,4.480319632199917,4.415052866100731,4.465429562520552,456896000,0.0,0.0,No News,0.013032748543717165
"2019-04-01 00:00:00.000000",NVDA,4.52349853515625,4.553774244421854,4.476099581852805,4.5478183128725345,483824000,3.0,0.25433333333333336,positive,0.015147928690148582
"2019-04-02 00:00:00.000000",NVDA,4.541365146636963,4.585786363888316,4.504637460043733,4.547569576307608,440920000,0.0,0.0,No News,0.0039497330090536575
"2019-04-03 00:00:00.000000",NVDA,4.6808319091796875,4.739894685893829,4.586034024928441,4.590997378937661,783504000,5.0,0.27064,neutral,0.030710316840742102
"2019-04-04 00:00:00.000000",NVDA,4.671899795532227,4.714335397681236,4.609114719215145,4.665447338520244,457376000,0.0,0.0,No News,-0.001908232087963646
"2019-04-05 00:00:00.000000",NVDA,4.738656044006348,4.75602779195894,4.678601133650199,4.715080810354002,481744000,0.0,0.0,No News,0.014288887047183785
"2019-04-08 00:00:00.000000",NVDA,4.759500503540039,4.784564830698593,4.684059022984847,4.708130773820031,424192000,0.0,0.0,No News,0.004398812519861295
"2019-04-09 00:00:00.000000",NVDA,4.69671630859375,4.7371667596078275,4.654528730358178,4.725999445565127,439972000,1.0,-0.789,negative,-0.013191341171114757
"2019-04-10 00:00:00.000000",NVDA,4.767192840576172,4.793001716968582,4.691503811538995,4.695970641427767,444772000,0.0,0.0,No News,0.015005490506945884
"2019-04-11 00:00:00.000000",NVDA,4.753296852111816,4.801192335882871,4.703912740277553,4.769675547460373,374600000,1.0,0.0,neutral,-0.0029149205683645096
"2019-04-12 00:00:00.000000",NVDA,4.715327262878418,4.79598012337253,4.7066416284660155,4.7920093447847565,471708000,1.0,-0.68,negative,-0.007988053432120279
"2019-04-15 00:00:00.000000",NVDA,4.583553314208984,4.712597705664351,4.543847420427578,4.707634350608777,440092000,0.0,0.0,No News,-0.02794587550832972
"2019-04-16 00:00:00.000000",NVDA,4.670658588409424,4.6895189606848335,4.590006191352661,4.622763580392764,394964000,0.0,0.0,No News,0.0190038749915733
"2019-04-17 00:00:00.000000",NVDA,4.647825717926025,4.726492925002391,4.625491101995091,4.705647409688561,351004000,1.0,0.0,neutral,-0.004888576214938878
"2019-04-18 00:00:00.000000",NVDA,4.6232590675354,4.688525811871769,4.595465037399118,4.654527824770293,380988000,1.0,0.0,neutral,-0.005285622112695565
"2019-04-22 00:00:00.000000",NVDA,4.677111625671387,4.6927457714718726,4.568168656681637,4.599684974089435,279936000,0.0,0.0,No News,0.011648180936720598
"2019-04-23 00:00:00.000000",NVDA,4.731705665588379,4.7629744208895,4.680584438559012,4.690262648692707,346856000,1.0,0.6252,positive,0.011672597168162602
"2019-04-24 00:00:00.000000",NVDA,4.744114875793457,4.784813349232688,4.681329801891096,4.7421292496106355,318204000,1.0,0.9489,positive,0.00262256595868271
"2019-04-25 00:00:00.000000",NVDA,4.638397693634033,4.726247097600911,4.558737873538937,4.703912471281764,499296000,5.0,-0.5831,negative,-0.02228385798557264
"2019-04-26 00:00:00.000000",NVDA,4.4195170402526855,4.489002570313442,4.300647420111964,4.484535268096744,868988000,2.0,-0.04744999999999999,negative,-0.0471888500810852
"2019-04-29 00:00:00.000000",NVDA,4.450291633605957,4.478085671094279,4.3552452080308965,4.42746047900362,391920000,0.0,0.0,No News,0.006963338544229591
"2019-04-30 00:00:00.000000",NVDA,4.491734981536865,4.51729536853452,4.398922201698565,4.418030603822513,362920000,2.0,0.4774,neutral,0.00931250159381758
"2019-05-01 00:00:00.000000",NVDA,4.478580474853516,4.586282802060616,4.478331975805943,4.544095237087087,354280000,1.0,0.9464,positive,-0.002928602586176776
"2019-05-02 00:00:00.000000",NVDA,4.546080112457275,4.58777115012668,4.44507827239045,4.488258410928474,394684000,1.0,0.0,neutral,0.015071658973810687
"2019-05-03 00:00:00.000000",NVDA,4.541614532470703,4.564445209856069,4.480070061840967,4.55451897244162,336824000,0.0,0.0,No News,-0.0009822924093079
"2019-05-06 00:00:00.000000",NVDA,4.463195323944092,4.47535521329689,4.318020255687678,4.355244474386474,422176000,2.0,-0.93515,negative,-0.01726681292873844
"2019-05-07 00:00:00.000000",NVDA,4.295933246612549,4.414802885598528,4.247789750628167,4.414802885598528,555220000,1.0,-0.9682,negative,-0.03747585870468573
"2019-05-08 00:00:00.000000",NVDA,4.316035270690918,4.3961916172272915,4.256476423790654,4.268388287837035,419168000,1.0,0.0,neutral,0.0046793148134274265
"2019-05-09 00:00:00.000000",NVDA,4.223470211029053,4.256724122828362,4.104601025463672,4.247045911532932,660248000,3.0,-0.03790000000000001,negative,-0.021446780171249014
"2019-05-10 00:00:00.000000",NVDA,4.189472675323486,4.258213684866091,4.069858452869945,4.192698903881633,569500000,2.0,-0.96345,negative,-0.008049668639022567
"2019-05-13 00:00:00.000000",NVDA,3.9321274757385254,4.080528501983219,3.9162450734537675,4.057449330694643,656912000,4.0,-0.434425,negative,-0.0614266327838241
"2019-05-14 00:00:00.000000",NVDA,4.021218299865723,4.056457363033956,3.9331206419451403,3.971833722281142,524880000,2.0,0.4727,neutral,0.022657155617892055
"2019-05-15 00:00:00.000000",NVDA,3.960170269012451,3.996649933438713,3.9063190991459917,3.965629675389673,502320000,2.0,-0.48635,negative,-0.01518147643347545
"2019-05-16 00:00:00.000000",NVDA,3.9753077030181885,4.017991795753841,3.912274850177499,3.9547104438481218,781088000,10.0,0.09603,positive,0.0038224199914294044
"2019-05-17 00:00:00.000000",NVDA,3.884481430053711,4.06266192509531,3.845023793258878,3.9333694900856724,1022068000,10.0,-0.29856,neutral,-0.022847608223011018
"2019-05-20 00:00:00.000000",NVDA,3.765859365463257,3.84080432009012,3.7410430644171724,3.78571231163381,572064000,2.0,-0.96355,negative,-0.030537426095717968
"2019-05-21 00:00:00.000000",NVDA,3.8480007648468018,3.8638831687512023,3.787945639561651,3.8266589547037935,361848000,2.0,0.7852,positive,0.021812126107752405
"2019-05-22 00:00:00.000000",NVDA,3.777027130126953,3.8353451369119655,3.766107842757893,3.8092882306886033,325868000,0.0,0.0,No News,-0.01844428810103793
"2019-05-23 00:00:00.000000",NVDA,3.65592360496521,3.71473789281593,3.59611650414154,3.71473789281593,591844000,1.0,-0.9722,negative,-0.03206318646635531
"2019-05-24 00:00:00.000000",NVDA,3.6020727157592773,3.710023089205994,3.5953722334997824,3.6747840242344525,357584000,0.0,0.0,No News,-0.014729763262229079
"2019-05-28 00:00:00.000000",NVDA,3.5569071769714355,3.6524496356158997,3.554921787536733,3.6196922482710323,428356000,1.0,0.9005,positive,-0.012538763748505155
"2019-05-29 00:00:00.000000",NVDA,3.4827065467834473,3.544250538707785,3.4479637722032397,3.5092597383800683,559800000,1.0,-0.9716,negative,-0.020860997067448706
"2019-05-30 00:00:00.000000",NVDA,3.4561238288879395,3.5217133956601248,3.41786316929217,3.4859372467902072,394300000,2.0,0.0,neutral,-0.007632775698560912
"2019-05-31 00:00:00.000000",NVDA,3.365440607070923,3.4745081483814344,3.3637014971959016,3.407179481007383,389720000,1.0,-0.9552,negative,-0.026238418039030487
"2019-06-03 00:00:00.000000",NVDA,3.323702096939087,3.4153783060627987,3.2943855368205752,3.3766207957092447,478644000,0.0,0.0,No News,-0.012402093813256299
"2019-06-04 00:00:00.000000",NVDA,3.5527684688568115,3.557985798338294,3.3656890602587226,3.387800633337759,641836000,1.0,0.9424,positive,0.06891904425751028
"2019-06-05 00:00:00.000000",NVDA,3.510035753250122,3.6320224561896626,3.4737627571280982,3.6265565811110236,511616000,3.0,-0.024433333333333345,negative,-0.012028004633929834
"2019-06-06 00:00:00.000000",NVDA,3.5721473693847656,3.5967434537795993,3.5117751406941786,3.5142596511023725,408140000,2.0,0.27855,neutral,0.01769543688469022
"2019-06-07 00:00:00.000000",NVDA,3.614879846572876,3.6491651888373178,3.5589795487183062,3.5781099939735763,348856000,0.0,0.0,No News,0.011962685961489417
"2019-06-10 00:00:00.000000",NVDA,3.6876742839813232,3.7562452035078784,3.671028349531437,3.671028349531437,402780000,2.0,0.46285,neutral,0.02013744315110788
"2019-06-11 00:00:00.000000",NVDA,3.7453136444091797,3.7853134087433036,3.7058109717021224,3.7475496089871716,383872000,3.0,0.8925000000000001,positive,0.01563027425665897
"2019-06-12 00:00:00.000000",NVDA,3.6322708129882812,3.708046716894873,3.6171156795941504,3.701835441283549,358892000,1.0,-0.971,negative,-0.03018247392702167
"2019-06-13 00:00:00.000000",NVDA,3.683450698852539,3.7018355063388992,3.6367428057911084,3.6543824497397646,308080000,2.0,0.39865,neutral,0.01409032764882201
"2019-06-14 00:00:00.000000",NVDA,3.5935139656066895,3.6146318326887616,3.5487939576780514,3.5902842912448576,394428000,2.0,-0.96635,negative,-0.02441643464207799
"2019-06-17 00:00:00.000000",NVDA,3.6032028198242188,3.640221217075607,3.5689172416942827,3.5917742148022604,276040000,3.0,0.0,neutral,0.002696206084145114
"2019-06-18 00:00:00.000000",NVDA,3.798232316970825,3.8536355206591346,3.653637186629092,3.6645686998889,581920000,4.0,0.37529999999999997,positive,0.05412670529496344
"2019-06-19 00:00:00.000000",NVDA,3.8041951656341553,3.844940092005507,3.778108281375568,3.8335117237315703,331644000,0.0,0.0,No News,0.0015699009870164815
"2019-06-20 00:00:00.000000",NVDA,3.8285422325134277,3.908790057178576,3.814132501040221,3.8948771803167332,350168000,1.0,0.9485,positive,0.006400057257633929
"2019-06-21 00:00:00.000000",NVDA,3.7704057693481445,3.862827593085385,3.7639461858862915,3.813635435245714,434428000,0.0,0.0,No News,-0.015185012893828453
"2019-06-24 00:00:00.000000",NVDA,3.79276704788208,3.822332155583483,3.7445685844216965,3.7917733384094867,282948000,1.0,0.0,neutral,0.0059307352847068895
"2019-06-25 00:00:00.000000",NVDA,3.7634499073028564,3.8727659883014587,3.7607170882054692,3.7977354851308696,311868000,0.0,0.0,No News,-0.007729749865759472
"2019-06-26 00:00:00.000000",NVDA,3.956739902496338,4.017857757481719,3.8779828798004345,3.8909020472428284,584072000,1.0,0.9531,positive,0.05135978954267695
"2019-06-27 00:00:00.000000",NVDA,4.055373191833496,4.074503399227054,4.006429335736305,4.042454023040567,445440000,3.0,0.1267,negative,0.024927918379201497
"2019-06-28 00:00:00.000000",NVDA,4.080217361450195,4.108540206066905,4.03350971195814,4.099347566693324,397668000,0.0,0.0,No News,0.006126235106236111
"2019-07-01 00:00:00.000000",NVDA,4.12841796875,4.32170848831754,4.090902465158097,4.287422896716371,709756000,3.0,0.5985,positive,0.011813244989152594
"2019-07-02 00:00:00.000000",NVDA,4.030529022216797,4.132888674896865,4.017361543065561,4.111770572605332,400228000,1.0,0.0,neutral,-0.02371100680070959
"2019-07-03 00:00:00.000000",NVDA,4.043447017669678,4.059596094274445,3.9835718958573536,4.053881674403648,246636000,0.0,0.0,No News,0.0032050372002472294
"2019-07-05 00:00:00.000000",NVDA,3.9808402061462402,3.989535755890419,3.9174863735850263,3.9850638265751157,396552000,1.0,-0.952,negative,-0.015483524638717605
"2019-07-08 00:00:00.000000",NVDA,3.905809164047241,3.9400947426650323,3.875747442475692,3.9212128435384774,329788000,1.0,0.0,neutral,-0.01884804167300025
"2019-07-09 00:00:00.000000",NVDA,3.9082934856414795,3.936367787172201,3.8509026274936953,3.8635732502768936,342860000,3.0,0.31253333333333333,neutral,0.0006360581098295
"2019-07-10 00:00:00.000000",NVDA,3.976616382598877,4.0340070079790475,3.9378588740593776,3.9517717529394187,452076000,0.0,0.0,No News,0.017481516474749492
"2019-07-11 00:00:00.000000",NVDA,4.131148338317871,4.1718932558582615,4.012391330714075,4.0496580293653075,682560000,3.0,0.31729999999999997,neutral,0.03886016171818962
"2019-07-12 00:00:00.000000",NVDA,4.164192199707031,4.235247865334786,4.158974870393597,4.158974870393597,506392000,4.0,0.790225,positive,0.00799871093532678
"2019-07-15 00:00:00.000000",NVDA,4.155744552612305,4.201458493777884,4.127422181326354,4.185309889697396,289840000,1.0,0.0,neutral,-0.0020286400554040407
"2019-07-16 00:00:00.000000",NVDA,4.151025772094727,4.17810613482863,4.095373771467706,4.140839419752032,341444000,1.0,0.0,neutral,-0.0011354837762133085
"2019-07-17 00:00:00.000000",NVDA,4.216366291046143,4.223322730665828,4.123447591701021,4.152764151204527,348204000,0.0,0.0,No News,0.015740812642182966
"2019-07-18 00:00:00.000000",NVDA,4.228042125701904,4.2908988524978815,4.170154418749741,4.226800107676858,442192000,0.0,0.0,No News,0.0027691699083536303
"2019-07-19 00:00:00.000000",NVDA,4.184812545776367,4.272762203601938,4.1788498169516,4.266302857133655,344896000,0.0,0.0,No News,-0.010224491298879923
"2019-07-22 00:00:00.000000",NVDA,4.256365776062012,4.269284945778942,4.1987263670271,4.206179898204065,315940000,1.0,0.9125,positive,0.017098311932242094
"2019-07-23 00:00:00.000000",NVDA,4.364190578460693,4.366177997005154,4.279967438837135,4.295619899958281,428176000,1.0,0.0,neutral,0.025332597824438086
"2019-07-24 00:00:00.000000",NVDA,4.438724994659424,4.44443941661251,4.331396786930893,4.4074210130505955,366236000,1.0,0.9542,positive,0.017078634596433995
"2019-07-25 00:00:00.000000",NVDA,4.3075432777404785,4.40990287653443,4.284189460006043,4.397232021829946,392700000,1.0,-0.9656,negative,-0.029553918541198265
"2019-07-26 00:00:00.000000",NVDA,4.349532604217529,4.396240260376979,4.334626016349422,4.334626016349422,274160000,2.0,0.19265000000000004,negative,0.009747859457160502
"2019-07-29 00:00:00.000000",NVDA,4.343321323394775,4.359470402443908,4.255123345438182,4.342327614108528,248160000,1.0,-0.9726,negative,-0.0014280340873249475
"2019-07-30 00:00:00.000000",NVDA,4.358973026275635,4.371146793513117,4.282451729768207,4.296861698157642,197772000,1.0,0.8691,positive,0.0036036253630495896
"2019-07-31 00:00:00.000000",NVDA,4.191770076751709,4.32841530996409,4.149534346321979,4.327421126674234,359416000,4.0,-0.4867,negative,-0.03835833544186584
"2019-08-01 00:00:00.000000",NVDA,4.097361087799072,4.292638969549373,4.045187314937343,4.202204777428455,421212000,2.0,0.0003,negative,-0.022522463595092135
"2019-08-02 00:00:00.000000",NVDA,4.004689693450928,4.074006239767578,3.9572368815028436,4.004689693450928,428348000,1.0,0.0,neutral,-0.02261733646665831
"2019-08-05 00:00:00.000000",NVDA,3.746307134628296,3.8223313426400565,3.699350936463408,3.821089087595534,589156000,1.0,-0.9676,negative,-0.06451999495620797
"2019-08-06 00:00:00.000000",NVDA,3.785064220428467,3.866554299337405,3.7373628610752765,3.821088904182659,361272000,0.0,0.0,No News,0.010345410669063027
"2019-08-07 00:00:00.000000",NVDA,3.8233251571655273,3.8352506163725377,3.706804331850777,3.7241954290810595,372560000,0.0,0.0,No News,0.010108398301556187
"2019-08-08 00:00:00.000000",NVDA,3.9318954944610596,3.9331377494324142,3.8235733724795593,3.880964225315059,309300000,1.0,0.9339,positive,0.028396835956275845
"2019-08-09 00:00:00.000000",NVDA,3.8305301666259766,3.8943806090826705,3.7800957473959875,3.8909023896141144,341816000,2.0,-0.4842,negative,-0.02578027009565198
"2019-08-12 00:00:00.000000",NVDA,3.7627053260803223,3.830530854838975,3.7408420591099536,3.7783573165009408,279200000,2.0,-0.3875,negative,-0.01770638465050811
"2019-08-13 00:00:00.000000",NVDA,3.8769891262054443,3.9229516149101764,3.7222078919153594,3.7612137050136867,351956000,1.0,0.8859,positive,0.03037277443253128
"2019-08-14 00:00:00.000000",NVDA,3.728419542312622,3.7999718331507517,3.684693247660859,3.7887917728987963,419880000,2.0,-0.90625,negative,-0.03832086680063318
"2019-08-15 00:00:00.000000",NVDA,3.69612193107605,3.7671773732458775,3.6618365838078555,3.7473017615381745,477200000,6.0,0.27585,positive,-0.008662547460133507
"2019-08-16 00:00:00.000000",NVDA,3.964193344116211,4.013385265899939,3.8976098530353194,3.958976015488605,1007960000,17.0,0.3761235294117647,neutral,0.07252775152959234
"2019-08-19 00:00:00.000000",NVDA,4.242950439453125,4.258851214655118,4.061337097201166,4.077486181334938,815112000,5.0,0.189,neutral,0.07031874359777501
"2019-08-20 00:00:00.000000",NVDA,4.170652866363525,4.237981543362013,4.14953476209671,4.237484451667277,463188000,2.0,0.32215,neutral,-0.01703945735904422
"2019-08-21 00:00:00.000000",NVDA,4.254129409790039,4.309284306296547,4.215123593272236,4.236738311589228,427244000,3.0,0.6307666666666667,positive,0.020015222101018137
"2019-08-22 00:00:00.000000",NVDA,4.260340690612793,4.306302943909594,4.221086093491348,4.263818910063666,303488000,0.0,0.0,No News,0.0014600592094025089
"2019-08-23 00:00:00.000000",NVDA,4.0357465744018555,4.238229689306233,4.015870963200146,4.183820185871356,568056000,3.0,-0.8024999999999999,negative,-0.052717407484759726
"2019-08-26 00:00:00.000000",NVDA,4.110528469085693,4.1386030106390885,4.072268050737797,4.114503780573438,318208000,2.0,0.92675,positive,0.01852987874862322
"2019-08-27 00:00:00.000000",NVDA,4.019845962524414,4.151521698798528,3.990529402740289,4.148788879474909,290968000,0.0,0.0,No News,-0.02206103357348843
"2019-08-28 00:00:00.000000",NVDA,4.009400367736816,4.062122887485374,3.9541908785054782,3.993484332256128,255612000,0.0,0.0,No News,-0.002598506232571629
"2019-08-29 00:00:00.000000",NVDA,4.153143882751465,4.185473535124823,4.097436813714103,4.100918475882633,357976000,2.0,0.4585,neutral,0.03585162414094034
"2019-08-30 00:00:00.000000",NVDA,4.16582727432251,4.24913909537312,4.147672823226955,4.199400652267596,290616000,1.0,0.9409,positive,0.003053925394619794
"2019-09-03 00:00:00.000000",NVDA,4.082764625549316,4.126036854372874,4.059885263469695,4.092961058921285,296140000,3.0,-0.32383333333333336,neutral,-0.019939052510692945
"2019-09-04 00:00:00.000000",NVDA,4.1969146728515625,4.20437558337992,4.1434459999176525,4.1434459999176525,227728000,2.0,-0.3757,negative,0.027959007626330523
"2019-09-05 00:00:00.000000",NVDA,4.469976425170898,4.47619361108843,4.297384649844014,4.299125480874559,695676000,3.0,-0.012866666666666693,negative,0.06506249795490993
"2019-09-06 00:00:00.000000",NVDA,4.442869663238525,4.5035502065782005,4.404819927731002,4.446599880651899,376976000,0.0,0.0,No News,-0.006064184540153783
"2019-09-09 00:00:00.000000",NVDA,4.488877296447754,4.575422227704875,4.472463676193276,4.473955952854855,417524000,0.0,0.0,No News,0.010355386652439513
"2019-09-10 00:00:00.000000",NVDA,4.555526256561279,4.582135831740526,4.446350534575092,4.456049382728147,352812000,1.0,0.0,neutral,0.014847578962843944
"2019-09-11 00:00:00.000000",NVDA,4.584126949310303,4.63237312302588,4.541103270212947,4.570200296995046,361512000,1.0,0.9442,positive,0.006278241225770698
"2019-09-12 00:00:00.000000",NVDA,4.582633972167969,4.68534349163841,4.5746759541097894,4.630631583854863,327840000,0.0,0.0,No News,-0.0003256840743816
"2019-09-13 00:00:00.000000",NVDA,4.524689674377441,4.553040562902472,4.48091985660155,4.51598551662954,324592000,0.0,0.0,No News,-0.01264432161556972
"2019-09-16 00:00:00.000000",NVDA,4.481666088104248,4.516234165118404,4.439139991604027,4.449584981118431,231832000,1.0,0.0,neutral,-0.009508626971000633
"2019-09-17 00:00:00.000000",NVDA,4.5030517578125,4.507279557649225,4.4418736489892545,4.488378972852396,223048000,0.0,0.0,No News,0.004771812376878293
"2019-09-18 00:00:00.000000",NVDA,4.475945949554443,4.5117577482728235,4.389401480829896,4.496090264211417,258152000,1.0,0.0,neutral,-0.006019430758491651
"2019-09-19 00:00:00.000000",NVDA,4.400343418121338,4.5003174155050045,4.3896494012540614,4.481913935069581,245476000,1.0,-0.8447,negative,-0.016890849953322462
"2019-09-20 00:00:00.000000",NVDA,4.294649600982666,4.422974490707629,4.284453641507711,4.399348989262219,350244000,0.0,0.0,No News,-0.024019447369359237
"2019-09-23 00:00:00.000000",NVDA,4.348118305206299,4.393628951438278,4.2911679773319555,4.2948986692139135,249712000,1.0,0.7059,positive,0.012450073740916778
"2019-09-24 00:00:00.000000",NVDA,4.290670871734619,4.4090478835043925,4.25510810470205,4.3794537491471965,317268000,2.0,-0.4849,negative,-0.013212021715898081
"2019-09-25 00:00:00.000000",NVDA,4.432424545288086,4.452071273482749,4.245408506956188,4.2901730119704755,308432000,1.0,0.9542,positive,0.03303764790892916
"2019-09-26 00:00:00.000000",NVDA,4.410289287567139,4.431428284943209,4.359307613630581,4.422724131418001,234564000,0.0,0.0,No News,-0.004993938981878054
"2019-09-27 00:00:00.000000",NVDA,4.271522521972656,4.419245140949062,4.210841490855269,4.36851199092475,362056000,1.0,-0.9709,negative,-0.03146432275671207
"2019-09-30 00:00:00.000000",NVDA,4.328967571258545,4.3391640014267345,4.266048633797646,4.297384062404864,186184000,0.0,0.0,No News,0.01344837794729914
"2019-10-01 00:00:00.000000",NVDA,4.32722806930542,4.501312150703961,4.322503158992095,4.35209729155392,366008000,1.0,0.8271,positive,-0.0004018283631123
"2019-10-02 00:00:00.000000",NVDA,4.303354263305664,4.317280914728532,4.230985007369558,4.305343649411506,293372000,1.0,-0.9702,negative,-0.005517112945606306
"2019-10-03 00:00:00.000000",NVDA,4.509022235870361,4.515239423704227,4.277490688760907,4.307830963836632,450588000,2.0,0.9301999999999999,positive,0.04779248000063818
"2019-10-04 00:00:00.000000",NVDA,4.525434494018555,4.554780067114275,4.4461019299427615,4.511258816716554,265524000,0.0,0.0,No News,0.003639870750166141
"2019-10-07 00:00:00.000000",NVDA,4.584126949310303,4.683851930785341,4.5816399793481475,4.590344137045182,480984000,10.0,0.28167,neutral,0.012969463013844162
"2019-10-08 00:00:00.000000",NVDA,4.40755558013916,4.492359210475812,4.389401127543962,4.492359210475812,444436000,2.0,-0.4806,negative,-0.03851799287489377
"2019-10-09 00:00:00.000000",NVDA,4.494099140167236,4.543589022774172,4.455552301934541,4.484400291952235,292412000,4.0,0.09640000000000001,neutral,0.01963527366916229
"2019-10-10 00:00:00.000000",NVDA,4.551795959472656,4.602777648271692,4.486639066326071,4.491861559963687,309124000,1.0,0.9483,positive,0.012838350358081563
"2019-10-11 00:00:00.000000",NVDA,4.6254096031188965,4.708720958826774,4.61695400046996,4.635854591917818,446404000,1.0,0.848,positive,0.016172439252916115
"2019-10-14 00:00:00.000000",NVDA,4.638838768005371,4.659728746039414,4.585618655483492,4.616705067845868,200040000,1.0,0.3967,positive,0.0029033460901319863
"2019-10-15 00:00:00.000000",NVDA,4.883551120758057,4.956169413310423,4.715187089656604,4.72911421687751,664124000,7.0,0.6415428571428572,positive,0.05275293343681087
"2019-10-16 00:00:00.000000",NVDA,4.829833507537842,4.954428183676151,4.818393825639987,4.84948023741831,428944000,2.0,0.0,neutral,-0.010999703267542849
"2019-10-17 00:00:00.000000",NVDA,4.831823348999023,4.919362505869722,4.777359515589503,4.874349442507678,263436000,1.0,-0.4398,negative,0.0004119896592867
"2019-10-18 00:00:00.000000",NVDA,4.737321853637695,4.864900647869169,4.66296318713965,4.832321949380896,307440000,0.0,0.0,No News,-0.019558143693499397
"2019-10-21 00:00:00.000000",NVDA,4.874597072601318,4.88802661239417,4.779845578825487,4.7987461666534745,261868000,2.0,-0.33025,negative,0.028977389167301748
"2019-10-22 00:00:00.000000",NVDA,4.864649772644043,5.036743978175857,4.856940309699533,4.931547495369261,328720000,3.0,0.5946,positive,-0.0020406404486611462
"2019-10-23 00:00:00.000000",NVDA,4.851719379425049,4.8658945879936715,4.7507506646905595,4.782583219630717,279916000,2.0,-0.9722999999999999,negative,-0.0026580316823026084
"2019-10-24 00:00:00.000000",NVDA,4.895735740661621,4.9293086391679815,4.858929260405029,4.892999742490089,232020000,2.0,0.9292499999999999,positive,0.009072322159281221
"2019-10-25 00:00:00.000000",NVDA,5.086731910705566,5.107621888597469,4.968603449664109,4.976312914030075,423092000,1.0,0.9463,positive,0.03901276134200282
"2019-10-28 00:00:00.000000",NVDA,5.142688274383545,5.195161781217625,5.101156393075044,5.130501977883017,330792000,4.0,0.238,neutral,0.011000454645587299
"2019-10-29 00:00:00.000000",NVDA,5.046443939208984,5.135226822789439,5.027046237422174,5.1287606059664865,211236000,0.0,0.0,No News,-0.01871479079413918
"2019-10-30 00:00:00.000000",NVDA,5.04843282699585,5.07902212785458,4.980291374092039,5.073302050025288,205960000,2.0,0.376,neutral,0.0003941166910451
"2019-10-31 00:00:00.000000",NVDA,4.999192237854004,5.048433102920363,4.919362544598043,5.027543125196636,209732000,1.0,0.0,neutral,-0.009753638570476397
"2019-11-01 00:00:00.000000",NVDA,5.038235664367676,5.0705653145455365,4.938758796009322,4.963876567710956,283640000,0.0,0.0,No News,0.007809947018647234
"2019-11-04 00:00:00.000000",NVDA,5.234951496124268,5.247386345303355,5.09618208940901,5.119310007634223,376716000,2.0,0.0,neutral,0.039044587204969616
"2019-11-05 00:00:00.000000",NVDA,5.212818622589111,5.26081576806909,5.164821002768105,5.234703294543115,300868000,3.0,0.0,neutral,-0.004227904222520951
"2019-11-06 00:00:00.000000",NVDA,5.163577556610107,5.214310224843128,5.0760379234743285,5.188695336038116,269012000,0.0,0.0,No News,-0.009446149874776766
"2019-11-07 00:00:00.000000",NVDA,5.181234359741211,5.264794745082253,5.136469850653474,5.250121954851984,280340000,5.0,-0.34148,negative,0.0034194902540971572
"2019-11-08 00:00:00.000000",NVDA,5.167306900024414,5.1988908907377365,5.126770198629659,5.164322821244246,189100000,0.0,0.0,No News,-0.002688058240525648
"2019-11-11 00:00:00.000000",NVDA,5.177255153656006,5.200383070318119,5.0802652339781655,5.166561136650646,243436000,5.0,0.8343400000000001,positive,0.0019252298777812094
"2019-11-12 00:00:00.000000",NVDA,5.212818622589111,5.268774261816934,5.18048848688369,5.215554147290733,283504000,4.0,0.5786,positive,0.006869174471339612
"2019-11-13 00:00:00.000000",NVDA,5.186954021453857,5.209087245194441,5.120553401550179,5.181482498429327,300188000,1.0,0.0,neutral,-0.00496173049704296
"2019-11-14 00:00:00.000000",NVDA,5.217294216156006,5.219532631134301,5.135972253725636,5.195906656724694,518080000,10.0,0.16899999999999998,neutral,0.005849327866924936
"2019-11-15 00:00:00.000000",NVDA,5.078027725219727,5.266784137947912,4.989741954699469,5.215056302877689,1053628000,31.0,0.4872258064516129,positive,-0.026693240819163133
"2019-11-18 00:00:00.000000",NVDA,5.279218673706055,5.305828253717168,5.067582435266569,5.070566514339797,574588000,3.0,0.5883666666666666,positive,0.03961989956989109
"2019-11-19 00:00:00.000000",NVDA,5.1725287437438965,5.2717565844161856,5.114335182944443,5.248131088766924,414564000,1.0,0.0,neutral,-0.02020941668765186
"2019-11-20 00:00:00.000000",NVDA,5.2518630027771,5.3356719462574835,5.136967646075839,5.149651050664356,472588000,2.0,0.4743,neutral,0.015337615886457323
"2019-11-21 00:00:00.000000",NVDA,5.226993083953857,5.303092552708058,5.2053569697853295,5.247385950468522,288388000,1.0,0.9545,positive,-0.004735446985211
"2019-11-22 00:00:00.000000",NVDA,5.2446513175964355,5.296130127617209,5.221025339088648,5.249624783398198,224100000,0.0,0.0,No News,0.0033782775984123603
"2019-11-25 00:00:00.000000",NVDA,5.5012993812561035,5.506273320249734,5.359793994971551,5.372725951750432,506476000,10.0,0.45465999999999995,positive,0.048935200477214336
"2019-11-26 00:00:00.000000",NVDA,5.396601676940918,5.48836864233391,5.3901354599461735,5.48364325693913,385244000,2.0,0.27395,neutral,-0.019031450037405584
"2019-11-27 00:00:00.000000",NVDA,5.431443214416504,5.476489490194554,5.405062737577762,5.442145122688888,215784000,1.0,0.0,neutral,0.0064561995791647675
"2019-11-29 00:00:00.000000",NVDA,5.394110679626465,5.428952988858122,5.370218539187122,5.400581665449979,141556000,1.0,0.0,neutral,-0.006873409758008431
"2019-12-02 00:00:00.000000",NVDA,5.207705020904541,5.400583371427015,5.192523927668455,5.387143919511813,372036000,1.0,-0.9725,negative,-0.03455725508673324
"2019-12-03 00:00:00.000000",NVDA,5.168133735656738,5.172115443423006,4.986704002882057,5.024035123991091,465232000,3.0,-0.4484333333333333,negative,-0.0075986034325978835
"2019-12-04 00:00:00.000000",NVDA,5.211935043334961,5.274153732856538,5.183314503117947,5.251754966653496,273424000,2.0,0.4711,neutral,0.008475265911952468
"2019-12-05 00:00:00.000000",NVDA,5.195013523101807,5.249517078634673,5.164401644499803,5.233838032141927,184884000,0.0,0.0,No News,-0.0032466867089592233
"2019-12-06 00:00:00.000000",NVDA,5.28037691116333,5.313228855063427,5.25424516854047,5.264200389363115,232236000,1.0,0.0,neutral,0.01643179323440047
"2019-12-09 00:00:00.000000",NVDA,5.28037691116333,5.335129676305768,5.248770081902649,5.257480662776935,211880000,0.0,0.0,No News,0.0
"2019-12-10 00:00:00.000000",NVDA,5.325422286987305,5.37718828257954,5.257728037148495,5.3104894596265915,256388000,2.0,0.24505,negative,0.008530712216535896
"2019-12-11 00:00:00.000000",NVDA,5.409042835235596,5.414518394125398,5.333385184387442,5.3358739884844715,233796000,0.0,0.0,No News,0.01570214411965387
"2019-12-12 00:00:00.000000",NVDA,5.576537132263184,5.594704979938755,5.371215722129446,5.380175039586367,404348000,2.0,0.459,neutral,0.03096560743362886
"2019-12-13 00:00:00.000000",NVDA,5.5745463371276855,5.6987349912449154,5.520540269672708,5.579523946741145,454704000,2.0,0.0,neutral,-0.0003569948676536
"2019-12-16 00:00:00.000000",NVDA,5.603414535522461,5.675837174921617,5.593957268960997,5.62208033062008,320976000,0.0,0.0,No News,0.005178573582303336
"2019-12-17 00:00:00.000000",NVDA,5.6815619468688965,5.704209451026532,5.612623532829805,5.622080800181148,321196000,1.0,0.9218,positive,0.013946391231814959
"2019-12-18 00:00:00.000000",NVDA,5.711923599243164,5.772400162182076,5.7079414177507655,5.7164032567403344,343548000,3.0,0.3660333333333334,positive,0.005343891813236246
"2019-12-19 00:00:00.000000",NVDA,5.860004901885986,5.87344435140554,5.741540559502921,5.746518168561343,445360000,2.0,0.4761,neutral,0.02592494456026051
"2019-12-20 00:00:00.000000",NVDA,5.957315444946289,5.982700493032748,5.9072915629512766,5.92645483671851,603044000,5.0,0.55042,positive,0.016605880829380304
"2019-12-23 00:00:00.000000",NVDA,5.943626403808594,6.018039896284689,5.932924972502659,5.985935127675997,355060000,2.0,0.2152,neutral,-0.002297854002226485
"2019-12-24 00:00:00.000000",NVDA,5.9386491775512695,5.955821596103844,5.8938516464908,5.928196483595949,138864000,0.0,0.0,No News,-0.0008374056374295
"2019-12-26 00:00:00.000000",NVDA,5.952836513519287,5.980959107765898,5.923220066661542,5.942134604679745,182852000,1.0,-0.9484,negative,0.0023889836802697406
"2019-12-27 00:00:00.000000",NVDA,5.8950958251953125,5.981455387285894,5.868714879638916,5.968015939142076,254644000,0.0,0.0,No News,-0.009699693279471289
"2019-12-30 00:00:00.000000",NVDA,5.781858444213867,5.878421971488268,5.750500361530669,5.873195624374401,258056000,2.0,0.0,neutral,-0.019208743053416577
"2019-12-31 00:00:00.000000",NVDA,5.856024742126465,5.865482011960632,5.727356409574155,5.746519687353872,231004000,3.0,0.2251,neutral,0.012827415030684186
"2020-01-02 00:00:00.000000",NVDA,5.970754623413086,5.970754623413086,5.891363982921088,5.941885342751538,237536000,1.0,0.0,neutral,0.01959176853562261
"2020-01-03 00:00:00.000000",NVDA,5.875187397003174,5.918989509206405,5.826158936868676,5.851046511408945,205384000,1.0,0.0,neutral,-0.016005887435930566
"2020-01-06 00:00:00.000000",NVDA,5.899825096130371,5.905051443474641,5.7557269623863725,5.781858699107725,262636000,1.0,0.0,neutral,0.004193517153131987
"2020-01-07 00:00:00.000000",NVDA,5.971252918243408,6.017045883969803,5.88315121870379,5.928197495492935,314856000,1.0,0.0,neutral,0.012106769429467645
"2020-01-08 00:00:00.000000",NVDA,5.98245096206665,6.023764259600942,5.926952001977037,5.967020659997875,277108000,0.0,0.0,No News,0.0018753256605543722
"2020-01-09 00:00:00.000000",NVDA,6.048155307769775,6.120577964594168,5.994398450534082,6.068811961421722,255112000,1.0,0.0,neutral,0.01098284735131827
"2020-01-10 00:00:00.000000",NVDA,6.080507755279541,6.185781859126946,6.066322091859231,6.155419203881554,316296000,6.0,0.30706666666666665,neutral,0.00534914298053879
"2020-01-13 00:00:00.000000",NVDA,6.271146774291992,6.296283085616818,6.140985084223415,6.163633065444852,319840000,10.0,0.53809,positive,0.03135248349069597
"2020-01-14 00:00:00.000000",NVDA,6.154175281524658,6.2537250915044345,6.140984569750498,6.228339569543208,359088000,0.0,0.0,No News,-0.018652328988192135
"2020-01-15 00:00:00.000000",NVDA,6.1116180419921875,6.189267045100007,6.085735040956248,6.166868275946175,263104000,2.0,0.88595,positive,-0.006915181577656915
"2020-01-16 00:00:00.000000",NVDA,6.1952385902404785,6.20121162555612,6.141730485110568,6.1651246756422955,284192000,2.0,0.4446,neutral,0.013682227468036157
"2020-01-17 00:00:00.000000",NVDA,6.203949451446533,6.221868558212583,6.156414379459316,6.214402145054004,253792000,3.0,0.3102,neutral,0.0014060574228371703
"2020-01-21 00:00:00.000000",NVDA,6.1706013679504395,6.20419951976106,6.136505265317551,6.167365874333107,217916000,1.0,0.0,neutral,-0.005375299034443004
"2020-01-22 00:00:00.000000",NVDA,6.224606513977051,6.311214823727861,6.196981400554024,6.215895935392397,239240000,0.0,0.0,No News,0.008752006944916069
"2020-01-23 00:00:00.000000",NVDA,6.293046951293945,6.301508791795194,6.175827247965222,6.264675623846474,244516000,3.0,0.5917666666666667,positive,0.0109951427713888
"2020-01-24 00:00:00.000000",NVDA,6.233816146850586,6.458301325406744,6.179561337282814,6.408526174948215,373512000,2.0,0.0,neutral,-0.009412102738432737
"2020-01-27 00:00:00.000000",NVDA,5.97797155380249,6.0289908580944,5.779618159624937,5.929191841222907,470536000,2.0,-0.4854,negative,-0.04104140818739932
"2020-01-28 00:00:00.000000",NVDA,6.171349048614502,6.203702565914356,5.990665498811657,6.043924884260092,310976000,2.0,0.9212,positive,0.0323483464368457
"2020-01-29 00:00:00.000000",NVDA,6.110870838165283,6.192999486865854,6.071050441358389,6.156912534107337,258848000,0.0,0.0,No News,-0.009799836303667875
"2020-01-30 00:00:00.000000",NVDA,6.117589950561523,6.131029399451764,5.958061527643845,6.01306253868388,290504000,3.0,-0.3243333333333333,neutral,0.0010995343502069321
"2020-01-31 00:00:00.000000",NVDA,5.884145259857178,6.083742808298976,5.842334486746621,6.071796737498564,370420000,2.0,-0.89655,negative,-0.03815958450809831
"2020-02-03 00:00:00.000000",NVDA,5.981208324432373,6.000620338642555,5.859757205155272,5.865978980238484,255564000,0.0,0.0,No News,0.016495694835642283
"2020-02-04 00:00:00.000000",NVDA,6.150441646575928,6.169605393823703,6.073041867526822,6.123065746362249,271544000,5.0,-0.041179999999999994,neutral,0.02829416949954089
"2020-02-05 00:00:00.000000",NVDA,6.240783214569092,6.281598562985633,6.157409927409583,6.27139460720877,208220000,0.0,0.0,No News,0.014688631025945753
"2020-02-06 00:00:00.000000",NVDA,6.327640056610107,6.327640056610107,6.193994633007796,6.275127851182207,218284000,1.0,0.0,neutral,0.013917618839611068
"2020-02-07 00:00:00.000000",NVDA,6.261440277099609,6.309722042005786,6.236054755001405,6.287572013355755,189752000,1.0,0.7399,positive,-0.01046200145998244
"2020-02-10 00:00:00.000000",NVDA,6.544660568237305,6.5454067824737585,6.279110833313493,6.284088443035795,529608000,4.0,0.672775,positive,0.04523245109811813
"2020-02-11 00:00:00.000000",NVDA,6.667105197906494,6.781836561422516,6.5909495893900365,6.652919535414561,638556000,5.0,0.36710000000000004,positive,0.018709087872859298
"2020-02-12 00:00:00.000000",NVDA,6.782832145690918,6.789303132024063,6.6810422774865765,6.719866771412749,374644000,4.0,0.318275,positive,0.01735790037042806
"2020-02-13 00:00:00.000000",NVDA,6.739030361175537,6.806226658607772,6.69746832287338,6.724844697684495,528016000,11.0,0.32556363636363633,positive,-0.006457742661847843
"2020-02-14 00:00:00.000000",NVDA,7.212141513824463,7.341058548961694,7.1178180542785325,7.149176136549256,1041924000,31.0,0.4913193548387097,positive,0.07020463290603085
"2020-02-18 00:00:00.000000",NVDA,7.380878925323486,7.399295984825902,7.0894466884047596,7.108858700139689,620164000,7.0,0.16535714285714284,neutral,0.023396297920053488
"2020-02-19 00:00:00.000000",NVDA,7.832087993621826,7.849758362409394,7.503324670683781,7.503324670683781,694332000,9.0,0.26955555555555555,neutral,0.061132159579296186
"2020-02-20 00:00:00.000000",NVDA,7.682764530181885,7.872406892694111,7.375404030472952,7.784056461298665,810052000,4.0,-0.242375,neutral,-0.019065600841250085
"2020-02-21 00:00:00.000000",NVDA,7.318661212921143,7.5956590844997995,7.2337950040236585,7.5705227712258205,768180000,1.0,-0.972,negative,-0.04739222656510633
"2020-02-24 00:00:00.000000",NVDA,6.8012495040893555,7.015033220439057,6.669843655720504,6.724347196251177,856916000,3.0,-0.6363333333333333,negative,-0.07069758987043884
"2020-02-25 00:00:00.000000",NVDA,6.521762371063232,6.938378621692745,6.4199725063465785,6.876408676352782,1055496000,4.0,0.141425,negative,-0.041093498019456165
"2020-02-26 00:00:00.000000",NVDA,6.661133766174316,6.855256278034452,6.52051984814565,6.522012751347304,747732000,3.0,0.2735333333333333,positive,0.021370204429629114
"2020-02-27 00:00:00.000000",NVDA,6.290336608886719,6.648930749588357,6.1979487749822635,6.347611926679557,906416000,3.0,-0.6456666666666666,negative,-0.05566577257020877
"2020-02-28 00:00:00.000000",NVDA,6.725380897521973,6.784897622495817,6.021142320573181,6.03782676252008,1133252000,1.0,0.9589,positive,0.06916073267377176
"2020-03-02 00:00:00.000000",NVDA,6.88375997543335,6.912646997105689,6.499516704618739,6.89546430619151,890744000,2.0,0.0,neutral,0.023549458435838666
"2020-03-03 00:00:00.000000",NVDA,6.6212897300720215,6.99930752770116,6.5358745190694,6.939541911176485,652792000,3.0,-0.12050000000000001,negative,-0.038128907210307705
"2020-03-04 00:00:00.000000",NVDA,7.084970951080322,7.094433875085668,6.653910847652948,6.728618217428023,597408000,1.0,0.9303,positive,0.07002883726751774
"2020-03-05 00:00:00.000000",NVDA,6.805566310882568,7.052348512985512,6.76099087219597,6.885502676379965,540328000,1.0,-0.9722,negative,-0.039436243581937314
"2020-03-06 00:00:00.000000",NVDA,6.625024795532227,6.683545501636067,6.424809580590504,6.626020817874118,515412000,2.0,-0.48475,negative,-0.026528507269357404
"2020-03-09 00:00:00.000000",NVDA,6.112034797668457,6.459671686540949,5.931243723511115,5.974075523944306,614160000,2.0,-0.4864,negative,-0.07743216270069186
"2020-03-10 00:00:00.000000",NVDA,6.501508712768555,6.501508712768555,6.125732346102121,6.38845186990878,580648000,1.0,-0.9097,negative,0.06372246363006129
"2020-03-11 00:00:00.000000",NVDA,6.1376848220825195,6.38994586331887,6.04056576513006,6.361557091677806,499964000,2.0,-0.02410000000000001,negative,-0.055959917422168215
"2020-03-12 00:00:00.000000",NVDA,5.386629581451416,5.879945078661735,5.373929229752029,5.614485926800339,816540000,1.0,-0.9737,negative,-0.12236784103493115
"2020-03-13 00:00:00.000000",NVDA,5.99748420715332,6.001966544495136,5.468807313151768,5.739993709567148,634836000,1.0,-0.9645,negative,0.11340201074997824
"2020-03-16 00:00:00.000000",NVDA,4.890823841094971,5.630424311039589,4.8310582281153325,5.289510622766234,726972000,2.0,-0.48595,negative,-0.1845207636792796
"2020-03-17 00:00:00.000000",NVDA,5.410537242889404,5.49993703157345,4.756352318047779,5.0031345877682165,833632000,2.0,0.4742,neutral,0.10626295664700924
"2020-03-18 00:00:00.000000",NVDA,5.050697326660156,5.228002130434769,4.499359291947831,4.982963056670946,874268000,3.0,-0.5271333333333333,negative,-0.06650724319514745
"2020-03-19 00:00:00.000000",NVDA,5.303455829620361,5.397088566428177,4.815867575219832,5.029280412841666,765512000,3.0,0.0972,positive,0.050044278366477624
"2020-03-20 00:00:00.000000",NVDA,5.12366247177124,5.735513368802035,5.108222935016619,5.453618567022468,804636000,3.0,0.12236666666666667,negative,-0.03390117003425508
"2020-03-23 00:00:00.000000",NVDA,5.296482563018799,5.3908629073250784,4.943616178155513,5.122664106908183,643876000,1.0,0.9391,positive,0.03372979625408745
"2020-03-24 00:00:00.000000",NVDA,6.205170154571533,6.291830739752973,5.678983523079029,5.702640595125703,1101644000,10.0,0.5424599999999999,positive,0.17156435063099984
"2020-03-25 00:00:00.000000",NVDA,6.116517543792725,6.519935497420141,6.067708657505267,6.320218564952922,793432000,2.0,0.3998,neutral,-0.014286894407479767
"2020-03-26 00:00:00.000000",NVDA,6.405884265899658,6.529897835657393,6.2255909210386315,6.323706009766051,696108000,1.0,0.9522,positive,0.04730906435486215
"2020-03-27 00:00:00.000000",NVDA,6.293575286865234,6.552310765540486,6.19272053118501,6.225591647484127,638828000,1.0,-0.9657,negative,-0.017532158617394433
"2020-03-30 00:00:00.000000",NVDA,6.61381721496582,6.623031250747414,6.314988731237468,6.359065915963282,602252000,1.0,0.951,positive,0.05088394330785784
"2020-03-31 00:00:00.000000",NVDA,6.564262866973877,6.858110818678455,6.4185838002500555,6.653911048444438,949960000,3.0,0.6290333333333333,positive,-0.00749254876288552
"2020-04-01 00:00:00.000000",NVDA,6.053016662597656,6.512714411716045,6.008441698800573,6.366288693106729,656912000,2.0,-0.91795,negative,-0.07788326194985318
"2020-04-02 00:00:00.000000",NVDA,6.361806869506836,6.375004996448508,6.034091777591289,6.082153060595825,675764000,0.0,0.0,No News,0.05101426678985255
"2020-04-03 00:00:00.000000",NVDA,6.073935031890869,6.365790446984206,5.93647398835557,6.324203549888502,663212000,2.0,-0.064,negative,-0.045250012067449386
"2020-04-06 00:00:00.000000",NVDA,6.6837944984436035,6.72065017554929,6.29855470911675,6.35607939382513,727884000,1.0,0.9447,positive,0.10040599106686199
"2020-04-07 00:00:00.000000",NVDA,6.4504594802856445,6.929083148905279,6.4073783058763185,6.905425598520726,784520000,2.0,0.77765,positive,-0.034910561390284145
"2020-04-08 00:00:00.000000",NVDA,6.647686004638672,6.672588463674239,6.489555935983957,6.559531613136199,542444000,1.0,0.9515,positive,0.03057557759347307
"2020-04-09 00:00:00.000000",NVDA,6.548076629638672,6.796353134002259,6.485073584152493,6.773443194720866,525564000,1.0,0.0,neutral,-0.014984067377805443
"2020-04-13 00:00:00.000000",NVDA,6.7199015617370605,6.728617349173247,6.399906294509085,6.488309552776003,398408000,0.0,0.0,No News,0.02624051944057193
"2020-04-14 00:00:00.000000",NVDA,7.071025371551514,7.105141388817027,6.820507495955721,6.8481491312848295,530948000,1.0,0.9501,positive,0.05225133234298296
"2020-04-15 00:00:00.000000",NVDA,6.993579387664795,7.076504300320507,6.857612606318215,6.9029347084421175,366148000,2.0,-0.06539999999999996,negative,-0.010952581813424511
"2020-04-16 00:00:00.000000",NVDA,7.338726043701172,7.4458062782420305,7.135772131696852,7.148970258403204,745620000,5.0,0.32748,neutral,0.049351932237323703
"2020-04-17 00:00:00.000000",NVDA,7.279459476470947,7.442320777549322,7.145484725210247,7.4209046333013475,539120000,1.0,0.8621,positive,-0.00807586587607978
"2020-04-20 00:00:00.000000",NVDA,7.148224353790283,7.308844733258896,7.103898266386023,7.1529560542577055,449388000,1.0,0.0,neutral,-0.018028141114714513
"2020-04-21 00:00:00.000000",NVDA,6.7114362716674805,7.091446120002381,6.65167065420219,7.030186706457266,735160000,2.0,-0.4866,negative,-0.061104417055852456
"2020-04-22 00:00:00.000000",NVDA,7.12581205368042,7.168644344068322,6.858111901168331,6.903682897076167,483356000,1.0,0.9532,positive,0.06174174427644319
"2020-04-23 00:00:00.000000",NVDA,7.0725202560424805,7.299878868796105,7.047368909886649,7.167896641934298,424160000,3.0,0.6345333333333333,positive,-0.0074786981801484576
"2020-04-24 00:00:00.000000",NVDA,7.211475849151611,7.2134678939758095,6.987603544141284,7.062310924747773,352328000,1.0,0.8959,positive,0.019647252758366207
"2020-04-27 00:00:00.000000",NVDA,7.3979949951171875,7.557868235493159,7.321295566640802,7.345949140962652,479388000,5.0,0.36718,neutral,0.025864212800146724
"2020-04-28 00:00:00.000000",NVDA,7.255550861358643,7.575297233095539,7.250072502254898,7.545414194859707,442904000,1.0,0.9061,positive,-0.01925442418554768
"2020-04-29 00:00:00.000000",NVDA,7.4323601722717285,7.485153160518575,7.315069863607896,7.390275018796557,379160000,2.0,-0.010699999999999987,negative,0.024368833503012333
"2020-04-30 00:00:00.000000",NVDA,7.278461933135986,7.432358525382171,7.264516672346665,7.378320164848729,375916000,1.0,0.0,neutral,-0.02070650985267075
"2020-05-01 00:00:00.000000",NVDA,7.041889667510986,7.194291996413237,6.993579026001482,7.080986271988057,342096000,1.0,-0.974,negative,-0.03250305734896808
"2020-05-04 00:00:00.000000",NVDA,7.253809452056885,7.267505828091796,6.994575754670369,6.994575754670369,317556000,2.0,0.46325,neutral,0.03009416428712708
"2020-05-05 00:00:00.000000",NVDA,7.314820289611816,7.477432690608223,7.253809290895876,7.357901461463599,368896000,0.0,0.0,No News,0.008410868517869874
"2020-05-06 00:00:00.000000",NVDA,7.415673732757568,7.520513027172209,7.356406373420387,7.39425806760454,323464000,0.0,0.0,No News,0.01378754899679202
"2020-05-07 00:00:00.000000",NVDA,7.591982841491699,7.655234767610334,7.503579572014176,7.554878280997428,373732000,2.0,0.8369500000000001,positive,0.023775197654032798
"2020-05-08 00:00:00.000000",NVDA,7.781988620758057,7.788214116659685,7.629835164045799,7.663702298727556,339216000,1.0,0.9572,positive,0.025027161313897928
"2020-05-11 00:00:00.000000",NVDA,8.034002304077148,8.080818687995855,7.748371824835125,7.77700949132875,469060000,5.0,0.13668,neutral,0.032384226654721404
"2020-05-12 00:00:00.000000",NVDA,7.772026062011719,8.140580863403843,7.762314252138268,8.091772452263047,493060000,4.0,0.0,neutral,-0.0326084350178093
"2020-05-13 00:00:00.000000",NVDA,7.749615669250488,8.046949472924325,7.565088875981364,7.886578477433536,625852000,2.0,0.85945,positive,-0.0028834685553575934
"2020-05-14 00:00:00.000000",NVDA,7.9991350173950195,8.004613375995227,7.65747429069697,7.811121968011567,602312000,3.0,0.30456666666666665,neutral,0.03219764163719674
"2020-05-15 00:00:00.000000",NVDA,8.457588195800781,8.46729953029396,7.843246781889326,7.858935199100992,987660000,3.0,-0.23553333333333337,negative,0.05731284412737181
"2020-05-18 00:00:00.000000",NVDA,8.716075897216797,8.88167683840197,8.646598471953777,8.726285957195563,774460000,7.0,0.3967714285714286,positive,0.03056281476844136
"2020-05-19 00:00:00.000000",NVDA,8.771110534667969,9.052008785604071,8.728527135745038,8.755919887687877,717320000,6.0,0.15068333333333334,positive,0.006314153077618956
"2020-05-20 00:00:00.000000",NVDA,8.934967994689941,9.007682848110791,8.854035125997962,8.955885888143905,587536000,2.0,0.25685,neutral,0.01868149527637608
"2020-05-21 00:00:00.000000",NVDA,8.740979194641113,9.017145749409037,8.70337638192657,9.016150202023102,761068000,9.0,0.0776,neutral,-0.02171119137350197
"2020-05-22 00:00:00.000000",NVDA,8.990997314453125,9.05748714261694,8.679220028686307,8.790782119460506,1038764000,20.0,0.59028,positive,0.0286029876338445
"2020-05-26 00:00:00.000000",NVDA,8.683703422546387,9.145892022825116,8.638132428316577,9.12098908749337,770780000,4.0,0.6715249999999999,positive,-0.034177953919834914
"2020-05-27 00:00:00.000000",NVDA,8.49195384979248,8.599033119211315,7.965517427372133,8.591313828721544,1175892000,2.0,-0.8936999999999999,negative,-0.022081543256768477
"2020-05-28 00:00:00.000000",NVDA,8.453855514526367,8.726286884278077,8.346525429928509,8.379396544831723,734896000,1.0,0.5472,positive,-0.004486403946606932
"2020-05-29 00:00:00.000000",NVDA,8.840837478637695,8.840837478637695,8.451862463225005,8.52109100854398,745256000,0.0,0.0,No News,0.045775795842071254
"2020-06-01 00:00:00.000000",NVDA,8.771855354309082,8.806220730447182,8.655561576329143,8.798750326921363,389876000,1.0,0.8578,positive,-0.007802668524932832
"2020-06-02 00:00:00.000000",NVDA,8.790783882141113,8.802737101399384,8.624187373025636,8.761897806387676,391320000,2.0,-0.30075,negative,0.0021578704923277403
"2020-06-03 00:00:00.000000",NVDA,8.735250473022461,8.831622874015267,8.666021935863746,8.787795042920095,365440000,0.0,0.0,No News,-0.006317230620521919
"2020-06-04 00:00:00.000000",NVDA,8.736248970031738,8.912388271948576,8.64755539239078,8.697881042993215,424280000,0.0,0.0,No News,0.0001143066260505
"2020-06-05 00:00:00.000000",NVDA,8.889216423034668,8.965950355172382,8.677948158898555,8.764149807557894,481748000,0.0,0.0,No News,0.01750951163682024
"2020-06-08 00:00:00.000000",NVDA,8.774616241455078,8.859073012868846,8.65577744970242,8.846616337617116,387736000,3.0,-0.30356666666666665,neutral,-0.012892045386883155
"2020-06-09 00:00:00.000000",NVDA,9.014784812927246,9.078315099140225,8.721052633936612,8.769634337986682,468488000,1.0,0.9571,positive,0.027370834787908693
"2020-06-10 00:00:00.000000",NVDA,9.334427833557129,9.467218262246368,9.121913537637544,9.136115117734617,632180000,3.0,0.31856666666666666,neutral,0.03545764289032305
"2020-06-11 00:00:00.000000",NVDA,8.76589584350586,9.229290402084363,8.755681123434155,9.118424384663026,583652000,0.0,0.0,No News,-0.0609069993564475
"2020-06-12 00:00:00.000000",NVDA,8.901677131652832,9.155548334509506,8.673218234245608,9.130883980905251,570908000,0.0,0.0,No News,0.015489721823191083
"2020-06-15 00:00:00.000000",NVDA,9.142093658447266,9.150564425960592,8.713577174373565,8.784831221668995,400004000,0.0,0.0,No News,0.027008003462578367
"2020-06-16 00:00:00.000000",NVDA,9.037205696105957,9.234772336560175,8.808248844100119,9.193166454417003,535716000,0.0,0.0,No News,-0.011473078953243121
"2020-06-17 00:00:00.000000",NVDA,9.204127311706543,9.26690962968148,9.038948800827344,9.082299582724236,408304000,0.0,0.0,No News,0.018470489796698075
"2020-06-18 00:00:00.000000",NVDA,9.186188697814941,9.250465961094562,9.083045515800086,9.195157463559028,254408000,0.0,0.0,No News,-0.001948974985253149
"2020-06-19 00:00:00.000000",NVDA,9.229288101196289,9.41240411476857,9.195405993409821,9.21060356951185,524160000,0.0,0.0,No News,0.004691761164409725
"2020-06-22 00:00:00.000000",NVDA,9.49386978149414,9.4983546383255,9.241244705467164,9.267902945373853,398468000,0.0,0.0,No News,0.028667615247979672
"2020-06-23 00:00:00.000000",NVDA,9.417389869689941,9.60922570717564,9.375036984335335,9.51804117290251,375108000,0.0,0.0,No News,-0.008055715273583952
"2020-06-24 00:00:00.000000",NVDA,9.203628540039062,9.523520864959455,9.112942026842921,9.443547070941973,449372000,0.0,0.0,No News,-0.022698574935171134
"2020-06-25 00:00:00.000000",NVDA,9.457250595092773,9.47219917351608,9.150562864873292,9.323464192064792,376072000,0.0,0.0,No News,0.027556746119246744
"2020-06-26 00:00:00.000000",NVDA,9.123405456542969,9.4672151136185,9.093509253870403,9.4672151136185,592084000,0.0,0.0,No News,-0.03530044331520965
"2020-06-29 00:00:00.000000",NVDA,9.168252944946289,9.172737804344859,8.86928797872755,9.138107732981206,342248000,0.0,0.0,No News,0.004915652232813761
"2020-06-30 00:00:00.000000",NVDA,9.464973449707031,9.493374700558492,9.23452168587974,9.2818574207599,367892000,0.0,0.0,No News,0.032363909083060305
"2020-07-01 00:00:00.000000",NVDA,9.497112274169922,9.542705009505953,9.380516406718849,9.487894507092104,326648000,0.0,0.0,No News,0.0033955535780065826
"2020-07-02 00:00:00.000000",NVDA,9.579079627990723,9.703897268706609,9.545196562472253,9.605736929256501,364056000,0.0,0.0,No News,0.008630766011236357
"2020-07-06 00:00:00.000000",NVDA,9.805293083190918,9.874553199256372,9.678980521498298,9.708129720409374,315892000,0.0,0.0,No News,0.023615364313204434
"2020-07-07 00:00:00.000000",NVDA,9.83768081665039,10.035246440241414,9.816753382402391,9.911923788313404,357800000,0.0,0.0,No News,0.0033030867292478394
"2020-07-08 00:00:00.000000",NVDA,10.180745124816895,10.18971484215439,9.931109851071897,9.959262104406426,365480000,0.0,0.0,No News,0.034872478032206944
"2020-07-09 00:00:00.000000",NVDA,10.472733497619629,10.533522858711208,10.19818394553141,10.344427963094862,494548000,0.0,0.0,No News,0.028680452090974695
"2020-07-10 00:00:00.000000",NVDA,10.443083763122559,10.618475991158085,10.342930504232832,10.552205786166907,497676000,0.0,0.0,No News,-0.0028311361598010176
"2020-07-13 00:00:00.000000",NVDA,10.017557144165039,10.755002995726674,9.990400901639758,10.558434338984652,457076000,0.0,0.0,No News,-0.04074721879184506
"2020-07-14 00:00:00.000000",NVDA,10.34118938446045,10.366850682254316,9.751730337959055,10.04023152466325,542676000,0.0,0.0,No News,0.03230650303641314
"2020-07-15 00:00:00.000000",NVDA,10.1919584274292,10.39699794925228,10.021050025578086,10.378313411100388,403984000,0.0,0.0,No News,-0.014430734365574738
"2020-07-16 00:00:00.000000",NVDA,10.099776268005371,10.171527353998105,9.861351715438127,9.980439491512932,344964000,0.0,0.0,No News,-0.00904459727541096
"2020-07-17 00:00:00.000000",NVDA,10.16629409790039,10.213131830331509,10.052937148532017,10.190211440074396,266284000,0.0,0.0,No News,0.006586069644506809
"2020-07-20 00:00:00.000000",NVDA,10.474478721618652,10.494908161522394,10.12170023378326,10.238795062200655,284852000,0.0,0.0,No News,0.030314352580249393
"2020-07-21 00:00:00.000000",NVDA,10.292856216430664,10.523557935067851,10.251250340995028,10.476719249769989,277036000,0.0,0.0,No News,-0.017339526864771915
"2020-07-22 00:00:00.000000",NVDA,10.402726173400879,10.565910768554447,10.255984157807204,10.331722094937254,367292000,0.0,0.0,No News,0.01067438956300859
"2020-07-23 00:00:00.000000",NVDA,10.094791412353516,10.510601119147458,9.9966310953695,10.413935754756906,411660000,0.0,0.0,No News,-0.029601352175810725
"2020-07-24 00:00:00.000000",NVDA,10.159321784973145,10.32898424208174,9.743262909368166,9.840924314770806,473292000,0.0,0.0,No News,0.006392442397636922
"2020-07-27 00:00:00.000000",NVDA,10.38553524017334,10.405714725652683,10.182487780384779,10.196938356220194,292132000,0.0,0.0,No News,0.02226659022994948
"2020-07-28 00:00:00.000000",NVDA,10.180246353149414,10.346171855580362,10.174018492028203,10.338449041682763,271636000,0.0,0.0,No News,-0.019766808573315253
"2020-07-29 00:00:00.000000",NVDA,10.429383277893066,10.479957918378492,10.31129246650235,10.354891294507025,284508000,0.0,0.0,No News,0.024472583088971822
"2020-07-30 00:00:00.000000",NVDA,10.577374458312988,10.586343227031168,10.259723992725158,10.339198859238788,308880000,0.0,0.0,No News,0.014189830450820118
"2020-07-31 00:00:00.000000",NVDA,10.578120231628418,10.729347131097473,10.39699712310846,10.52679762994463,386080000,0.0,0.0,No News,0.000070506468157
"2020-08-03 00:00:00.000000",NVDA,10.972254753112793,11.06044937073828,10.678272694361175,10.695463227056676,412720000,0.0,0.0,No News,0.03725941025948254
"2020-08-04 00:00:00.000000",NVDA,11.189004898071289,11.189004898071289,10.868365510639228,11.01186864600125,310336000,0.0,0.0,No News,0.019754385022550114
"2020-08-05 00:00:00.000000",NVDA,11.247802734375,11.332509463509869,11.127718930603185,11.205200844527704,249924000,0.0,0.0,No News,0.005254965641658282
"2020-08-06 00:00:00.000000",NVDA,11.296381950378418,11.31880434287186,11.140173154557944,11.310582577201503,244316000,0.0,0.0,No News,0.004318996087560478
"2020-08-07 00:00:00.000000",NVDA,11.160852432250977,11.465049231458748,10.999411764399314,11.273462404012015,342516000,0.0,0.0,No News,-0.011997604075604129
"2020-08-10 00:00:00.000000",NVDA,11.126470565795898,11.368881025799643,10.819034882228621,11.295136986086273,427796000,0.0,0.0,No News,-0.003080577103208193
"2020-08-11 00:00:00.000000",NVDA,10.8125581741333,11.098318470452666,10.75849467047517,11.035535200137302,354512000,0.0,0.0,No News,-0.02821311482435429
"2020-08-12 00:00:00.000000",NVDA,11.40077018737793,11.427427485593178,10.920433215644131,10.952821324520649,464412000,0.0,0.0,No News,0.05440081836061683
"2020-08-13 00:00:00.000000",NVDA,11.403509140014648,11.681297569830996,11.31656048998082,11.506153367122069,374460000,0.0,0.0,No News,0.000240242772348
"2020-08-14 00:00:00.000000",NVDA,11.524092674255371,11.664356876470226,11.401019002979302,11.490209613163513,366436000,0.0,0.0,No News,0.010574248045945644
"2020-08-17 00:00:00.000000",NVDA,12.294426918029785,12.366925960878032,11.77647084788185,11.81035296440147,621300000,0.0,0.0,No News,0.06684554398762588
"2020-08-18 00:00:00.000000",NVDA,12.218436241149902,12.452874831631911,12.044538951841428,12.407033105122455,503448000,0.0,0.0,No News,-0.006180904355000294
"2020-08-19 00:00:00.000000",NVDA,12.096610069274902,12.27250033410157,12.05624919671835,12.254064801327434,622624000,0.0,0.0,No News,-0.009970684420704146
"2020-08-20 00:00:00.000000",NVDA,12.099102020263672,12.332294707284191,11.837757080597434,11.933675460535376,921388000,0.0,0.0,No News,0.0002060040767204
"2020-08-21 00:00:00.000000",NVDA,12.639730453491211,12.764548088001417,12.153164638813207,12.159642451084375,999868000,0.0,0.0,No News,0.04468335189852035
"2020-08-24 00:00:00.000000",NVDA,12.67635440826416,12.867941232553465,12.464338144000836,12.839290026426893,490564000,0.0,0.0,No News,0.00289752656575315
"2020-08-25 00:00:00.000000",NVDA,12.705999374389648,12.717210094124312,12.530357162147993,12.587160613133165,289076000,0.0,0.0,No News,0.0023386034478620754
"2020-08-26 00:00:00.000000",NVDA,12.728920936584473,12.82409136442748,12.633999509151844,12.755080235422875,321244000,0.0,0.0,No News,0.001803995224572752
"2020-08-27 00:00:00.000000",NVDA,12.584671974182129,12.805657007560127,12.523134653364204,12.737392873510554,317604000,0.0,0.0,No News,-0.0113323794782757
"2020-08-28 00:00:00.000000",NVDA,13.102378845214844,13.10262784564443,12.598872415476373,12.631260528605571,537160000,0.0,0.0,No News,0.04113789156322922
"2020-08-31 00:00:00.000000",NVDA,13.328343391418457,13.528150979902662,12.99275552259069,13.13725461731576,500840000,0.0,0.0,No News,0.017246070265029667
"2020-09-01 00:00:00.000000",NVDA,13.777424812316895,13.949629681508943,13.394136574142701,13.437499372727544,511316000,0.0,0.0,No News,0.03369371629392304
"2020-09-02 00:00:00.000000",NVDA,14.301270484924316,14.680321655884619,13.85617738039282,14.65739345260157,874012000,0.0,0.0,No News,0.03802203094870893
"2020-09-03 00:00:00.000000",NVDA,12.974466323852539,13.840726125228484,12.838147232687476,13.78515199377627,945128000,0.0,0.0,No News,-0.09277526513958523
"2020-09-04 00:00:00.000000",NVDA,12.582703590393066,13.133461413536873,11.667846759486407,12.74344435701428,1463684000,0.0,0.0,No News,-0.030194901561326426
"2020-09-08 00:00:00.000000",NVDA,11.875443458557129,12.510435350767597,11.667351787133146,11.697506018600537,795728000,0.0,0.0,No News,-0.05620891621224655
"2020-09-09 00:00:00.000000",NVDA,12.674914360046387,12.768866950123394,12.193187256323037,12.360906908639747,736200000,0.0,0.0,No News,0.06732135134820427
"2020-09-10 00:00:00.000000",NVDA,12.272933006286621,13.024057300031474,12.12863879167486,12.94829670555492,698684000,0.0,0.0,No News,-0.03171471951139038
"2020-09-11 00:00:00.000000",NVDA,12.12614917755127,12.612610574725382,11.858246276405783,12.446137258689868,636928000,0.0,0.0,No News,-0.011959963332331736
"2020-09-14 00:00:00.000000",NVDA,12.831666946411133,13.273021054817024,12.591427528763537,13.039759537676474,1201744000,0.0,0.0,No News,0.05818151818270256
"2020-09-15 00:00:00.000000",NVDA,12.950043678283691,13.256823189308754,12.787308384101589,13.238132111969612,727556000,0.0,0.0,No News,0.009225358822585905
"2020-09-16 00:00:00.000000",NVDA,12.475043296813965,13.051470091595386,12.474296072141467,12.916397348697215,556384000,0.0,0.0,No News,-0.036679442422751674
"2020-09-17 00:00:00.000000",NVDA,12.42420482635498,12.550057048769823,11.99680656074234,12.093999008494725,792512000,0.0,0.0,No News,-0.004075213949114587
"2020-09-18 00:00:00.000000",NVDA,12.150818824768066,12.592671016823958,11.950951439901562,12.554043494899407,698460000,0.0,0.0,No News,-0.022004305740918828
"2020-09-21 00:00:00.000000",NVDA,12.477785110473633,12.48301853522082,11.866966963073288,11.887402512276836,721044000,0.0,0.0,No News,0.026908991930575388
"2020-09-22 00:00:00.000000",NVDA,12.597907066345215,12.608124842781287,12.117178177313727,12.535355033042217,646452000,0.0,0.0,No News,0.009626865249567018
"2020-09-23 00:00:00.000000",NVDA,12.085525512695312,12.68687406505385,12.04116641481339,12.53585102033723,647012000,0.0,0.0,No News,-0.040671958520690166
"2020-09-24 00:00:00.000000",NVDA,12.30906867980957,12.52987072793665,11.976122083308846,12.034188858042343,731240000,0.0,0.0,No News,0.01849676845904935
"2020-09-25 00:00:00.000000",NVDA,12.833163261413574,12.842882888098801,12.207143819868586,12.408257574295419,588016000,0.0,0.0,No News,0.042577923256181816
"2020-09-28 00:00:00.000000",NVDA,12.993900299072266,13.010597820708117,12.709799060416787,12.999133722928185,573808000,0.0,0.0,No News,0.012525129960903048
"2020-09-29 00:00:00.000000",NVDA,13.184050559997559,13.400366389247864,12.892473238294206,12.896709412588681,621460000,0.0,0.0,No News,0.014633809445103285
"2020-09-30 00:00:00.000000",NVDA,13.487841606140137,13.579551557205184,13.10879047677623,13.116017451742245,689184000,0.0,0.0,No News,0.023042315012377745
"2020-10-01 00:00:00.000000",NVDA,13.571574211120605,13.71935641365701,13.418308558852582,13.714622089859601,525004000,0.0,0.0,No News,0.0062080062492986254
"2020-10-02 00:00:00.000000",NVDA,13.021069526672363,13.476877623237657,13.009854499558205,13.183306677405055,552496000,0.0,0.0,No News,-0.04056306776830332
"2020-10-05 00:00:00.000000",NVDA,13.599489212036133,13.601233687205514,13.181062344978049,13.194270921546652,479820000,0.0,0.0,No News,0.0444218260396303
"2020-10-06 00:00:00.000000",NVDA,13.693191528320312,14.09741348387712,13.621917127514193,13.786396879631232,784420000,0.0,0.0,No News,0.006890134976631934
"2020-10-07 00:00:00.000000",NVDA,13.919973373413086,14.074734441277332,13.819790128206504,13.95561104695372,418084000,0.0,0.0,No News,0.01656164997208598
"2020-10-08 00:00:00.000000",NVDA,13.795120239257812,14.040095885233358,13.714625307805663,14.030625334081545,378900000,0.0,0.0,No News,-0.008969351507075451
"2020-10-09 00:00:00.000000",NVDA,13.71935749053955,13.780664136525914,13.617679798335953,13.723594615604076,346892000,0.0,0.0,No News,-0.0054919962569559555
"2020-10-12 00:00:00.000000",NVDA,14.181147575378418,14.30176637112015,13.868636537321477,13.94539343424756,434744000,0.0,0.0,No News,0.033659745739354374
"2020-10-13 00:00:00.000000",NVDA,14.203327178955078,14.303261347469597,13.9745509443215,14.251425250890234,344604000,0.0,0.0,No News,0.0015640203628632943
"2020-10-14 00:00:00.000000",NVDA,14.050811767578125,14.297530937265298,13.915988081551372,14.24544575809428,276100000,0.0,0.0,No News,-0.010738005923213056
"2020-10-15 00:00:00.000000",NVDA,13.925957679748535,13.961594409547011,13.72434482502913,13.767209481431077,267224000,0.0,0.0,No News,-0.008885898544145898
"2020-10-16 00:00:00.000000",NVDA,13.767955780029297,14.076978854570742,13.74901562850576,13.99249587281889,242392000,0.0,0.0,No News,-0.011345855226101098
"2020-10-19 00:00:00.000000",NVDA,13.455193519592285,13.939411256075054,13.364479876319214,13.859165412616278,298068000,0.0,0.0,No News,-0.022716681069725686
"2020-10-20 00:00:00.000000",NVDA,13.602482795715332,13.75624666767895,13.464419203488577,13.540677976687006,229212000,0.0,0.0,No News,0.010946648660874025
"2020-10-21 00:00:00.000000",NVDA,13.482110977172852,13.74802034288647,13.43501014514702,13.58204516755645,219596000,0.0,0.0,No News,-0.008849253503955712
"2020-10-22 00:00:00.000000",NVDA,13.318877220153809,13.568836277147218,13.190034178145442,13.479868040929487,290480000,0.0,0.0,No News,-0.012107433123449418
"2020-10-23 00:00:00.000000",NVDA,13.547404289245605,13.550395089783553,13.249347153880276,13.407596247442646,233484000,0.0,0.0,No News,0.017158133175519952
"2020-10-26 00:00:00.000000",NVDA,13.099820137023926,13.649581780090575,12.997394244849335,13.384669660400956,336896000,0.0,0.0,No News,-0.03303836976187291
"2020-10-27 00:00:00.000000",NVDA,13.354515075683594,13.399622357059707,13.149911421050136,13.264050487324349,250520000,0.0,0.0,No News,0.019442628677001972
"2020-10-28 00:00:00.000000",NVDA,12.587189674377441,13.218194335892415,12.569246774303116,13.156389534597933,376520000,0.0,0.0,No News,-0.05745812535741768
"2020-10-29 00:00:00.000000",NVDA,12.98293685913086,13.151154617918088,12.709800585121364,12.798021576704697,320080000,0.0,0.0,No News,0.031440472018865684
"2020-10-30 00:00:00.000000",NVDA,12.494483947753906,12.895714171196541,12.261221483654902,12.809487666588163,416820000,0.0,0.0,No News,-0.03762268250064127
"2020-11-02 00:00:00.000000",NVDA,12.541084289550781,12.796276706978205,12.355919937958806,12.617841179610163,299652000,0.0,0.0,No News,0.0037296731895239965
"2020-11-03 00:00:00.000000",NVDA,12.978453636169434,13.063683847406413,12.5630175556223,12.668434244784235,272900000,0.0,0.0,No News,0.03487492281533178
"2020-11-04 00:00:00.000000",NVDA,13.750760078430176,13.783906056536338,13.294952018751445,13.347037197678778,410228000,0.0,0.0,No News,0.05950681521166845
"2020-11-05 00:00:00.000000",NVDA,14.1153564453125,14.293791998345476,13.946889592613063,14.117849095729678,319028000,0.0,0.0,No News,0.026514633722265257
"2020-11-06 00:00:00.000000",NVDA,14.516090393066406,14.542755669985283,13.851193438556013,14.065265730682986,383348000,0.0,0.0,No News,0.028389927615819044
"2020-11-09 00:00:00.000000",NVDA,13.587776184082031,14.645181976540904,13.567839732214685,14.5066202611926,582976000,0.0,0.0,No News,-0.06395070462138919
"2020-11-10 00:00:00.000000",NVDA,12.729741096496582,13.56360312015557,12.588437650213546,13.56360312015557,644068000,0.0,0.0,No News,-0.06314757293328321
"2020-11-11 00:00:00.000000",NVDA,13.375697135925293,13.392643737566482,12.907427719129638,13.01259532860774,404744000,0.0,0.0,No News,0.05074384738323445
"2020-11-12 00:00:00.000000",NVDA,13.414321899414062,13.722596738121387,13.274015740941245,13.436501921931828,365812000,0.0,0.0,No News,0.0028876822715302453
"2020-11-13 00:00:00.000000",NVDA,13.25507926940918,13.625657153578297,13.01807875647595,13.58428789689936,346312000,0.0,0.0,No News,-0.011871090555225061
"2020-11-16 00:00:00.000000",NVDA,13.472640037536621,13.606466469393995,13.114522593552389,13.130970094085628,413776000,0.0,0.0,No News,0.016413388687123165
"2020-11-17 00:00:00.000000",NVDA,13.37993335723877,13.553384573065271,13.261807196529444,13.509772694181835,312028000,0.0,0.0,No News,-0.006881107194993574
"2020-11-18 00:00:00.000000",NVDA,13.3864107131958,13.562852697914124,13.143429609551601,13.422795610021868,510924000,0.0,0.0,No News,0.0004841097323947
"2020-11-19 00:00:00.000000",NVDA,13.39787483215332,13.44497565299042,13.05869758608169,13.171092151529422,565936000,0.0,0.0,No News,0.0008563997626503
"2020-11-20 00:00:00.000000",NVDA,13.046485900878906,13.451953179863478,13.023806777843802,13.411581184645012,341088000,0.0,0.0,No News,-0.026227214067646165
"2020-11-23 00:00:00.000000",NVDA,13.098572731018066,13.340307533900381,12.974464979112954,13.129724206448,361356000,0.0,0.0,No News,0.003992403052813787
"2020-11-24 00:00:00.000000",NVDA,12.916898727416992,13.120504177239319,12.844377993357543,13.101065874983098,346500000,0.0,0.0,No News,-0.013869755684973284
"2020-11-25 00:00:00.000000",NVDA,13.193021774291992,13.227662195341338,12.97894952410503,12.99140992255428,259916000,0.0,0.0,No News,0.021376884088199155
"2020-11-27 00:00:00.000000",NVDA,13.219441413879395,13.365231060773073,13.12897777579059,13.332833255833622,167276000,0.0,0.0,No News,0.002002546500672331
"2020-11-30 00:00:00.000000",NVDA,13.359247207641602,13.370213157845031,12.931350792165748,13.223178161034154,286952000,0.0,0.0,No News,0.010575771652153287
"2020-12-01 00:00:00.000000",NVDA,13.347784042358398,13.486096664221465,13.186543220522184,13.449711765076747,296948000,0.0,0.0,No News,-0.000858069702958
"2020-12-02 00:00:00.000000",NVDA,13.501797676086426,13.630390679939252,13.192525541134518,13.308409069816136,283360000,0.0,0.0,No News,0.011538517048168773
"2020-12-03 00:00:00.000000",NVDA,13.357711791992188,13.620957172844438,13.290903852700819,13.54866416232819,199520000,0.0,0.0,No News,-0.010671607407466532
"2020-12-04 00:00:00.000000",NVDA,13.51949691772461,13.521241908096885,13.350481049154592,13.410059870301074,202244000,0.0,0.0,No News,0.012111739514353737
"2020-12-07 00:00:00.000000",NVDA,13.567859649658203,13.692004086109401,13.46141521930182,13.562375529143035,223244000,0.0,0.0,No News,0.00357725825361066
"2020-12-08 00:00:00.000000",NVDA,13.311842918395996,13.559881665713313,13.243538190304427,13.546170890394157,271920000,0.0,0.0,No News,-0.01886935285836755
"2020-12-09 00:00:00.000000",NVDA,12.893791198730469,13.37565963790805,12.831469836351852,13.262484401385127,401300000,0.0,0.0,No News,-0.03140449614889984
"2020-12-10 00:00:00.000000",NVDA,12.935173034667969,13.031397616453376,12.812773594068839,12.832218590000648,207764000,0.0,0.0,No News,0.0032094389694765635
"2020-12-11 00:00:00.000000",NVDA,12.976053237915039,12.98278405020142,12.786346653479503,12.930184245172232,209264000,0.0,0.0,No News,0.00316039090760567
"2020-12-14 00:00:00.000000",NVDA,13.270709037780762,13.3504802934115,13.040120222256023,13.050590163896993,270156000,0.0,0.0,No News,0.022707659599049856
"2020-12-15 00:00:00.000000",NVDA,13.32231330871582,13.425516898883563,13.14905999762585,13.401336179884739,193016000,0.0,0.0,No News,0.003888584309108545
"2020-12-16 00:00:00.000000",NVDA,13.204649925231934,13.398843113626814,13.174734988056837,13.38413479354012,223116000,0.0,0.0,No News,-0.00883205346979099
"2020-12-17 00:00:00.000000",NVDA,13.303118705749512,13.341259349880422,13.14083363133033,13.32854516787109,231384000,0.0,0.0,No News,0.007457129198815027
"2020-12-18 00:00:00.000000",NVDA,13.234066009521484,13.36668528801916,13.033142001811628,13.340759578929227,342064000,0.0,0.0,No News,-0.005190714880878522
"2020-12-21 00:00:00.000000",NVDA,13.294142723083496,13.331785067544075,12.930435361494242,13.03737902706712,302332000,0.0,0.0,No News,0.004539550695817018
"2020-12-22 00:00:00.000000",NVDA,13.2402982711792,13.299129654478302,13.016689375128038,13.281181451452612,185580000,0.0,0.0,No News,-0.004050238742420276
"2020-12-23 00:00:00.000000",NVDA,12.972063064575195,13.237053356220011,12.967825639121257,13.218107614003037,179144000,0.0,0.0,No News,-0.020259000296684038
"2020-12-24 00:00:00.000000",NVDA,12.956610679626465,13.094964178276724,12.90176852813386,12.999986293991261,97884000,0.0,0.0,No News,-0.0011912048894464622
"2020-12-28 00:00:00.000000",NVDA,12.863126754760742,13.02516265137732,12.726768366040222,13.02516265137732,212564000,0.0,0.0,No News,-0.007215152726069096
"2020-12-29 00:00:00.000000",NVDA,12.906254768371582,13.035135865574905,12.80554361813499,12.88805741816548,170372000,0.0,0.0,No News,0.0033528405987974796
"2020-12-30 00:00:00.000000",NVDA,13.108174324035645,13.175979793542856,12.859886467129405,12.953118393359109,225396000,0.0,0.0,No News,0.01564509296367622
"2018-01-02 00:00:00.000000",TSLA,21.368667602539062,21.474000930786133,20.733333587646484,20.799999237060547,65283000,0.0,0.0,No News,0.0
"2018-01-03 00:00:00.000000",TSLA,21.149999618530273,21.683332443237305,21.036666870117188,21.399999618530273,67822500,0.0,0.0,No News,-0.010233112708571857
"2018-01-04 00:00:00.000000",TSLA,20.974666595458984,21.23666763305664,20.3786678314209,20.857999801635742,149194500,0.0,0.0,No News,-0.008289977599700404
"2018-01-05 00:00:00.000000",TSLA,21.10533332824707,21.14933204650879,20.799999237060547,21.107999801635742,68868000,0.0,0.0,No News,0.006229740634655645
"2018-01-08 00:00:00.000000",TSLA,22.42733383178711,22.468000411987305,21.03333282470703,21.066667556762695,147891000,0.0,0.0,No News,0.06263821959024418
"2018-01-09 00:00:00.000000",TSLA,22.246000289916992,22.586666107177734,21.82666778564453,22.3439998626709,107199000,0.0,0.0,No News,-0.00808538113492141
"2018-01-10 00:00:00.000000",TSLA,22.31999969482422,22.46666717529297,22.0,22.14666748046875,64648500,0.0,0.0,No News,0.003326413914539472
"2018-01-11 00:00:00.000000",TSLA,22.530000686645508,22.987333297729492,22.21733283996582,22.349332809448242,99682500,0.0,0.0,No News,0.009408646715617364
"2018-01-12 00:00:00.000000",TSLA,22.4146671295166,22.694000244140625,22.244667053222656,22.575332641601562,72376500,0.0,0.0,No News,-0.005119110235858537
"2018-01-16 00:00:00.000000",TSLA,22.67066764831543,23.0,22.31999969482422,22.502666473388672,97114500,0.0,0.0,No News,0.011421116241414841
"2018-01-17 00:00:00.000000",TSLA,23.143999099731445,23.266666412353516,22.649999618530273,22.697999954223633,106552500,0.0,0.0,No News,0.02087858455510405
"2018-01-18 00:00:00.000000",TSLA,22.971332550048828,23.48666763305664,22.916000366210938,23.044666290283203,85287000,0.0,0.0,No News,-0.007460532163804823
"2018-01-19 00:00:00.000000",TSLA,23.334667205810547,23.37266731262207,22.84000015258789,23.0,73324500,0.0,0.0,No News,0.015816873268893028
"2018-01-22 00:00:00.000000",TSLA,23.437332153320312,23.85533332824707,23.280000686645508,23.293333053588867,93156000,0.0,0.0,No News,0.004399674810198428
"2018-01-23 00:00:00.000000",TSLA,23.519332885742188,24.03333282470703,23.399999618530273,24.0,81981000,0.0,0.0,No News,0.0034987229726255453
"2018-01-24 00:00:00.000000",TSLA,23.05933380126953,23.649999618530273,22.90133285522461,23.6386661529541,79312500,0.0,0.0,No News,-0.019558338950656062
"2018-01-25 00:00:00.000000",TSLA,22.50933265686035,23.280000686645508,22.426666259765625,23.218000411987305,101104500,0.0,0.0,No News,-0.02385156263182675
"2018-01-26 00:00:00.000000",TSLA,22.856666564941406,22.933332443237305,22.380666732788086,22.766666412353516,68091000,0.0,0.0,No News,0.015430662178036458
"2018-01-29 00:00:00.000000",TSLA,23.302000045776367,23.389999389648438,22.552000045776367,22.656667709350586,71206500,0.0,0.0,No News,0.019483745784611983
"2018-01-30 00:00:00.000000",TSLA,23.05466651916504,23.218000411987305,22.81133270263672,23.00933265686035,70765500,0.0,0.0,No News,-0.010614261699658623
"2018-01-31 00:00:00.000000",TSLA,23.62066650390625,23.746000289916992,23.012666702270508,23.167333602905273,93211500,0.0,0.0,No News,0.024550343604870628
"2018-02-01 00:00:00.000000",TSLA,23.28333282470703,23.977333068847656,23.242000579833984,23.399999618530273,62965500,0.0,0.0,No News,-0.014281293846785892
"2018-02-02 00:00:00.000000",TSLA,22.916667938232422,23.463333129882812,22.700666427612305,23.229333877563477,55572000,0.0,0.0,No News,-0.015747955382294898
"2018-02-05 00:00:00.000000",TSLA,22.208667755126953,22.96466636657715,22.200000762939453,22.531333923339844,66961500,0.0,0.0,No News,-0.03089455173037159
"2018-02-06 00:00:00.000000",TSLA,22.264667510986328,22.4146671295166,21.566667556762695,21.680667877197266,76326000,0.0,0.0,No News,0.002521527021648984
"2018-02-07 00:00:00.000000",TSLA,23.0,23.066667556762695,22.37733268737793,22.599332809448242,104538000,0.0,0.0,No News,0.03302687941110416
"2018-02-08 00:00:00.000000",TSLA,21.01533317565918,23.2413330078125,20.97333335876465,22.887332916259766,154719000,0.0,0.0,No News,-0.0862898619278617
"2018-02-09 00:00:00.000000",TSLA,20.69466781616211,21.398666381835938,19.650667190551758,21.32866668701172,194005500,0.0,0.0,No News,-0.015258637910555595
"2018-02-12 00:00:00.000000",TSLA,21.048667907714844,21.205333709716797,20.416667938232422,21.075332641601562,93417000,0.0,0.0,No News,0.017105860055229627
"2018-02-13 00:00:00.000000",TSLA,21.577333450317383,21.612667083740234,20.833999633789062,21.001333236694336,68403000,0.0,0.0,No News,0.025116342037434514
"2018-02-14 00:00:00.000000",TSLA,21.487333297729492,21.744667053222656,21.23466682434082,21.389333724975586,59260500,0.0,0.0,No News,-0.004171050736881843
"2018-02-15 00:00:00.000000",TSLA,22.271333694458008,22.274667739868164,21.49333381652832,21.633333206176758,88693500,0.0,0.0,No News,0.036486630791516594
"2018-02-16 00:00:00.000000",TSLA,22.365999221801758,22.874666213989258,22.109333038330078,22.166667938232422,84639000,0.0,0.0,No News,0.004250554934988271
"2018-02-20 00:00:00.000000",TSLA,22.31800079345703,22.722667694091797,22.100000381469727,22.29800033569336,60141000,0.0,0.0,No News,-0.002146044443117834
"2018-02-21 00:00:00.000000",TSLA,22.219999313354492,22.645999908447266,22.211332321166992,22.402000427246094,48294000,0.0,0.0,No News,-0.004391140631703427
"2018-02-22 00:00:00.000000",TSLA,23.077999114990234,23.16266632080078,22.316667556762695,22.368667602539062,104547000,0.0,0.0,No News,0.03861385365210501
"2018-02-23 00:00:00.000000",TSLA,23.469999313354492,23.666000366210938,23.139999389648438,23.18866729736328,87261000,0.0,0.0,No News,0.016985883239315713
"2018-02-26 00:00:00.000000",TSLA,23.827999114990234,23.933332443237305,23.49066734313965,23.566667556762695,65100000,0.0,0.0,No News,0.015253507120131848
"2018-02-27 00:00:00.000000",TSLA,23.39933204650879,23.999332427978516,23.333999633789062,23.75,71961000,0.0,0.0,No News,-0.017990057260484416
"2018-02-28 00:00:00.000000",TSLA,22.87066650390625,23.682666778564453,22.814666748046875,23.504667282104492,91045500,0.0,0.0,No News,-0.022593189478732012
"2018-03-01 00:00:00.000000",TSLA,22.062000274658203,23.244667053222656,22.004667282104492,23.000667572021484,103284000,0.0,0.0,No News,-0.03535822749677753
"2018-03-02 00:00:00.000000",TSLA,22.341333389282227,22.347999572753906,21.531333923339844,21.798667907714844,76392000,0.0,0.0,No News,0.012661277814635996
"2018-03-05 00:00:00.000000",TSLA,22.22333335876465,22.516666412353516,21.952667236328125,22.159332275390625,57357000,0.0,0.0,No News,-0.0052816914935877035
"2018-03-06 00:00:00.000000",TSLA,21.8799991607666,22.424667358398438,21.802000045776367,22.25,64285500,0.0,0.0,No News,-0.015449266428910424
"2018-03-07 00:00:00.000000",TSLA,22.15333366394043,22.166667938232422,21.44933319091797,21.695999145507812,75109500,0.0,0.0,No News,0.012492436638843696
"2018-03-08 00:00:00.000000",TSLA,21.940000534057617,22.219999313354492,21.751333236694336,22.19066619873047,53493000,0.0,0.0,No News,-0.009629843215428147
"2018-03-09 00:00:00.000000",TSLA,21.81133270263672,21.89933204650879,21.4913330078125,21.606666564941406,82602000,0.0,0.0,No News,-0.005864531827206032
"2018-03-12 00:00:00.000000",TSLA,23.034000396728516,23.1473331451416,21.766666412353516,21.907333374023438,123960000,0.0,0.0,No News,0.05605653312252623
"2018-03-13 00:00:00.000000",TSLA,22.78933334350586,23.1473331451416,21.766666412353516,21.907333374023438,89487000,0.0,0.0,No News,-0.010621995702379428
"2018-03-14 00:00:00.000000",TSLA,21.775333404541016,22.65399932861328,21.595333099365234,22.450666427612305,119511000,0.0,0.0,No News,-0.044494497652946774
"2018-03-15 00:00:00.000000",TSLA,21.706666946411133,22.190000534057617,21.406667709350586,21.958667755126953,98472000,0.0,0.0,No News,-0.003153405592199232
"2018-03-16 00:00:00.000000",TSLA,21.42333221435547,21.82666778564453,21.271333694458008,21.528667449951172,91759500,0.0,0.0,No News,-0.01305288982206032
"2018-03-19 00:00:00.000000",TSLA,20.90399932861328,21.383333206176758,20.64466667175293,21.100000381469727,112264500,0.0,0.0,No News,-0.024241461624452176
"2018-03-20 00:00:00.000000",TSLA,20.703332901000977,21.083332061767578,20.583999633789062,20.9913330078125,71464500,0.0,0.0,No News,-0.00959942757640797
"2018-03-21 00:00:00.000000",TSLA,21.101999282836914,21.496000289916992,20.679332733154297,20.683332443237305,89376000,0.0,0.0,No News,0.019256145072983122
"2018-03-22 00:00:00.000000",TSLA,20.606666564941406,21.254667282104492,20.545333862304688,20.926000595092773,74097000,0.0,0.0,No News,-0.02347326010471351
"2018-03-23 00:00:00.000000",TSLA,20.1026668548584,20.75,20.030000686645508,20.75,99823500,0.0,0.0,No News,-0.024458090225057294
"2018-03-26 00:00:00.000000",TSLA,20.278667449951172,20.506000518798828,19.423999786376953,20.48933219909668,125628000,0.0,0.0,No News,0.00875508689287341
"2018-03-27 00:00:00.000000",TSLA,18.61199951171875,20.284666061401367,18.478666305541992,20.266666412353516,208080000,0.0,0.0,No News,-0.08218823758246674
"2018-03-28 00:00:00.000000",TSLA,17.185333251953125,17.91200065612793,16.80666732788086,17.6386661529541,315021000,0.0,0.0,No News,-0.0766530355251378
"2018-03-29 00:00:00.000000",TSLA,17.742000579833984,18.06399917602539,16.547332763671875,17.099332809448242,227560500,0.0,0.0,No News,0.032392000767142104
"2018-04-02 00:00:00.000000",TSLA,16.832000732421875,17.35533332824707,16.305999755859375,17.083999633789062,241710000,0.0,0.0,No News,-0.05129071230255955
"2018-04-03 00:00:00.000000",TSLA,17.8353328704834,18.22333335876465,16.965999603271484,17.988000869750977,282666000,0.0,0.0,No News,0.05960860827013281
"2018-04-04 00:00:00.000000",TSLA,19.12933349609375,19.224666595458984,16.799999237060547,16.851999282836914,298450500,0.0,0.0,No News,0.07255264788199489
"2018-04-05 00:00:00.000000",TSLA,20.381332397460938,20.417333602905273,19.213333129882812,19.28933334350586,286816500,0.0,0.0,No News,0.06544916484533281
"2018-04-06 00:00:00.000000",TSLA,19.953332901000977,20.618667602539062,19.700000762939453,20.066667556762695,202804500,0.0,0.0,No News,-0.020999583742291605
"2018-04-09 00:00:00.000000",TSLA,19.310667037963867,20.633333206176758,19.28066635131836,20.024667739868164,153747000,0.0,0.0,No News,-0.03220844689083846
"2018-04-10 00:00:00.000000",TSLA,20.31333351135254,20.47333335876465,19.57866668701172,19.931333541870117,164847000,0.0,0.0,No News,0.05192293313418306
"2018-04-11 00:00:00.000000",TSLA,20.062000274658203,20.59866714477539,19.977333068847656,20.049333572387695,112243500,0.0,0.0,No News,-0.012372820864378187
"2018-04-12 00:00:00.000000",TSLA,19.60533332824707,20.26333236694336,19.57866668701172,20.154666900634766,114132000,0.0,0.0,No News,-0.022762782382571456
"2018-04-13 00:00:00.000000",TSLA,20.022666931152344,20.26333236694336,19.73200035095215,20.239999771118164,109908000,0.0,0.0,No News,0.021286738456213206
"2018-04-16 00:00:00.000000",TSLA,19.413999557495117,19.977333068847656,19.267332077026367,19.933332443237305,95077500,0.0,0.0,No News,-0.030398916175858104
"2018-04-17 00:00:00.000000",TSLA,19.179332733154297,19.47800064086914,18.833999633789062,19.257999420166016,105000000,0.0,0.0,No News,-0.012087505392479714
"2018-04-18 00:00:00.000000",TSLA,19.55666732788086,20.016000747680664,19.21066665649414,19.405332565307617,98365500,0.0,0.0,No News,0.019674020987929586
"2018-04-19 00:00:00.000000",TSLA,20.005332946777344,20.067333221435547,19.23666763305664,19.405332565307617,91359000,0.0,0.0,No News,0.02294182395058919
"2018-04-20 00:00:00.000000",TSLA,19.349332809448242,19.998666763305664,19.316667556762695,19.67799949645996,84418500,0.0,0.0,No News,-0.032791263163394424
"2018-04-23 00:00:00.000000",TSLA,18.891332626342773,19.441333770751953,18.82200050354004,19.41933250427246,73401000,0.0,0.0,No News,-0.023670076256160577
"2018-04-24 00:00:00.000000",TSLA,18.8973331451416,19.139333724975586,18.56399917602539,19.0,85279500,0.0,0.0,No News,0.0003176334310298
"2018-04-25 00:00:00.000000",TSLA,18.71266746520996,19.01066780090332,18.483333587646484,18.899999618530273,60204000,0.0,0.0,No News,-0.009772049765610302
"2018-04-26 00:00:00.000000",TSLA,19.031999588012695,19.05266761779785,18.433332443237305,18.583332061767578,65340000,0.0,0.0,No News,0.017065024181957433
"2018-04-27 00:00:00.000000",TSLA,19.60533332824707,19.631332397460938,18.922000885009766,19.024667739868164,65469000,0.0,0.0,No News,0.030124724287798443
"2018-04-30 00:00:00.000000",TSLA,19.593332290649414,19.915332794189453,19.5,19.573999404907227,63423000,0.0,0.0,No News,-0.0006121312704419
"2018-05-01 00:00:00.000000",TSLA,19.994667053222656,20.05466651916504,19.54800033569336,19.567333221435547,69384000,0.0,0.0,No News,0.02048323157183285
"2018-05-02 00:00:00.000000",TSLA,20.07666778564453,20.456666946411133,19.851999282836914,19.904666900634766,134556000,0.0,0.0,No News,0.0041011301765416786
"2018-05-03 00:00:00.000000",TSLA,18.963333129882812,19.202667236328125,18.34866714477539,18.586000442504883,260281500,0.0,0.0,No News,-0.055454155423032336
"2018-05-04 00:00:00.000000",TSLA,19.606000900268555,19.790666580200195,18.634666442871094,18.866666793823242,128541000,0.0,0.0,No News,0.03389002165305066
"2018-05-07 00:00:00.000000",TSLA,20.184667587280273,20.3973331451416,19.67799949645996,19.833332061767578,130173000,0.0,0.0,No News,0.029514774071228045
"2018-05-08 00:00:00.000000",TSLA,20.131332397460938,20.516666412353516,19.933332443237305,20.053333282470703,88950000,0.0,0.0,No News,-0.002642361564227369
"2018-05-09 00:00:00.000000",TSLA,20.456666946411133,20.46733283996582,20.003332138061523,20.027332305908203,85911000,0.0,0.0,No News,0.016160606885176954
"2018-05-10 00:00:00.000000",TSLA,20.334667205810547,20.865999221801758,20.27400016784668,20.5,84774000,0.0,0.0,No News,-0.0059638132116135445
"2018-05-11 00:00:00.000000",TSLA,20.070667266845703,20.591999053955078,19.93866729736328,20.51333236694336,70194000,0.0,0.0,No News,-0.012982751883414467
"2018-05-14 00:00:00.000000",TSLA,19.46466636657715,20.32933235168457,19.441333770751953,20.221332550048828,109302000,0.0,0.0,No News,-0.030193360898847388
"2018-05-15 00:00:00.000000",TSLA,18.94533348083496,19.130666732788086,18.700000762939453,19.000667572021484,142788000,0.0,0.0,No News,-0.02668080078854762
"2018-05-16 00:00:00.000000",TSLA,19.09866714477539,19.253999710083008,18.770666122436523,18.922000885009766,85110000,0.0,0.0,No News,0.008093479277920368
"2018-05-17 00:00:00.000000",TSLA,18.96933364868164,19.279333114624023,18.931333541870117,19.059999465942383,66309000,0.0,0.0,No News,-0.006771859790704271
"2018-05-18 00:00:00.000000",TSLA,18.454666137695312,18.976667404174805,18.266666412353516,18.976667404174805,108778500,0.0,0.0,No News,-0.027131554566867888
"2018-05-21 00:00:00.000000",TSLA,18.965999603271484,19.432666778564453,18.753332138061523,18.755332946777344,137739000,0.0,0.0,No News,0.027707543542699442
"2018-05-22 00:00:00.000000",TSLA,18.333999633789062,19.200000762939453,18.22800064086914,19.18400001525879,134187000,0.0,0.0,No News,-0.033322787235185114
"2018-05-23 00:00:00.000000",TSLA,18.60466766357422,18.660667419433594,18.266666412353516,18.517332077026367,89776500,0.0,0.0,No News,0.014763174167753412
"2018-05-24 00:00:00.000000",TSLA,18.523332595825195,18.74066734313965,18.326000213623047,18.559999465942383,62650500,0.0,0.0,No News,-0.004371756014124761
"2018-05-25 00:00:00.000000",TSLA,18.59000015258789,18.642667770385742,18.374000549316406,18.5086669921875,58126500,0.0,0.0,No News,0.003599112439287566
"2018-05-29 00:00:00.000000",TSLA,18.917333602905273,19.100000381469727,18.40999984741211,18.567333221435547,84999000,0.0,0.0,No News,0.017608039140968756
"2018-05-30 00:00:00.000000",TSLA,19.447999954223633,19.667333602905273,18.773332595825195,18.88599967956543,112345500,0.0,0.0,No News,0.028051857754248344
"2018-05-31 00:00:00.000000",TSLA,18.98200035095215,19.357999801635742,18.86199951171875,19.1473331451416,88795500,0.0,0.0,No News,-0.023961312441811322
"2018-06-01 00:00:00.000000",TSLA,19.454666137695312,19.463333129882812,18.922666549682617,19.05733299255371,81366000,0.0,0.0,No News,0.024900736382056587
"2018-06-04 00:00:00.000000",TSLA,19.78266716003418,19.933332443237305,19.56999969482422,19.62266731262207,71967000,0.0,0.0,No News,0.016859761047419486
"2018-06-05 00:00:00.000000",TSLA,19.408666610717773,19.85333251953125,19.115999221801758,19.84666633605957,89928000,0.0,0.0,No News,-0.018905466401010762
"2018-06-06 00:00:00.000000",TSLA,21.299999237060547,21.47800064086914,19.832000732421875,20.03333282470703,281509500,0.0,0.0,No News,0.09744783937389845
"2018-06-07 00:00:00.000000",TSLA,21.07266616821289,22.0,20.905332565307617,21.07666778564453,215179500,0.0,0.0,No News,-0.01067291441269691
"2018-06-08 00:00:00.000000",TSLA,21.17733383178711,21.631999969482422,21.143333435058594,21.266666412353516,123078000,0.0,0.0,No News,0.004966987221204366
"2018-06-11 00:00:00.000000",TSLA,22.139999389648438,22.310667037963867,21.5,21.500667572021484,197752500,0.0,0.0,No News,0.045457353862759176
"2018-06-12 00:00:00.000000",TSLA,22.851333618164062,23.6646671295166,22.53333282470703,22.979999542236328,335211000,0.0,0.0,No News,0.03212891816285279
"2018-06-13 00:00:00.000000",TSLA,22.985332489013672,23.14666748046875,22.65333366394043,23.11400032043457,142047000,0.0,0.0,No News,0.005863940944921264
"2018-06-14 00:00:00.000000",TSLA,23.847999572753906,23.916667938232422,23.106666564941406,23.17533302307129,164715000,0.0,0.0,No News,0.037531198826580514
"2018-06-15 00:00:00.000000",TSLA,23.878000259399414,24.31133270263672,23.416667938232422,23.589332580566406,162724500,0.0,0.0,No News,0.001257995940245893
"2018-06-18 00:00:00.000000",TSLA,24.722000122070312,24.915332794189453,23.633333206176758,23.69333267211914,181098000,0.0,0.0,No News,0.03534633777963303
"2018-06-19 00:00:00.000000",TSLA,23.503332138061523,24.666667938232422,23.083332061767578,24.3439998626709,191428500,0.0,0.0,No News,-0.04929487816484701
"2018-06-20 00:00:00.000000",TSLA,24.148000717163086,24.29199981689453,23.46666717529297,23.869333267211914,125755500,0.0,0.0,No News,0.027428816276547474
"2018-06-21 00:00:00.000000",TSLA,23.167333602905273,24.413999557495117,23.084667205810547,24.133333206176758,119506500,0.0,0.0,No News,-0.0406106959223671
"2018-06-22 00:00:00.000000",TSLA,22.242000579833984,23.483333587646484,22.133333206176758,23.43600082397461,153991500,0.0,0.0,No News,-0.039941282796361555
"2018-06-25 00:00:00.000000",TSLA,22.200666427612305,22.564666748046875,21.833332061767578,22.007999420166016,103969500,0.0,0.0,No News,-0.0018583828407574554
"2018-06-26 00:00:00.000000",TSLA,22.799999237060547,22.90333366394043,21.719999313354492,22.40333366394043,111787500,0.0,0.0,No News,0.02699616299368457
"2018-06-27 00:00:00.000000",TSLA,22.96666717529297,23.38599967956543,22.633333206176758,23.0,125005500,0.0,0.0,No News,0.007309997535504653
"2018-06-28 00:00:00.000000",TSLA,23.32866668701172,23.801332473754883,23.073999404907227,23.243999481201172,125970000,0.0,0.0,No News,0.01576195226568089
"2018-06-29 00:00:00.000000",TSLA,22.863332748413086,23.590667724609375,22.827333450317383,23.55533218383789,97386000,0.0,0.0,No News,-0.019946872439894237
"2018-07-02 00:00:00.000000",TSLA,22.33799934387207,24.318666458129883,21.989999771118164,24.004667282104492,281397000,0.0,0.0,No News,-0.022977114068266302
"2018-07-03 00:00:00.000000",TSLA,20.724000930786133,22.166000366210938,20.645999908447266,22.116666793823242,184239000,0.0,0.0,No News,-0.07225349003910242
"2018-07-05 00:00:00.000000",TSLA,20.610666275024414,20.959333419799805,19.74799919128418,20.917333602905273,262146000,0.0,0.0,No News,-0.005468763302039603
"2018-07-06 00:00:00.000000",TSLA,20.593332290649414,20.80466651916504,20.133333206176758,20.329999923706055,132982500,0.0,0.0,No News,-0.0008410200885163
"2018-07-09 00:00:00.000000",TSLA,21.233999252319336,21.23466682434082,20.53333282470703,20.799333572387695,113952000,0.0,0.0,No News,0.031110407612896296
"2018-07-10 00:00:00.000000",TSLA,21.49799919128418,21.845333099365234,21.280000686645508,21.637332916259766,142072500,0.0,0.0,No News,0.012432888210448967
"2018-07-11 00:00:00.000000",TSLA,21.263999938964844,21.46266746520996,21.004667282104492,21.053333282470703,73261500,0.0,0.0,No News,-0.010884699093960615
"2018-07-12 00:00:00.000000",TSLA,21.11400032043457,21.548667907714844,20.851333618164062,21.428667068481445,85818000,0.0,0.0,No News,-0.007054158152785206
"2018-07-13 00:00:00.000000",TSLA,21.257999420166016,21.30533218383789,20.616666793823242,21.038667678833008,88047000,0.0,0.0,No News,0.006820076610119186
"2018-07-16 00:00:00.000000",TSLA,20.67333221435547,21.01066780090332,20.416667938232422,20.78066635131836,117280500,0.0,0.0,No News,-0.027503397391944295
"2018-07-17 00:00:00.000000",TSLA,21.512666702270508,21.64933204650879,20.566667556762695,20.58733367919922,104943000,0.0,0.0,No News,0.040599864560402654
"2018-07-18 00:00:00.000000",TSLA,21.59000015258789,21.700000762939453,21.083332061767578,21.666667938232422,84363000,0.0,0.0,No News,0.0035947868010812734
"2018-07-19 00:00:00.000000",TSLA,21.34866714477539,21.569332122802734,20.93400001525879,21.088666915893555,88729500,0.0,0.0,No News,-0.011177999356501767
"2018-07-20 00:00:00.000000",TSLA,20.905332565307617,21.549333572387695,20.78066635131836,21.415332794189453,77433000,0.0,0.0,No News,-0.020766382110007697
"2018-07-23 00:00:00.000000",TSLA,20.213333129882812,20.366666793823242,19.52400016784668,20.12266731262207,164893500,0.0,0.0,No News,-0.03310157507722111
"2018-07-24 00:00:00.000000",TSLA,19.82866668701172,20.514667510986328,19.503332138061523,20.294666290283203,143862000,0.0,0.0,No News,-0.01903033212777827
"2018-07-25 00:00:00.000000",TSLA,20.582666397094727,20.641332626342773,19.633333206176758,19.78266716003418,106131000,0.0,0.0,No News,0.03802573929879505
"2018-07-26 00:00:00.000000",TSLA,20.44333267211914,20.713333129882812,20.242666244506836,20.323333740234375,69457500,0.0,0.0,No News,-0.006769469139103035
"2018-07-27 00:00:00.000000",TSLA,19.812000274658203,20.512666702270508,19.689332962036133,20.483333587646484,85549500,0.0,0.0,No News,-0.030882068378310756
"2018-07-30 00:00:00.000000",TSLA,19.344667434692383,19.739999771118164,19.075332641601562,19.726667404174805,102211500,0.0,0.0,No News,-0.023588372374675926
"2018-07-31 00:00:00.000000",TSLA,19.875999450683594,19.88800048828125,19.271333694458008,19.483333587646484,76153500,0.0,0.0,No News,0.027466588287701876
"2018-08-01 00:00:00.000000",TSLA,20.055999755859375,20.200000762939453,19.53333282470703,19.865999221801758,151941000,0.0,0.0,No News,0.009056163722604094
"2018-08-02 00:00:00.000000",TSLA,23.30266761779785,23.332666397094727,21.54400062561035,21.895999908447266,348225000,0.0,0.0,No News,0.1618801307070199
"2018-08-03 00:00:00.000000",TSLA,23.211332321166992,23.666667938232422,22.8353328704834,23.187332153320312,204847500,0.0,0.0,No News,-0.003919521066382159
"2018-08-06 00:00:00.000000",TSLA,22.799333572387695,23.665332794189453,22.788000106811523,23.03066635131836,128464500,0.0,0.0,No News,-0.017749896605615545
"2018-08-07 00:00:00.000000",TSLA,25.30466651916504,25.83066749572754,22.610000610351562,22.922666549682617,463137000,0.0,0.0,No News,0.10988623587715551
"2018-08-08 00:00:00.000000",TSLA,24.689332962036133,25.50933265686035,24.474666595458984,24.606000900268555,368568000,0.0,0.0,No News,-0.024316999264261008
"2018-08-09 00:00:00.000000",TSLA,23.496667861938477,24.46733283996582,23.048667907714844,24.3700008392334,257757000,0.0,0.0,No News,-0.04830689844604441
"2018-08-10 00:00:00.000000",TSLA,23.69933319091797,24.0,23.066667556762695,23.600000381469727,173280000,0.0,0.0,No News,0.008625279557523235
"2018-08-13 00:00:00.000000",TSLA,23.76066780090332,24.21266746520996,23.26799964904785,24.075332641601562,156958500,0.0,0.0,No News,0.0025880310425296926
"2018-08-14 00:00:00.000000",TSLA,23.176000595092773,23.946666717529297,23.139999389648438,23.89666748046875,104796000,0.0,0.0,No News,-0.024606514038646665
"2018-08-15 00:00:00.000000",TSLA,22.57933235168457,22.965999603271484,22.142667770385742,22.79400062561035,136519500,0.0,0.0,No News,-0.02574509095993638
"2018-08-16 00:00:00.000000",TSLA,22.363332748413086,22.818666458129883,22.254667282104492,22.660667419433594,90960000,0.0,0.0,No News,-0.0095662528859215
"2018-08-17 00:00:00.000000",TSLA,20.366666793823242,21.784666061401367,20.235332489013672,21.566667556762695,284379000,0.0,0.0,No News,-0.08928302310985059
"2018-08-20 00:00:00.000000",TSLA,20.562667846679688,20.566667556762695,19.213333129882812,19.446666717529297,261034500,0.0,0.0,No News,0.009623619556435647
"2018-08-21 00:00:00.000000",TSLA,21.459999084472656,21.652666091918945,20.600000381469727,20.707332611083984,197583000,0.0,0.0,No News,0.043638852919460236
"2018-08-22 00:00:00.000000",TSLA,21.44266700744629,21.591999053955078,20.97800064086914,21.391332626342773,89190000,0.0,0.0,No News,-0.0008076457486388
"2018-08-23 00:00:00.000000",TSLA,21.34000015258789,21.821332931518555,21.206666946411133,21.275999069213867,77209500,0.0,0.0,No News,-0.004787970396720964
"2018-08-24 00:00:00.000000",TSLA,21.521333694458008,21.59000015258789,21.293333053588867,21.3799991607666,54039000,0.0,0.0,No News,0.008497354291167936
"2018-08-27 00:00:00.000000",TSLA,21.284666061401367,21.496000289916992,20.58733367919922,21.200000762939453,196189500,0.0,0.0,No News,-0.010996885063753514
"2018-08-28 00:00:00.000000",TSLA,20.790666580200195,21.2586669921875,20.746000289916992,21.227333068847656,114736500,0.0,0.0,No News,-0.02320917226401842
"2018-08-29 00:00:00.000000",TSLA,20.333999633789062,20.790000915527344,20.246000289916992,20.684667587280273,111711000,0.0,0.0,No News,-0.021964997834462707
"2018-08-30 00:00:00.000000",TSLA,20.209999084472656,20.30666732788086,19.847999572753906,20.150667190551758,108250500,0.0,0.0,No News,-0.006098187840544389
"2018-08-31 00:00:00.000000",TSLA,20.110666275024414,20.354000091552734,19.906667709350586,20.133333206176758,80626500,0.0,0.0,No News,-0.004915032852453649
"2018-09-04 00:00:00.000000",TSLA,19.26333236694336,19.87933349609375,19.200000762939453,19.79599952697754,125257500,0.0,0.0,No News,-0.04213355721254075
"2018-09-05 00:00:00.000000",TSLA,18.715999603271484,19.118667602539062,18.478666305541992,19.003332138061523,115812000,0.0,0.0,No News,-0.028413192133419196
"2018-09-06 00:00:00.000000",TSLA,18.729999542236328,19.411333084106445,18.591999053955078,18.98666763305664,112212000,0.0,0.0,No News,0.0007480198365892
"2018-09-07 00:00:00.000000",TSLA,17.549333572387695,17.889999389648438,16.816667556762695,17.34000015258789,337378500,0.0,0.0,No News,-0.06303609176210712
"2018-09-10 00:00:00.000000",TSLA,19.03333282470703,19.068666458129883,18.066667556762695,18.21733283996582,214252500,0.0,0.0,No News,0.08456157301917577
"2018-09-11 00:00:00.000000",TSLA,18.62933349609375,18.799999237060547,18.23666763305664,18.631332397460938,137550000,0.0,0.0,No News,-0.021225884732538947
"2018-09-12 00:00:00.000000",TSLA,19.369333267211914,19.5,18.57666778564453,18.762666702270508,150231000,0.0,0.0,No News,0.039722289113205855
"2018-09-13 00:00:00.000000",TSLA,19.297332763671875,19.666667938232422,19.011999130249023,19.201332092285156,95104500,0.0,0.0,No News,-0.003717242227533002
"2018-09-14 00:00:00.000000",TSLA,19.68000030517578,19.82200050354004,19.101333618164062,19.250667572021484,101484000,0.0,0.0,No News,0.019830074248618157
"2018-09-17 00:00:00.000000",TSLA,19.6560001373291,20.058000564575195,19.208667755126953,19.336000442504883,103314000,0.0,0.0,No News,-0.001219520705005639
"2018-09-18 00:00:00.000000",TSLA,18.997333526611328,20.176000595092773,18.366666793823242,19.779333114624023,248212500,0.0,0.0,No News,-0.03350969709584439
"2018-09-19 00:00:00.000000",TSLA,19.934667587280273,20.0,18.700000762939453,18.700666427612305,124423500,0.0,0.0,No News,0.049340296066073375
"2018-09-20 00:00:00.000000",TSLA,19.8886661529541,20.398666381835938,19.55533218383789,20.237333297729492,110241000,0.0,0.0,No News,-0.0023076098021079794
"2018-09-21 00:00:00.000000",TSLA,19.940000534057617,20.038667678833008,19.691333770751953,19.84666633605957,75757500,0.0,0.0,No News,0.0025810871734046614
"2018-09-24 00:00:00.000000",TSLA,19.978666305541992,20.200000762939453,19.57200050354004,19.898666381835938,72645000,0.0,0.0,No News,0.0019391058399589323
"2018-09-25 00:00:00.000000",TSLA,20.06599998474121,20.30666732788086,19.766666412353516,20.0,67225500,0.0,0.0,No News,0.004371346808820453
"2018-09-26 00:00:00.000000",TSLA,20.6386661529541,20.926000595092773,20.073999404907227,20.12733268737793,117648000,0.0,0.0,No News,0.028539129305709343
"2018-09-27 00:00:00.000000",TSLA,20.501333236694336,20.997333526611328,20.46066665649414,20.860000610351562,127636500,0.0,0.0,No News,-0.006654156583666082
"2018-09-28 00:00:00.000000",TSLA,17.65133285522461,18.53333282470703,17.37066650390625,18.017332077026367,504745500,0.0,0.0,No News,-0.13901536785757185
"2018-10-01 00:00:00.000000",TSLA,20.713333129882812,20.762666702270508,20.06999969482422,20.384666442871094,326664000,0.0,0.0,No News,0.17347133498487532
"2018-10-02 00:00:00.000000",TSLA,20.06800079345703,21.12266731262207,19.94333267211914,20.93000030517578,176152500,0.0,0.0,No News,-0.0311554076004682
"2018-10-03 00:00:00.000000",TSLA,19.65333366394043,20.30666732788086,19.437999725341797,20.222000122070312,119925000,0.0,0.0,No News,-0.0206631011122842
"2018-10-04 00:00:00.000000",TSLA,18.788667678833008,19.600000381469727,18.511333465576172,19.59666633605957,147213000,0.0,0.0,No News,-0.043995894024528526
"2018-10-05 00:00:00.000000",TSLA,17.463333129882812,18.325332641601562,17.333332061767578,18.309999465942383,269167500,0.0,0.0,No News,-0.07053903829718033
"2018-10-08 00:00:00.000000",TSLA,16.70400047302246,17.85066795349121,16.600000381469727,17.634666442871094,202090500,0.0,0.0,No News,-0.043481542224090175
"2018-10-09 00:00:00.000000",TSLA,17.520000457763672,17.784666061401367,16.886667251586914,17.016666412353516,180909000,0.0,0.0,No News,0.04885057241581614
"2018-10-10 00:00:00.000000",TSLA,17.125333786010742,17.700666427612305,16.51799964904785,17.640666961669922,192229500,0.0,0.0,No News,-0.02252663592700077
"2018-10-11 00:00:00.000000",TSLA,16.815332412719727,17.483333587646484,16.601999282836914,17.16866683959961,122515500,0.0,0.0,No News,-0.01810191714594478
"2018-10-12 00:00:00.000000",TSLA,17.25200080871582,17.465999603271484,16.80066680908203,17.399999618530273,108021000,0.0,0.0,No News,0.025968466473239804
"2018-10-15 00:00:00.000000",TSLA,17.305999755859375,17.552000045776367,16.96933364868164,17.270666122436523,93000000,0.0,0.0,No News,0.003130010700919561
"2018-10-16 00:00:00.000000",TSLA,18.439332962036133,18.492000579833984,17.482667922973633,17.713333129882812,142896000,0.0,0.0,No News,0.06548787831763603
"2018-10-17 00:00:00.000000",TSLA,18.118667602539062,18.84666633605957,17.719999313354492,18.82666778564453,129832500,0.0,0.0,No News,-0.017390290644313078
"2018-10-18 00:00:00.000000",TSLA,17.5939998626709,18.066667556762695,17.53333282470703,17.952667236328125,81318000,0.0,0.0,No News,-0.028957302566477883
"2018-10-19 00:00:00.000000",TSLA,17.333332061767578,17.977333068847656,16.899999618530273,17.826000213623047,140632500,0.0,0.0,No News,-0.014815721435600171
"2018-10-22 00:00:00.000000",TSLA,17.39666748046875,17.457332611083984,16.839332580566406,17.3786678314209,84004500,0.0,0.0,No News,0.0036539667315824698
"2018-10-23 00:00:00.000000",TSLA,19.609333038330078,19.86199951171875,17.47333335876465,17.591333389282227,285417000,0.0,0.0,No News,0.12718904700256473
"2018-10-24 00:00:00.000000",TSLA,19.233333587646484,20.29599952697754,19.048667907714844,20.06999969482422,300874500,0.0,0.0,No News,-0.019174515010206283
"2018-10-25 00:00:00.000000",TSLA,20.99066734313965,21.399999618530273,20.067333221435547,21.148000717163086,312610500,0.0,0.0,No News,0.09136917152114976
"2018-10-26 00:00:00.000000",TSLA,22.059999465942383,22.65999984741211,20.44333267211914,20.549999237060547,411382500,0.0,0.0,No News,0.05094321706509364
"2018-10-29 00:00:00.000000",TSLA,22.323333740234375,23.143999099731445,21.766666412353516,22.49799919128418,217290000,0.0,0.0,No News,0.011937184073759655
"2018-10-30 00:00:00.000000",TSLA,21.99333381652832,22.52666664123535,21.483999252319336,21.892667770385742,136900500,0.0,0.0,No News,-0.01478273485251358
"2018-10-31 00:00:00.000000",TSLA,22.488000869750977,22.799999237060547,21.940000534057617,22.16933250427246,114364500,0.0,0.0,No News,0.022491681222557736
"2018-11-01 00:00:00.000000",TSLA,22.95199966430664,23.189332962036133,22.315332412719727,22.55066680908203,120001500,0.0,0.0,No News,0.020633172207841666
"2018-11-02 00:00:00.000000",TSLA,23.0939998626709,23.280000686645508,22.727333068847656,22.916000366210938,117120000,0.0,0.0,No News,0.006186833410645631
"2018-11-05 00:00:00.000000",TSLA,22.760000228881836,22.930667877197266,22.00933265686035,22.700000762939453,117465000,0.0,0.0,No News,-0.014462615214999586
"2018-11-06 00:00:00.000000",TSLA,22.737333297729492,23.253332138061523,22.4060001373291,22.60466766357422,101443500,0.0,0.0,No News,-0.0009959108490508
"2018-11-07 00:00:00.000000",TSLA,23.21066665649414,23.41200065612793,22.719999313354492,22.889333724975586,110617500,0.0,0.0,No News,0.020817452625894184
"2018-11-08 00:00:00.000000",TSLA,23.426666259765625,23.838666915893555,23.229333877563477,23.233333587646484,106360500,0.0,0.0,No News,0.00930604908804078
"2018-11-09 00:00:00.000000",TSLA,23.367332458496094,23.600000381469727,23.01533317565918,23.266666412353516,76482000,0.0,0.0,No News,-0.0025327462564075365
"2018-11-12 00:00:00.000000",TSLA,22.0853328704834,23.318666458129883,22.022666931152344,23.224666595458984,104122500,0.0,0.0,No News,-0.05486289846261738
"2018-11-13 00:00:00.000000",TSLA,22.582000732421875,22.979999542236328,22.14666748046875,22.21066665649414,81729000,0.0,0.0,No News,0.022488583932654294
"2018-11-14 00:00:00.000000",TSLA,22.933332443237305,23.140666961669922,22.476667404174805,22.84666633605957,75604500,0.0,0.0,No News,0.015558041777538723
"2018-11-15 00:00:00.000000",TSLA,23.229333877563477,23.238666534423828,22.6026668548584,22.82200050354004,69385500,0.0,0.0,No News,0.012907039788430774
"2018-11-16 00:00:00.000000",TSLA,23.62066650390625,23.713333129882812,23.007999420166016,23.012666702270508,108093000,0.0,0.0,No News,0.016846485069498707
"2018-11-19 00:00:00.000000",TSLA,23.564666748046875,24.450000762939453,23.525333404541016,23.756000518798828,145633500,0.0,0.0,No News,-0.0023707949075066903
"2018-11-20 00:00:00.000000",TSLA,23.166000366210938,23.31999969482422,22.23666763305664,22.78333282470703,120070500,0.0,0.0,No News,-0.01691797240752324
"2018-11-21 00:00:00.000000",TSLA,22.54599952697754,23.540000915527344,22.49333381652832,23.46666717529297,70302000,0.0,0.0,No News,-0.026763395900558984
"2018-11-23 00:00:00.000000",TSLA,21.722000122070312,22.5,21.703332901000977,22.290000915527344,63039000,0.0,0.0,No News,-0.03654747725516738
"2018-11-26 00:00:00.000000",TSLA,23.066667556762695,23.08133316040039,21.666667938232422,21.666667938232422,119881500,0.0,0.0,No News,0.061903481591741416
"2018-11-27 00:00:00.000000",TSLA,22.92799949645996,23.130666732788086,22.366666793823242,22.670000076293945,95374500,0.0,0.0,No News,-0.00601162087941387
"2018-11-28 00:00:00.000000",TSLA,23.191333770751953,23.218666076660156,22.81399917602539,23.06599998474121,61914000,0.0,0.0,No News,0.011485270415007243
"2018-11-29 00:00:00.000000",TSLA,22.744667053222656,23.166667938232422,22.636667251586914,23.133333206176758,46210500,0.0,0.0,No News,-0.019260070246266525
"2018-11-30 00:00:00.000000",TSLA,23.365333557128906,23.440000534057617,22.55066680908203,22.788667678833008,84436500,0.0,0.0,No News,0.027288440954263526
"2018-12-03 00:00:00.000000",TSLA,23.89933204650879,24.399999618530273,23.46666717529297,24.0,124597500,0.0,0.0,No News,0.022854306277042546
"2018-12-04 00:00:00.000000",TSLA,23.979999542236328,24.57866668701172,23.46666717529297,23.73666763305664,126928500,0.0,0.0,No News,0.00337530335871139
"2018-12-06 00:00:00.000000",TSLA,24.20400047302246,24.492000579833984,23.384000778198242,23.733999252319336,117637500,0.0,0.0,No News,0.009341156591416766
"2018-12-07 00:00:00.000000",TSLA,23.864667892456055,25.299333572387695,23.843332290649414,24.600000381469727,172668000,0.0,0.0,No News,-0.014019689883274622
"2018-12-10 00:00:00.000000",TSLA,24.343332290649414,24.398666381835938,23.541332244873047,24.0,99202500,0.0,0.0,No News,0.020057450635827756
"2018-12-11 00:00:00.000000",TSLA,24.450666427612305,24.81133270263672,24.01533317565918,24.660667419433594,94632000,0.0,0.0,No News,0.004409180127082246
"2018-12-12 00:00:00.000000",TSLA,24.440000534057617,24.79400062561035,24.3439998626709,24.628000259399414,75405000,0.0,0.0,No News,-0.000436220975255
"2018-12-13 00:00:00.000000",TSLA,25.119333267211914,25.16266632080078,24.450000762939453,24.676666259765625,110488500,0.0,0.0,No News,0.027795937737711274
"2018-12-14 00:00:00.000000",TSLA,24.380666732788086,25.191333770751953,24.288667678833008,25.0,95064000,0.0,0.0,No News,-0.029406295404663663
"2018-12-17 00:00:00.000000",TSLA,23.22800064086914,24.3799991607666,22.92533302307129,24.133333206176758,115110000,0.0,0.0,No News,-0.04727787408573181
"2018-12-18 00:00:00.000000",TSLA,22.468666076660156,23.43666648864746,22.246000289916992,23.369333267211914,106500000,0.0,0.0,No News,-0.03269048317800338
"2018-12-19 00:00:00.000000",TSLA,22.197999954223633,23.134000778198242,21.982667922973633,22.50666618347168,124113000,0.0,0.0,No News,-0.012046381459097089
"2018-12-20 00:00:00.000000",TSLA,21.025333404541016,22.019332885742188,20.791332244873047,21.803333282470703,136078500,0.0,0.0,No News,-0.052827576903363926
"2018-12-21 00:00:00.000000",TSLA,21.31800079345703,21.564666748046875,20.82933235168457,21.15999984741211,120252000,0.0,0.0,No News,0.013919750202525005
"2018-12-24 00:00:00.000000",TSLA,19.69266700744629,20.96666717529297,19.68000030517578,20.899999618530273,83398500,0.0,0.0,No News,-0.07624231754928879
"2018-12-26 00:00:00.000000",TSLA,21.73933219909668,21.79800033569336,19.606000900268555,20.0,122446500,0.0,0.0,No News,0.10393032040182759
"2018-12-27 00:00:00.000000",TSLA,21.075332641601562,21.47800064086914,20.100000381469727,21.32266616821289,128626500,0.0,0.0,No News,-0.030543696163891743
"2018-12-28 00:00:00.000000",TSLA,22.257999420166016,22.416000366210938,21.227333068847656,21.540000915527344,149085000,0.0,0.0,No News,0.05611616189772173
"2018-12-31 00:00:00.000000",TSLA,22.18666648864746,22.61400032043457,21.68400001525879,22.519332885742188,94534500,0.0,0.0,No News,-0.0032048222381534375
"2019-01-02 00:00:00.000000",TSLA,20.674667358398438,21.0086669921875,19.920000076293945,20.406667709350586,174879000,0.0,0.0,No News,-0.06814899980682931
"2019-01-03 00:00:00.000000",TSLA,20.02400016784668,20.626667022705078,19.825332641601562,20.46666717529297,104478000,0.0,0.0,No News,-0.03147171266518323
"2019-01-04 00:00:00.000000",TSLA,21.179332733154297,21.200000762939453,20.18199920654297,20.399999618530273,110911500,0.0,0.0,No News,0.0576973909120706
"2019-01-07 00:00:00.000000",TSLA,22.33066749572754,22.44933319091797,21.183332443237305,21.447999954223633,113268000,0.0,0.0,No News,0.05436123871697496
"2019-01-08 00:00:00.000000",TSLA,22.356666564941406,22.93400001525879,21.801332473754883,22.797332763671875,105127500,0.0,0.0,No News,0.0011642764023440666
"2019-01-09 00:00:00.000000",TSLA,22.568666458129883,22.899999618530273,22.097999572753906,22.366666793823242,81493500,0.0,0.0,No News,0.009482625353500751
"2019-01-10 00:00:00.000000",TSLA,22.99799919128418,23.025999069213867,22.119333267211914,22.293333053588867,90846000,0.0,0.0,No News,0.019023398389568458
"2019-01-11 00:00:00.000000",TSLA,23.150667190551758,23.227333068847656,22.584667205810547,22.805999755859375,75586500,0.0,0.0,No News,0.0066383165769237085
"2019-01-14 00:00:00.000000",TSLA,22.293333053588867,22.833332061767578,22.266666412353516,22.825332641601562,78709500,0.0,0.0,No News,-0.03703280470952408
"2019-01-15 00:00:00.000000",TSLA,22.961999893188477,23.253332138061523,22.299999237060547,22.333332061767578,90849000,0.0,0.0,No News,0.029994027272290946
"2019-01-16 00:00:00.000000",TSLA,23.06999969482422,23.46666717529297,22.899999618530273,22.985332489013672,70375500,0.0,0.0,No News,0.004703414429845898
"2019-01-17 00:00:00.000000",TSLA,23.15399932861328,23.433332443237305,22.94333267211914,23.08066749572754,55150500,0.0,0.0,No News,0.0036410765019605495
"2019-01-18 00:00:00.000000",TSLA,20.150667190551758,21.808666229248047,19.98200035095215,21.53333282470703,362262000,0.0,0.0,No News,-0.1297111611448507
"2019-01-22 00:00:00.000000",TSLA,19.92799949645996,20.53333282470703,19.700000762939453,20.321332931518555,181000500,0.0,0.0,No News,-0.011050140026936717
"2019-01-23 00:00:00.000000",TSLA,19.172666549682617,19.633333206176758,18.779333114624023,19.5,187950000,0.0,0.0,No News,-0.03790309945117787
"2019-01-24 00:00:00.000000",TSLA,19.43400001525879,19.57866668701172,18.618667602539062,18.868667602539062,120183000,0.0,0.0,No News,0.013630522645296628
"2019-01-25 00:00:00.000000",TSLA,19.80266761779785,19.90133285522461,19.303333282470703,19.625999450683594,108744000,0.0,0.0,No News,0.018970237843449533
"2019-01-28 00:00:00.000000",TSLA,19.7586669921875,19.83066749572754,19.183332443237305,19.527332305908203,96349500,0.0,0.0,No News,-0.0022219544588429896
"2019-01-29 00:00:00.000000",TSLA,19.83066749572754,19.90399932861328,19.453332901000977,19.684667587280273,69325500,0.0,0.0,No News,0.0036439960027925267
"2019-01-30 00:00:00.000000",TSLA,20.584667205810547,20.600000381469727,19.89933204650879,20.030000686645508,168754500,0.0,0.0,No News,0.038021902704256094
"2019-01-31 00:00:00.000000",TSLA,20.468000411987305,20.770666122436523,19.600000381469727,20.066667556762695,188538000,0.0,0.0,No News,-0.005667655087972956
"2019-02-01 00:00:00.000000",TSLA,20.81399917602539,21.073333740234375,20.233333587646484,20.3613338470459,109251000,0.0,0.0,No News,0.01690437546773982
"2019-02-04 00:00:00.000000",TSLA,20.859333038330078,21.020000457763672,20.125333786010742,20.865333557128906,110281500,0.0,0.0,No News,0.002178046704109926
"2019-02-05 00:00:00.000000",TSLA,21.42333221435547,21.496000289916992,20.816667556762695,20.832666397094727,101142000,0.0,0.0,No News,0.027038217137097087
"2019-02-06 00:00:00.000000",TSLA,21.148000717163086,21.615999221801758,21.041332244873047,21.305999755859375,75577500,0.0,0.0,No News,-0.012851945460094494
"2019-02-07 00:00:00.000000",TSLA,20.500667572021484,20.979999542236328,20.200000762939453,20.886667251586914,97809000,0.0,0.0,No News,-0.030609661584522496
"2019-02-08 00:00:00.000000",TSLA,20.386667251586914,20.496667861938477,19.899999618530273,20.455333709716797,87663000,0.0,0.0,No News,-0.005560810155770368
"2019-02-11 00:00:00.000000",TSLA,20.856000900268555,21.239999771118164,20.700000762939453,20.773332595825195,106945500,0.0,0.0,No News,0.02302159754165345
"2019-02-12 00:00:00.000000",TSLA,20.78733253479004,21.21266746520996,20.641332626342773,21.079999923706055,82764000,0.0,0.0,No News,-0.003292499161602569
"2019-02-13 00:00:00.000000",TSLA,20.544666290283203,20.850000381469727,20.3713321685791,20.823333740234375,77124000,0.0,0.0,No News,-0.011673755836671518
"2019-02-14 00:00:00.000000",TSLA,20.251333236694336,20.451332092285156,20.066667556762695,20.225332260131836,78012000,0.0,0.0,No News,-0.014277820308407851
"2019-02-15 00:00:00.000000",TSLA,20.525333404541016,20.53333282470703,20.260000228881836,20.299999237060547,58573500,0.0,0.0,No News,0.013529981687833148
"2019-02-19 00:00:00.000000",TSLA,20.375999450683594,20.769332885742188,20.364667892456055,20.437332153320312,62526000,0.0,0.0,No News,-0.007275592114103446
"2019-02-20 00:00:00.000000",TSLA,20.17066764831543,20.420000076293945,19.933332443237305,20.29400062561035,107131500,0.0,0.0,No News,-0.010077140160173803
"2019-02-21 00:00:00.000000",TSLA,19.415332794189453,20.215999603271484,19.366666793823242,20.12066650390625,133638000,0.0,0.0,No News,-0.03744719150082565
"2019-02-22 00:00:00.000000",TSLA,19.6473331451416,19.766666412353516,19.47333335876465,19.632667541503906,86109000,0.0,0.0,No News,0.011949336815981981
"2019-02-25 00:00:00.000000",TSLA,19.917999267578125,20.19333267211914,19.799999237060547,19.860666275024414,99397500,0.0,0.0,No News,0.013776227055194656
"2019-02-26 00:00:00.000000",TSLA,19.857332229614258,20.134000778198242,19.251333236694336,19.481332778930664,128737500,0.0,0.0,No News,-0.0030458399535449043
"2019-02-27 00:00:00.000000",TSLA,20.982667922973633,21.086666107177734,20.036666870117188,20.118667602539062,167758500,0.0,0.0,No News,0.05667104122280353
"2019-02-28 00:00:00.000000",TSLA,21.325332641601562,21.333332061767578,20.720666885375977,21.261333465576172,157810500,0.0,0.0,No News,0.016330846005180755
"2019-03-01 00:00:00.000000",TSLA,19.652666091918945,20.475332260131836,19.459999084472656,20.46266746520996,343671000,0.0,0.0,No News,-0.07843566043230532
"2019-03-04 00:00:00.000000",TSLA,19.02400016784668,19.933332443237305,18.851999282836914,19.874666213989258,256452000,0.0,0.0,No News,-0.03198883658491347
"2019-03-05 00:00:00.000000",TSLA,18.43600082397461,18.933332443237305,18.00666618347168,18.799999237060547,281470500,0.0,0.0,No News,-0.03090829156245878
"2019-03-06 00:00:00.000000",TSLA,18.416000366210938,18.767332077026367,18.292667388916016,18.43199920654297,155032500,0.0,0.0,No News,-0.0010848588017886573
"2019-03-07 00:00:00.000000",TSLA,18.439332962036133,18.979999542236328,18.28333282470703,18.589332580566406,141637500,0.0,0.0,No News,0.0012669741182240735
"2019-03-08 00:00:00.000000",TSLA,18.94266700744629,19.03933334350586,18.392667770385742,18.46066665649414,132294000,0.0,0.0,No News,0.02729675994497449
"2019-03-11 00:00:00.000000",TSLA,19.39466667175293,19.41866683959961,18.700000762939453,18.90133285522461,110884500,0.0,0.0,No News,0.023861458586003748
"2019-03-12 00:00:00.000000",TSLA,18.890666961669922,19.204666137695312,18.737333297729492,19.099332809448242,112561500,0.0,0.0,No News,-0.025986510550194186
"2019-03-13 00:00:00.000000",TSLA,19.263999938964844,19.465999603271484,18.84666633605957,18.926666259765625,102670500,0.0,0.0,No News,0.019762826693860758
"2019-03-14 00:00:00.000000",TSLA,19.33066749572754,19.69266700744629,19.21933364868164,19.496667861938477,106551000,0.0,0.0,No News,0.0034607328163371864
"2019-03-15 00:00:00.000000",TSLA,18.36199951171875,18.9146671295166,18.293333053588867,18.900667190551758,221782500,0.0,0.0,No News,-0.05011042604829263
"2019-03-18 00:00:00.000000",TSLA,17.965999603271484,18.536666870117188,17.81999969482422,18.399999618530273,154215000,0.0,0.0,No News,-0.021566273770704303
"2019-03-19 00:00:00.000000",TSLA,17.83133316040039,18.219999313354492,17.56399917602539,17.833332061767578,177009000,0.0,0.0,No News,-0.007495627621330492
"2019-03-20 00:00:00.000000",TSLA,18.239999771118164,18.33133316040039,17.753332138061523,17.979333877563477,103623000,0.0,0.0,No News,0.02291845522943481
"2019-03-21 00:00:00.000000",TSLA,18.26799964904785,18.43000030517578,17.89666748046875,18.17333221435547,89206500,0.0,0.0,No News,0.0015350810461096653
"2019-03-22 00:00:00.000000",TSLA,17.635332107543945,18.18666648864746,17.600000381469727,18.172000885009766,131184000,0.0,0.0,No News,-0.03463255713040714
"2019-03-25 00:00:00.000000",TSLA,17.3613338470459,17.545333862304688,16.964000701904297,17.31399917602539,153225000,0.0,0.0,No News,-0.015536892576059724
"2019-03-26 00:00:00.000000",TSLA,17.851333618164062,18.017332077026367,17.6286678314209,17.62933349609375,110263500,0.0,0.0,No News,0.028223624718877183
"2019-03-27 00:00:00.000000",TSLA,18.32200050354004,18.357999801635742,17.8786678314209,17.916667938232422,131688000,0.0,0.0,No News,0.026365922874079573
"2019-03-28 00:00:00.000000",TSLA,18.57466697692871,18.68866729736328,18.34000015258789,18.477333068847656,101611500,0.0,0.0,No News,0.013790332193247767
"2019-03-29 00:00:00.000000",TSLA,18.657333374023438,18.67733383178711,18.299999237060547,18.579999923706055,89869500,0.0,0.0,No News,0.004450491478388496
"2019-04-01 00:00:00.000000",TSLA,19.278667449951172,19.280000686645508,18.75200080871582,18.841333389282227,121656000,0.0,0.0,No News,0.03330240519756256
"2019-04-02 00:00:00.000000",TSLA,19.058666229248047,19.29599952697754,18.92533302307129,19.219999313354492,82183500,0.0,0.0,No News,-0.011411640419352831
"2019-04-03 00:00:00.000000",TSLA,19.45400047302246,19.744667053222656,19.14466667175293,19.154666900634766,118791000,0.0,0.0,No News,0.020743017324461155
"2019-04-04 00:00:00.000000",TSLA,17.851999282836914,18.079999923706055,17.37266731262207,17.459333419799805,355810500,0.0,0.0,No News,-0.08234816239503528
"2019-04-05 00:00:00.000000",TSLA,18.33066749572754,18.406667709350586,17.74066734313965,17.99066734313965,195574500,0.0,0.0,No News,0.02681314318395822
"2019-04-08 00:00:00.000000",TSLA,18.213333129882812,18.743999481201172,18.029333114624023,18.512666702270508,156156000,0.0,0.0,No News,-0.0064009870820075365
"2019-04-09 00:00:00.000000",TSLA,18.15399932861328,18.333332061767578,17.974000930786133,18.110000610351562,88560000,0.0,0.0,No News,-0.003257712404775681
"2019-04-10 00:00:00.000000",TSLA,18.40399932861328,18.558666229248047,18.19266700744629,18.44933319091797,105919500,0.0,0.0,No News,0.013771070245990558
"2019-04-11 00:00:00.000000",TSLA,17.89466667175293,18.03333282470703,17.706666946411133,17.886667251586914,147538500,0.0,0.0,No News,-0.027675107337592375
"2019-04-12 00:00:00.000000",TSLA,17.84666633605957,18.1299991607666,17.788667678833008,18.014667510986328,101190000,0.0,0.0,No News,-0.00268238221889483
"2019-04-15 00:00:00.000000",TSLA,17.7586669921875,17.92533302307129,17.242000579833984,17.908666610717773,150579000,0.0,0.0,No News,-0.004930856117047799
"2019-04-16 00:00:00.000000",TSLA,18.224000930786133,18.333332061767578,17.648000717163086,17.71666717529297,109093500,0.0,0.0,No News,0.026203202008537207
"2019-04-17 00:00:00.000000",TSLA,18.082000732421875,18.319332122802734,17.902666091918945,18.316667556762695,76897500,0.0,0.0,No News,-0.007791933226055425
"2019-04-18 00:00:00.000000",TSLA,18.21733283996582,18.32266616821289,17.983333587646484,18.082000732421875,88144500,0.0,0.0,No News,0.007484354720840525
"2019-04-22 00:00:00.000000",TSLA,17.516666412353516,17.978666305541992,17.498666763305664,17.933332443237305,182206500,0.0,0.0,No News,-0.03846152638080802
"2019-04-23 00:00:00.000000",TSLA,17.593332290649414,17.706666946411133,17.049999237060547,17.343332290649414,164158500,0.0,0.0,No News,0.004376739071872082
"2019-04-24 00:00:00.000000",TSLA,17.243999481201172,17.687999725341797,17.200000762939453,17.59000015258789,160912500,0.0,0.0,No News,-0.019855977462206353
"2019-04-25 00:00:00.000000",TSLA,16.5086669921875,17.266666412353516,16.404666900634766,17.0,327741000,0.0,0.0,No News,-0.0426428039397303
"2019-04-26 00:00:00.000000",TSLA,15.675999641418457,16.44533348083496,15.408666610717773,16.433332443237305,335410500,0.0,0.0,No News,-0.05043819414148287
"2019-04-29 00:00:00.000000",TSLA,16.097999572753906,16.26533317565918,15.477999687194824,15.723999977111816,250717500,0.0,0.0,No News,0.026920128922461872
"2019-04-30 00:00:00.000000",TSLA,15.912667274475098,16.28066635131836,15.800000190734863,16.137332916259766,141969000,0.0,0.0,No News,-0.011512753335668258
"2019-05-01 00:00:00.000000",TSLA,15.600666999816895,16.0,15.433333396911621,15.923333168029785,160566000,0.0,0.0,No News,-0.019607038171323476
"2019-05-02 00:00:00.000000",TSLA,16.273332595825195,16.475332260131836,15.847999572753906,16.368000030517578,272389500,0.0,0.0,No News,0.043117745928183515
"2019-05-03 00:00:00.000000",TSLA,17.00200080871582,17.107332229614258,16.232667922973633,16.257333755493164,355602000,0.0,0.0,No News,0.044776827893111326
"2019-05-06 00:00:00.000000",TSLA,17.022666931152344,17.22333335876465,16.566667556762695,16.667999267578125,162508500,0.0,0.0,No News,0.0012155112018303882
"2019-05-07 00:00:00.000000",TSLA,16.470666885375977,17.1473331451416,16.34000015258789,17.1200008392334,151971000,0.0,0.0,No News,-0.03242735395158203
"2019-05-08 00:00:00.000000",TSLA,16.32266616821289,16.706666946411133,16.280000686645508,16.46266746520996,92646000,0.0,0.0,No News,-0.008985714919320764
"2019-05-09 00:00:00.000000",TSLA,16.131999969482422,16.245332717895508,15.795999526977539,16.133333206176758,100671000,0.0,0.0,No News,-0.011681069548660883
"2019-05-10 00:00:00.000000",TSLA,15.968000411987305,16.132667541503906,15.73466682434082,15.983332633972168,105124500,0.0,0.0,No News,-0.010166102021160528
"2019-05-13 00:00:00.000000",TSLA,15.133999824523926,15.498000144958496,14.966667175292969,15.46733283996582,162522000,0.0,0.0,No News,-0.052229494360313766
"2019-05-14 00:00:00.000000",TSLA,15.487333297729492,15.633333206176758,15.199999809265137,15.286666870117188,108786000,0.0,0.0,No News,0.02334699863237777
"2019-05-15 00:00:00.000000",TSLA,15.463333129882812,15.496000289916992,15.016667366027832,15.288000106811523,109440000,0.0,0.0,No News,-0.00154966432150061
"2019-05-16 00:00:00.000000",TSLA,15.222000122070312,15.399999618530273,15.100000381469727,15.299332618713379,112249500,0.0,0.0,No News,-0.01560679096708617
"2019-05-17 00:00:00.000000",TSLA,14.0686674118042,14.815999984741211,13.928000450134277,14.797332763671875,266800500,0.0,0.0,No News,-0.07576748791335908
"2019-05-20 00:00:00.000000",TSLA,13.690667152404785,13.733332633972168,13.016667366027832,13.520000457763672,307893000,0.0,0.0,No News,-0.02686823480397693
"2019-05-21 00:00:00.000000",TSLA,13.67199993133545,13.826666831970215,13.06933307647705,13.184000015258789,270058500,0.0,0.0,No News,-0.0013634997375607805
"2019-05-22 00:00:00.000000",TSLA,12.84866714477539,13.595999717712402,12.785332679748535,13.273332595825195,280278000,0.0,0.0,No News,-0.06022036210467108
"2019-05-23 00:00:00.000000",TSLA,13.03266716003418,13.29800033569336,12.414667129516602,12.956000328063965,398206500,0.0,0.0,No News,0.014320552722358215
"2019-05-24 00:00:00.000000",TSLA,12.708666801452637,13.331999778747559,12.583333015441895,13.321999549865723,212049000,0.0,0.0,No News,-0.02486063325357668
"2019-05-28 00:00:00.000000",TSLA,12.579999923706055,13.0,12.523332595825195,12.74666690826416,154693500,0.0,0.0,No News,-0.010124341109633561
"2019-05-29 00:00:00.000000",TSLA,12.657333374023438,12.826000213623047,12.336000442504883,12.473333358764648,179529000,0.0,0.0,No News,0.006147333130873456
"2019-05-30 00:00:00.000000",TSLA,12.54800033569336,12.817333221435547,12.468000411987305,12.583333015441895,118897500,0.0,0.0,No News,-0.008637920413351985
"2019-05-31 00:00:00.000000",TSLA,12.343999862670898,12.661333084106445,12.273332595825195,12.34000015258789,156100500,0.0,0.0,No News,-0.016257608189742534
"2019-06-03 00:00:00.000000",TSLA,11.9313325881958,12.445332527160645,11.799332618713379,12.36733341217041,195966000,0.0,0.0,No News,-0.03343059616543187
"2019-06-04 00:00:00.000000",TSLA,12.90666675567627,12.932000160217285,11.973999977111816,12.073332786560059,207112500,0.0,0.0,No News,0.08174561896341825
"2019-06-05 00:00:00.000000",TSLA,13.105999946594238,13.41866683959961,12.789999961853027,13.245332717895508,202662000,0.0,0.0,No News,0.01544420373527533
"2019-06-06 00:00:00.000000",TSLA,13.729999542236328,14.066666603088379,13.453332901000977,13.629332542419434,303633000,0.0,0.0,No News,0.0476117502048552
"2019-06-07 00:00:00.000000",TSLA,13.633333206176758,14.055999755859375,13.566666603088379,13.666666984558105,240052500,0.0,0.0,No News,-0.007040519976872828
"2019-06-10 00:00:00.000000",TSLA,14.192000389099121,14.462667465209961,13.934000015258789,14.016667366027832,158775000,0.0,0.0,No News,0.0409780333593881
"2019-06-11 00:00:00.000000",TSLA,14.473333358764648,14.726667404174805,14.233332633972168,14.609333038330078,174802500,0.0,0.0,No News,0.01982334850283829
"2019-06-12 00:00:00.000000",TSLA,13.950667381286621,14.892000198364258,13.933333396911621,14.863332748413086,227962500,0.0,0.0,No News,-0.03611234292213106
"2019-06-13 00:00:00.000000",TSLA,14.260666847229004,14.326666831970215,13.833999633789062,14.025333404541016,122524500,0.0,0.0,No News,0.022221120858935794
"2019-06-14 00:00:00.000000",TSLA,14.32800006866455,14.44333267211914,14.026666641235352,14.083333015441895,111501000,0.0,0.0,No News,0.004721603986466594
"2019-06-17 00:00:00.000000",TSLA,15.001999855041504,15.133333206176758,14.284667015075684,14.36533260345459,184752000,0.0,0.0,No News,0.04704074421740101
"2019-06-18 00:00:00.000000",TSLA,14.982666969299316,15.649333000183105,14.837332725524902,15.248000144958496,190737000,0.0,0.0,No News,-0.0012886872369679558
"2019-06-19 00:00:00.000000",TSLA,15.095333099365234,15.184666633605957,14.737333297729492,15.007332801818848,98626500,0.0,0.0,No News,0.007519764691878983
"2019-06-20 00:00:00.000000",TSLA,14.641332626342773,15.126667022705078,14.423333168029785,14.866666793823242,177952500,0.0,0.0,No News,-0.030075551830091918
"2019-06-21 00:00:00.000000",TSLA,14.790666580200195,14.812000274658203,14.366666793823242,14.414667129516602,123031500,0.0,0.0,No News,0.010199478262568729
"2019-06-24 00:00:00.000000",TSLA,14.909333229064941,15.057332992553711,14.73466682434082,14.88266658782959,86262000,0.0,0.0,No News,0.008023076459826362
"2019-06-25 00:00:00.000000",TSLA,14.650667190551758,15.022666931152344,14.63266658782959,14.959333419799805,92731500,0.0,0.0,No News,-0.01734926938308201
"2019-06-26 00:00:00.000000",TSLA,14.618000030517578,15.148667335510254,14.539999961853027,14.687333106994629,127608000,0.0,0.0,No News,-0.002229738728571129
"2019-06-27 00:00:00.000000",TSLA,14.855999946594238,14.859999656677246,14.489999771118164,14.630000114440918,95095500,0.0,0.0,No News,0.016281291255971775
"2019-06-28 00:00:00.000000",TSLA,14.897333145141602,15.011333465576172,14.720000267028809,14.732666969299316,102771000,0.0,0.0,No News,0.002782256239630465
"2019-07-01 00:00:00.000000",TSLA,15.14466667175293,15.539999961853027,15.085332870483398,15.347332954406738,123201000,4.0,-0.169625,negative,0.016602537125377292
"2019-07-02 00:00:00.000000",TSLA,14.970000267028809,15.276666641235352,14.814666748046875,15.259332656860352,138885000,12.0,0.2152666666666667,neutral,-0.011533195712382427
"2019-07-03 00:00:00.000000",TSLA,15.65999984741211,16.10466766357422,15.633999824523926,15.959333419799805,213016500,12.0,0.279825,positive,0.0460921555160565
"2019-07-05 00:00:00.000000",TSLA,15.539999961853027,15.696666717529297,15.386667251586914,15.637999534606934,105985500,3.0,0.0,neutral,-0.0076628280158580475
"2019-07-08 00:00:00.000000",TSLA,15.355999946594238,15.483332633972168,15.244000434875488,15.416000366210938,88207500,5.0,-0.19434,neutral,-0.011840412851381266
"2019-07-09 00:00:00.000000",TSLA,15.337332725524902,15.399999618530273,15.152000427246094,15.264666557312012,92862000,6.0,-0.0010499999999999954,neutral,-0.0012156304463569745
"2019-07-10 00:00:00.000000",TSLA,15.928000450134277,15.929332733154297,15.542667388916016,15.609999656677246,137185500,7.0,-0.10562857142857142,negative,0.038511763106394925
"2019-07-11 00:00:00.000000",TSLA,15.90666675567627,16.100000381469727,15.720000267028809,15.87600040435791,112716000,6.0,0.15148333333333333,neutral,-0.0013393830898483783
"2019-07-12 00:00:00.000000",TSLA,16.338666915893555,16.358667373657227,15.980667114257812,15.983332633972168,138007500,2.0,-0.47845,negative,0.027158434061185455
"2019-07-15 00:00:00.000000",TSLA,16.899999618530273,16.961332321166992,16.323999404907227,16.53333282470703,165001500,1.0,0.6892,positive,0.034356089485530594
"2019-07-16 00:00:00.000000",TSLA,16.825332641601562,16.902000427246094,16.528667449951172,16.6200008392334,122235000,4.0,0.66465,positive,-0.004418164415035952
"2019-07-17 00:00:00.000000",TSLA,16.99066734313965,17.220666885375977,16.889999389648438,17.044666290283203,146470500,2.0,0.0,neutral,0.009826533897421275
"2019-07-18 00:00:00.000000",TSLA,16.902666091918945,17.049999237060547,16.792667388916016,17.003332138061523,71379000,0.0,0.0,No News,-0.00517938756868408
"2019-07-19 00:00:00.000000",TSLA,17.211999893188477,17.33066749572754,16.974666595458984,17.04599952697754,105726000,0.0,0.0,No News,0.01830088813133579
"2019-07-22 00:00:00.000000",TSLA,17.045333862304688,17.476667404174805,16.945999145507812,17.25,102636000,5.0,-0.48012,negative,-0.009683129904604848
"2019-07-23 00:00:00.000000",TSLA,17.344667434692383,17.365333557128906,16.96666717529297,17.11400032043457,75346500,2.0,-0.474,negative,0.017561027246856264
"2019-07-24 00:00:00.000000",TSLA,17.658666610717773,17.738000869750977,17.21066665649414,17.277999877929688,166092000,19.0,-0.12387894736842105,neutral,0.018103499372800647
"2019-07-25 00:00:00.000000",TSLA,15.254667282104492,15.633333206176758,15.036666870117188,15.566666603088379,336274500,27.0,-0.21667407407407407,neutral,-0.13613708110635003
"2019-07-26 00:00:00.000000",TSLA,15.202667236328125,15.350666999816895,14.816666603088379,15.128000259399414,150415500,10.0,-0.012939999999999997,neutral,-0.003408795800965758
"2019-07-29 00:00:00.000000",TSLA,15.718000411987305,15.72933292388916,15.0686674118042,15.13933277130127,139099500,6.0,-0.0887,neutral,0.03389755018959728
"2019-07-30 00:00:00.000000",TSLA,16.150667190551758,16.224000930786133,15.478667259216309,15.526666641235352,121635000,7.0,0.11895714285714286,neutral,0.02752683338998274
"2019-07-31 00:00:00.000000",TSLA,16.107332229614258,16.44533348083496,15.776666641235352,16.200000762939453,137673000,1.0,-0.6851,negative,-0.002683168467668695
"2019-08-01 00:00:00.000000",TSLA,15.59000015258789,16.30066680908203,15.451333045959473,16.176666259765625,123892500,2.0,-0.3782,negative,-0.032117800120570084
"2019-08-02 00:00:00.000000",TSLA,15.62266731262207,15.751333236694336,15.281999588012695,15.423333168029785,92047500,1.0,0.0,neutral,0.002095391899579857
"2019-08-05 00:00:00.000000",TSLA,15.221332550048828,15.424667358398438,15.052000045776367,15.30666732788086,105424500,6.0,-0.10501666666666666,neutral,-0.025689260005491543
"2019-08-06 00:00:00.000000",TSLA,15.383333206176758,15.5,15.050000190734863,15.458666801452637,83463000,2.0,0.7074,positive,0.010643000906475075
"2019-08-07 00:00:00.000000",TSLA,15.561332702636719,15.571332931518555,15.053333282470703,15.100000381469727,71647500,4.0,0.34920000000000007,positive,0.011570931609834023
"2019-08-08 00:00:00.000000",TSLA,15.886667251586914,15.986666679382324,15.510000228881836,15.630000114440918,79114500,1.0,0.9482,positive,0.020906599400388748
"2019-08-09 00:00:00.000000",TSLA,15.667332649230957,15.93066692352295,15.587332725524902,15.736666679382324,58473000,1.0,0.0,neutral,-0.013806206102418894
"2019-08-12 00:00:00.000000",TSLA,15.267333030700684,15.718000411987305,15.25,15.53266716003418,69958500,2.0,-0.34165,negative,-0.025530805242072074
"2019-08-13 00:00:00.000000",TSLA,15.666666984558105,15.733332633972168,15.170000076293945,15.253999710083008,72721500,0.0,0.0,No News,0.02615610421639536
"2019-08-14 00:00:00.000000",TSLA,14.641332626342773,15.433333396911621,14.446000099182129,15.413999557495117,143439000,3.0,-0.17273333333333332,neutral,-0.06544687260065951
"2019-08-15 00:00:00.000000",TSLA,14.37600040435791,14.77066707611084,14.103333473205566,14.723999977111816,122394000,1.0,0.0,neutral,-0.018122136062087457
"2019-08-16 00:00:00.000000",TSLA,14.662667274475098,14.815999984741211,14.40133285522461,14.444000244140625,76477500,1.0,-0.9646,negative,0.01994065540164347
"2019-08-19 00:00:00.000000",TSLA,15.121999740600586,15.188667297363281,14.779999732971191,14.947333335876465,79644000,5.0,0.3432,positive,0.03132666502806747
"2019-08-20 00:00:00.000000",TSLA,15.057332992553711,15.272666931152344,14.969332695007324,15.174667358398438,61878000,8.0,0.2500875,positive,-0.00427633574634001
"2019-08-21 00:00:00.000000",TSLA,14.722000122070312,14.881333351135254,14.506667137145996,14.800666809082031,116914500,3.0,-0.5112,negative,-0.022270402776456533
"2019-08-22 00:00:00.000000",TSLA,14.8100004196167,15.026666641235352,14.54800033569336,14.853333473205566,98385000,8.0,0.06355000000000001,neutral,0.00597746887764683
"2019-08-23 00:00:00.000000",TSLA,14.09333324432373,14.744667053222656,14.066666603088379,14.664667129516602,128079000,6.0,0.07563333333333333,neutral,-0.048390759958635954
"2019-08-26 00:00:00.000000",TSLA,14.333333015441895,14.334667205810547,14.102666854858398,14.239999771118164,75778500,6.0,0.14731666666666668,neutral,0.017029312154725806
"2019-08-27 00:00:00.000000",TSLA,14.272000312805176,14.58666706085205,14.135333061218262,14.38266658782959,81243000,1.0,0.0,neutral,-0.004279025860254748
"2019-08-28 00:00:00.000000",TSLA,14.37266731262207,14.483332633972168,14.154000282287598,14.246000289916992,48382500,2.0,0.0,neutral,0.007053461155446694
"2019-08-29 00:00:00.000000",TSLA,14.780667304992676,14.893333435058594,14.533332824707031,14.600000381469727,77692500,2.0,0.8207500000000001,positive,0.028387214669075345
"2019-08-30 00:00:00.000000",TSLA,15.040666580200195,15.496000289916992,14.947333335876465,15.276666641235352,139809000,8.0,0.41625,neutral,0.01759049641281729
"2019-09-03 00:00:00.000000",TSLA,15.000666618347168,15.263333320617676,14.87733268737793,14.938667297363281,80311500,2.0,-0.43545,negative,-0.0026594540634046204
"2019-09-04 00:00:00.000000",TSLA,14.711999893188477,15.230667114257812,14.61400032043457,15.12600040435791,86415000,2.0,-0.4785,negative,-0.01924359313509616
"2019-09-05 00:00:00.000000",TSLA,15.305333137512207,15.319999694824219,14.723333358764648,14.833333015441895,110929500,4.0,0.46175,neutral,0.04032988367532808
"2019-09-06 00:00:00.000000",TSLA,15.16333293914795,15.309332847595215,15.011333465576172,15.146666526794434,62841000,1.0,-0.8273,negative,-0.009277824735237306
"2019-09-09 00:00:00.000000",TSLA,15.452667236328125,15.583999633789062,15.281999588012695,15.333333015441895,72040500,5.0,-0.09276,neutral,0.019081180789296548
"2019-09-10 00:00:00.000000",TSLA,15.702667236328125,15.702667236328125,15.262666702270508,15.386667251586914,73255500,6.0,0.08588333333333333,neutral,0.016178436782244843
"2019-09-11 00:00:00.000000",TSLA,16.47333335876465,16.544666290283203,15.733332633972168,15.825332641601562,150642000,4.0,0.040649999999999964,positive,0.04907867630625118
"2019-09-12 00:00:00.000000",TSLA,16.391332626342773,16.899999618530273,16.293333053588867,16.51333236694336,128718000,3.0,-0.1456,neutral,-0.004977786258313466
"2019-09-13 00:00:00.000000",TSLA,16.34666633605957,16.56333351135254,16.32466697692871,16.464000701904297,79696500,3.0,0.41206666666666675,positive,-0.0027249944407460314
"2019-09-16 00:00:00.000000",TSLA,16.187332153320312,16.495332717895508,16.077999114990234,16.399999618530273,70921500,3.0,0.5004,positive,-0.009747197346762881
"2019-09-17 00:00:00.000000",TSLA,16.319332122802734,16.373332977294922,16.024667739868164,16.1646671295166,57981000,1.0,0.0,neutral,0.008154522822672039
"2019-09-18 00:00:00.000000",TSLA,16.232667922973633,16.544666290283203,16.158000946044922,16.333332061767578,62553000,2.0,0.8971,positive,-0.005310523689140867
"2019-09-19 00:00:00.000000",TSLA,16.440000534057617,16.529333114624023,16.32266616821289,16.399999618530273,71937000,1.0,0.5164,positive,0.012772552981913154
"2019-09-20 00:00:00.000000",TSLA,16.041332244873047,16.463333129882812,15.87733268737793,16.432666778564453,95295000,3.0,-0.2803333333333333,neutral,-0.024249895148037104
"2019-09-23 00:00:00.000000",TSLA,16.082000732421875,16.345333099365234,15.947999954223633,16.0,65103000,5.0,0.0,neutral,0.002535231296753704
"2019-09-24 00:00:00.000000",TSLA,14.880666732788086,16.132667541503906,14.840666770935059,16.101333618164062,193372500,4.0,-0.690325,negative,-0.0747005313345035
"2019-09-25 00:00:00.000000",TSLA,15.24666690826416,15.26533317565918,14.557332992553711,14.970666885375977,141406500,1.0,0.7569,positive,0.02459568391983602
"2019-09-26 00:00:00.000000",TSLA,16.17066764831543,16.220666885375977,15.15999984741211,15.37733268737793,178267500,7.0,0.13314285714285715,neutral,0.060603458159791845
"2019-09-27 00:00:00.000000",TSLA,16.142000198364258,16.58066749572754,15.915332794189453,16.14666748046875,166746000,4.0,0.2377,neutral,-0.0017728055869207227
"2019-09-30 00:00:00.000000",TSLA,16.058000564575195,16.26533317565918,15.740667343139648,16.200000762939453,88197000,3.0,-0.24173333333333333,neutral,-0.005203793381044264
"2019-10-01 00:00:00.000000",TSLA,16.312667846679688,16.39666748046875,15.942000389099121,16.100000381469727,92439000,2.0,0.33345,neutral,0.015859214917846032
"2019-10-02 00:00:00.000000",TSLA,16.208667755126953,16.309999465942383,15.961999893188477,16.21933364868164,84471000,12.0,0.09889999999999999,neutral,-0.006375418940066435
"2019-10-03 00:00:00.000000",TSLA,15.535332679748535,15.631999969482422,14.95199966430664,15.457332611083984,226267500,21.0,-0.09242380952380953,neutral,-0.041541666813759925
"2019-10-04 00:00:00.000000",TSLA,15.428667068481445,15.652000427246094,15.204667091369629,15.440667152404785,119925000,10.0,-0.2231,neutral,-0.006866001099940178
"2019-10-07 00:00:00.000000",TSLA,15.847999572753906,15.904000282287598,15.236666679382324,15.319999694824219,120963000,7.0,0.0,neutral,0.027178790132110553
"2019-10-08 00:00:00.000000",TSLA,16.003332138061523,16.262666702270508,15.633333206176758,15.724666595458984,130173000,0.0,0.0,No News,0.009801398882838708
"2019-10-09 00:00:00.000000",TSLA,16.302000045776367,16.48666763305664,16.043333053588867,16.08799934387207,103416000,5.0,0.21105999999999997,neutral,0.018662857531057897
"2019-10-10 00:00:00.000000",TSLA,16.31599998474121,16.618667602539062,16.10533332824707,16.351999282836914,94249500,1.0,0.9409,positive,0.0008587865860343
"2019-10-11 00:00:00.000000",TSLA,16.525999069213867,16.738666534423828,16.45400047302246,16.476667404174805,127131000,1.0,0.0,neutral,0.012870745566869735
"2019-10-14 00:00:00.000000",TSLA,17.130666732788086,17.23666763305664,16.475332260131836,16.52666664123535,153075000,5.0,0.25604,neutral,0.036588871936986234
"2019-10-15 00:00:00.000000",TSLA,17.19266700744629,17.333332061767578,16.941333770751953,17.18000030517578,96492000,2.0,0.3669,neutral,0.0036192563678525413
"2019-10-16 00:00:00.000000",TSLA,17.316667556762695,17.47333335876465,17.128000259399414,17.159332275390625,100261500,2.0,-0.2994,negative,0.007212409177860479
"2019-10-17 00:00:00.000000",TSLA,17.46466636657715,17.652000427246094,17.344667434692383,17.5,71539500,3.0,0.0,neutral,0.008546610329575488
"2019-10-18 00:00:00.000000",TSLA,17.1299991607666,17.520000457763672,17.00666618347168,17.3799991607666,86247000,5.0,0.14836,neutral,-0.019162530722660276
"2019-10-21 00:00:00.000000",TSLA,16.899999618530273,17.299999237060547,16.678667068481445,17.222000122070312,75304500,5.0,0.13372,neutral,-0.01342671065408474
"2019-10-22 00:00:00.000000",TSLA,17.038667678833008,17.222000122070312,16.72333335876465,16.954666137695312,69012000,7.0,-0.23279999999999998,negative,0.00820521085401027
"2019-10-23 00:00:00.000000",TSLA,16.978666305541992,17.076000213623047,16.75666618347168,16.96666717529297,78916500,25.0,0.116288,neutral,-0.0035214826899614415
"2019-10-24 00:00:00.000000",TSLA,19.978666305541992,20.32866668701172,19.280000686645508,19.891332626342773,445813500,27.0,0.20305555555555554,positive,0.1766923235319593
"2019-10-25 00:00:00.000000",TSLA,21.875333786010742,22.0,19.74066734313965,19.847999572753906,450091500,8.0,0.22912500000000002,neutral,0.09493463935290936
"2019-10-28 00:00:00.000000",TSLA,21.847333908081055,22.722667694091797,21.50666618347168,21.836000442504883,283054500,6.0,-0.3207333333333333,neutral,-0.0012799748887760698
"2019-10-29 00:00:00.000000",TSLA,21.08133316040039,21.6200008392334,20.983333587646484,21.332666397094727,190264500,8.0,-0.179175,negative,-0.03506152059118439
"2019-10-30 00:00:00.000000",TSLA,21.000667572021484,21.252666473388672,20.6646671295166,20.866666793823242,144627000,3.0,-0.5713,negative,-0.0038263988223681267
"2019-10-31 00:00:00.000000",TSLA,20.994667053222656,21.266666412353516,20.866666793823242,20.873332977294922,76005000,1.0,0.7652,positive,-0.0002857299073112
"2019-11-01 00:00:00.000000",TSLA,20.887332916259766,21.09866714477539,20.65333366394043,21.08799934387207,95758500,6.0,0.0,neutral,-0.005112447684490151
"2019-11-04 00:00:00.000000",TSLA,21.1646671295166,21.46266746520996,20.617332458496094,20.98666763305664,131805000,1.0,-0.7275,negative,0.013277626893232641
"2019-11-05 00:00:00.000000",TSLA,21.148000717163086,21.567333221435547,21.07466697692871,21.308000564575195,104151000,7.0,0.11895714285714286,neutral,-0.0007874639488316
"2019-11-06 00:00:00.000000",TSLA,21.77199935913086,21.781333923339844,20.96666717529297,21.200000762939453,119113500,11.0,0.5433363636363636,positive,0.029506271080336877
"2019-11-07 00:00:00.000000",TSLA,22.369333267211914,22.766666412353516,21.868000030517578,21.94266700744629,217009500,2.0,0.47835,neutral,0.027435877533706687
"2019-11-08 00:00:00.000000",TSLA,22.47599983215332,22.497333526611328,22.166667938232422,22.299999237060547,91038000,4.0,-0.135,neutral,0.004768428440276917
"2019-11-11 00:00:00.000000",TSLA,23.006000518798828,23.279333114624023,22.799999237060547,22.93000030517578,149800500,11.0,0.14203636363636363,neutral,0.02358073903734903
"2019-11-12 00:00:00.000000",TSLA,23.32866668701172,23.357999801635742,22.93600082397461,23.126667022705078,110391000,7.0,-0.11381428571428573,neutral,0.014025304743831235
"2019-11-13 00:00:00.000000",TSLA,23.073999404907227,23.755332946777344,23.011999130249023,23.666667938232422,126301500,8.0,0.19715,neutral,-0.010916495379750035
"2019-11-14 00:00:00.000000",TSLA,23.290000915527344,23.589332580566406,22.860666275024414,23.073999404907227,96973500,1.0,0.0,neutral,0.009361251460125342
"2019-11-15 00:00:00.000000",TSLA,23.47800064086914,23.520000457763672,23.224000930786133,23.375999450683594,72135000,1.0,0.0,neutral,0.008072121852793046
"2019-11-18 00:00:00.000000",TSLA,23.332666397094727,23.543333053588867,23.073333740234375,23.527999877929688,66006000,6.0,0.2195666666666667,neutral,-0.006190230846208622
"2019-11-19 00:00:00.000000",TSLA,23.968000411987305,23.999332427978516,23.18666648864746,23.450000762939453,115872000,8.0,0.1187125,neutral,0.02722937893509192
"2019-11-20 00:00:00.000000",TSLA,23.481332778930664,24.079999923706055,23.30466651916504,24.0,100876500,12.0,0.18389166666666668,neutral,-0.020304890883314552
"2019-11-21 00:00:00.000000",TSLA,23.655332565307617,24.055999755859375,23.600000381469727,23.634000778198242,91650000,3.0,0.7434333333333333,positive,0.00741013246629163
"2019-11-22 00:00:00.000000",TSLA,22.202667236328125,22.733333587646484,22.0,22.67733383178711,253059000,16.0,-0.11431875,neutral,-0.06140963459164972
"2019-11-25 00:00:00.000000",TSLA,22.422666549682617,22.971332550048828,22.297332763671875,22.954666137695312,185092500,16.0,0.274775,neutral,0.009908688492819007
"2019-11-26 00:00:00.000000",TSLA,21.92799949645996,22.366666793823242,21.80666732788086,22.351333618164062,119211000,6.0,-0.24696666666666667,negative,-0.022061027047189374
"2019-11-27 00:00:00.000000",TSLA,22.086000442504883,22.261999130249023,21.904666900634766,22.07466697692871,83334000,1.0,0.0,neutral,0.0072054427979364455
"2019-11-29 00:00:00.000000",TSLA,21.996000289916992,22.083999633789062,21.833332061767578,22.073999404907227,36984000,1.0,0.0,neutral,-0.0040749864522633406
"2019-12-02 00:00:00.000000",TSLA,22.32466697692871,22.42533302307129,21.91266632080078,21.959999084472656,91117500,1.0,0.7049,positive,0.014942111414791182
"2019-12-03 00:00:00.000000",TSLA,22.413333892822266,22.527332305908203,22.145999908447266,22.174667358398438,98605500,8.0,0.2285625,neutral,0.003971701615311352
"2019-12-04 00:00:00.000000",TSLA,22.20199966430664,22.52400016784668,22.190000534057617,22.516666412353516,82995000,8.0,0.3338125,neutral,-0.009428951066637326
"2019-12-05 00:00:00.000000",TSLA,22.024667739868164,22.294666290283203,21.816667556762695,22.18866729736328,55869000,5.0,0.5115000000000001,positive,-0.007987205077007897
"2019-12-06 00:00:00.000000",TSLA,22.392667770385742,22.590667724609375,22.31800079345703,22.333332061767578,114186000,11.0,0.20477272727272727,neutral,0.016708539482365836
"2019-12-09 00:00:00.000000",TSLA,22.635332107543945,22.963333129882812,22.338666915893555,22.439332962036133,135346500,6.0,0.2924333333333333,neutral,0.010836776557687555
"2019-12-10 00:00:00.000000",TSLA,23.256000518798828,23.381999969482422,22.62066650390625,22.663999557495117,132424500,8.0,0.4493625,neutral,0.027420335973247223
"2019-12-11 00:00:00.000000",TSLA,23.51333236694336,23.812667846679688,23.4060001373291,23.458667755126953,103467000,7.0,0.10629999999999999,neutral,0.011065180701923305
"2019-12-12 00:00:00.000000",TSLA,23.978666305541992,24.182666778564453,23.548667907714844,23.661333084106445,116458500,6.0,-0.012499999999999992,neutral,0.019790216517877823
"2019-12-13 00:00:00.000000",TSLA,23.892667770385742,24.347333908081055,23.642667770385742,24.06999969482422,98563500,2.0,-0.16585,negative,-0.0035864603168681564
"2019-12-16 00:00:00.000000",TSLA,25.433332443237305,25.573999404907227,24.166667938232422,24.170000076293945,272613000,5.0,0.11340000000000001,negative,0.06448273954410277
"2019-12-17 00:00:00.000000",TSLA,25.266000747680664,25.700000762939453,25.059999465942383,25.266000747680664,127452000,6.0,-0.16226666666666667,neutral,-0.006579228102730705
"2019-12-18 00:00:00.000000",TSLA,26.209999084472656,26.347999572753906,25.371999740600586,25.375333786010742,211815000,8.0,0.42915,positive,0.03736239645598238
"2019-12-19 00:00:00.000000",TSLA,26.93600082397461,27.123332977294922,26.433332443237305,26.488000869750977,271606500,8.0,0.4464125,positive,0.02769941872802484
"2019-12-20 00:00:00.000000",TSLA,27.03933334350586,27.53333282470703,26.679332733154297,27.3526668548584,221290500,6.0,-0.11109999999999999,neutral,0.003836223506470837
"2019-12-23 00:00:00.000000",TSLA,27.947999954223633,28.134000778198242,27.333332061767578,27.45199966430664,199794000,16.0,0.0980125,neutral,0.0336053629419828
"2019-12-24 00:00:00.000000",TSLA,28.350000381469727,28.364667892456055,27.512666702270508,27.890666961669922,120820500,5.0,0.32186,neutral,0.014383871042812801
"2019-12-26 00:00:00.000000",TSLA,28.729333877563477,28.898666381835938,28.42333221435547,28.527332305908203,159508500,10.0,0.16569,neutral,0.013380370052541224
"2019-12-27 00:00:00.000000",TSLA,28.691999435424805,29.020666122436523,28.407333374023438,29.0,149185500,13.0,-0.1019846153846154,neutral,-0.0012995234173469594
"2019-12-30 00:00:00.000000",TSLA,27.64666748046875,28.600000381469727,27.284000396728516,28.586000442504883,188796000,17.0,0.2797705882352941,positive,-0.03643287242176041
"2019-12-31 00:00:00.000000",TSLA,27.8886661529541,28.086000442504883,26.80533218383789,27.0,154285500,3.0,-0.42976666666666663,negative,0.008753267375039453
"2020-01-02 00:00:00.000000",TSLA,28.68400001525879,28.713333129882812,28.11400032043457,28.299999237060547,142981500,14.0,0.4531928571428572,positive,0.0285181750157113
"2020-01-03 00:00:00.000000",TSLA,29.534000396728516,30.266666412353516,29.128000259399414,29.366666793823242,266677500,13.0,0.3726769230769231,neutral,0.02963325829792085
"2020-01-06 00:00:00.000000",TSLA,30.1026668548584,30.104000091552734,29.333332061767578,29.364667892456055,151995000,9.0,0.2912111111111111,neutral,0.01925463704513497
"2020-01-07 00:00:00.000000",TSLA,31.270666122436523,31.441999435424805,30.224000930786133,30.760000228881836,268231500,4.0,0.139625,neutral,0.03880052465815398
"2020-01-08 00:00:00.000000",TSLA,32.80933380126953,33.232666015625,31.215333938598633,31.579999923706055,467164500,7.0,0.27331428571428573,neutral,0.04920482578812169
"2020-01-09 00:00:00.000000",TSLA,32.089332580566406,33.253334045410156,31.524667739868164,33.13999938964844,426606000,15.0,-0.09073333333333333,negative,-0.021945011900097344
"2020-01-10 00:00:00.000000",TSLA,31.876667022705078,32.3293342590332,31.579999923706055,32.11933135986328,194392500,6.0,0.14503333333333332,neutral,-0.006627297633174267
"2020-01-13 00:00:00.000000",TSLA,34.990665435791016,35.04199981689453,32.79999923706055,32.900001525878906,397764000,11.0,0.23856363636363637,neutral,0.09768895885093332
"2020-01-14 00:00:00.000000",TSLA,35.861331939697266,36.49399948120117,34.99333190917969,36.284000396728516,434943000,9.0,0.3187,neutral,0.024882822120200876
"2020-01-15 00:00:00.000000",TSLA,34.56666564941406,35.85599899291992,34.452667236328125,35.31733322143555,260532000,7.0,-0.13858571428571428,neutral,-0.03610201351305786
"2020-01-16 00:00:00.000000",TSLA,34.232666015625,34.297332763671875,32.81133270263672,32.91666793823242,326050500,17.0,0.09597058823529411,positive,-0.009662477636014799
"2020-01-17 00:00:00.000000",TSLA,34.03333282470703,34.37799835205078,33.54399871826172,33.840667724609375,204436500,7.0,-0.5009857142857143,negative,-0.005822894156913949
"2020-01-21 00:00:00.000000",TSLA,36.47999954223633,36.571998596191406,35.227333068847656,35.349998474121094,267052500,14.0,-0.04828571428571428,neutral,0.07189030619278935
"2020-01-22 00:00:00.000000",TSLA,37.97066879272461,39.633331298828125,37.27333450317383,38.125999450683594,470535000,15.0,0.12396666666666668,neutral,0.04086264444061727
"2020-01-23 00:00:00.000000",TSLA,38.14666748046875,38.79999923706055,37.040000915527344,37.616668701171875,294765000,16.0,0.15131875,neutral,0.004635122144013071
"2020-01-24 00:00:00.000000",TSLA,37.654666900634766,38.25733184814453,36.95066833496094,38.04199981689453,215304000,7.0,0.31579999999999997,neutral,-0.012897603180825445
"2020-01-27 00:00:00.000000",TSLA,37.201332092285156,37.62933349609375,35.95199966430664,36.132667541503906,204121500,11.0,-0.24643636363636362,neutral,-0.012039272835579595
"2020-01-28 00:00:00.000000",TSLA,37.793331146240234,38.45399856567383,37.2053337097168,37.89933395385742,176827500,3.0,0.5374666666666666,positive,0.015913383222044608
"2020-01-29 00:00:00.000000",TSLA,38.732666015625,39.31999969482422,37.82866668701172,38.37933349609375,267022500,39.0,0.26710769230769227,neutral,0.024854513769903885
"2020-01-30 00:00:00.000000",TSLA,42.72066879272461,43.391998291015625,41.20000076293945,42.16133117675781,435085500,32.0,0.269221875,neutral,0.10296225866535558
"2020-01-31 00:00:00.000000",TSLA,43.371334075927734,43.53333282470703,42.167999267578125,42.66666793823242,235789500,3.0,-0.2730666666666667,neutral,0.015230690473505337
"2020-02-03 00:00:00.000000",TSLA,52.0,52.409332275390625,44.90133285522461,44.91266632080078,705975000,22.0,0.33677727272727276,neutral,0.19894859376394902
"2020-02-04 00:00:00.000000",TSLA,59.137332916259766,64.59933471679688,55.59199905395508,58.86399841308594,914082000,33.0,-0.02628484848484849,neutral,0.13725640223576474
"2020-02-05 00:00:00.000000",TSLA,48.97999954223633,56.39866638183594,46.94066619873047,54.88399887084961,726357000,22.0,-0.22336363636363635,neutral,-0.1717583947927872
"2020-02-06 00:00:00.000000",TSLA,49.930667877197266,53.05533218383789,45.79999923706055,46.66133117675781,598212000,9.0,0.1003,neutral,0.01940931694254422
"2020-02-07 00:00:00.000000",TSLA,49.871334075927734,51.31666564941406,48.66666793823242,48.70333480834961,255952500,7.0,-0.03224285714285714,neutral,-0.001188323805631053
"2020-02-10 00:00:00.000000",TSLA,51.41866683959961,54.66600036621094,50.15999984741211,53.33333206176758,370338000,16.0,0.12620625,neutral,0.031026496329857656
"2020-02-11 00:00:00.000000",TSLA,51.62533187866211,52.23400115966797,50.53333282470703,51.25266647338867,175462500,5.0,-0.06568,neutral,0.004019260937028868
"2020-02-12 00:00:00.000000",TSLA,51.15266799926758,52.650001525878906,50.891334533691406,51.858001708984375,180337500,11.0,-0.3437909090909091,neutral,-0.009155657933695438
"2020-02-13 00:00:00.000000",TSLA,53.599998474121094,54.53333282470703,49.0,49.45600128173828,394339500,26.0,0.13567692307692306,neutral,0.047843652551780025
"2020-02-14 00:00:00.000000",TSLA,53.33533477783203,54.198001861572266,52.366668701171875,52.4813346862793,235405500,13.0,-0.20503846153846156,neutral,-0.004937755668348531
"2020-02-18 00:00:00.000000",TSLA,57.22666549682617,57.33333206176758,55.490665435791016,56.106666564941406,245725500,19.0,0.2156578947368421,positive,0.0729597130158357
"2020-02-19 00:00:00.000000",TSLA,61.16133117675781,62.98533248901367,60.06800079345703,61.56666564941406,381345000,15.0,0.19746,neutral,0.06875580895325561
"2020-02-20 00:00:00.000000",TSLA,59.96066665649414,60.79999923706055,57.3293342590332,60.79666519165039,264523500,13.0,-0.3596076923076923,neutral,-0.019631105097986157
"2020-02-21 00:00:00.000000",TSLA,60.06666564941406,60.87066650390625,58.6966667175293,60.46533203125,214722000,9.0,0.1692,positive,0.0017678087791648256
"2020-02-24 00:00:00.000000",TSLA,55.58599853515625,57.56666564941406,54.813331604003906,55.93333435058594,227883000,12.0,-0.32685,neutral,-0.07459490327646512
"2020-02-25 00:00:00.000000",TSLA,53.32733154296875,57.106666564941406,52.46666717529297,56.599998474121094,259357500,14.0,-0.1618,negative,-0.040633739641448896
"2020-02-26 00:00:00.000000",TSLA,51.91999816894531,54.22066879272461,51.740665435791016,52.16666793823242,211282500,12.0,-0.2899083333333333,neutral,-0.026390470576789893
"2020-02-27 00:00:00.000000",TSLA,45.266666412353516,49.31800079345703,44.599998474121094,48.66666793823242,364158000,10.0,-0.2428,negative,-0.1281458395846271
"2020-02-28 00:00:00.000000",TSLA,44.53266525268555,46.03466796875,40.768001556396484,41.97999954223633,363343500,10.0,-0.39305,negative,-0.016215047800994142
"2020-03-02 00:00:00.000000",TSLA,49.574668884277344,49.5793342590332,45.77799987792969,47.41733169555664,302925000,10.0,0.10419,neutral,0.11322034293215233
"2020-03-03 00:00:00.000000",TSLA,49.70066833496094,53.798667907714844,47.740665435791016,53.66666793823242,386760000,8.0,-0.01452500000000001,negative,0.0025416095259802596
"2020-03-04 00:00:00.000000",TSLA,49.96666717529297,51.10133361816406,48.31533432006836,50.930667877197266,225735000,8.0,-0.296725,neutral,0.0053520173720666975
"2020-03-05 00:00:00.000000",TSLA,48.30266571044922,49.71666717529297,47.871334075927734,48.2513313293457,162790500,6.0,-0.40748333333333336,negative,-0.033302230445070524
"2020-03-06 00:00:00.000000",TSLA,46.89866638183594,47.133331298828125,45.61800003051758,46.0,189943500,11.0,-0.21899999999999997,neutral,-0.029066704869448956
"2020-03-09 00:00:00.000000",TSLA,40.53333282470703,44.20000076293945,40.33333206176758,40.35933303833008,256105500,13.0,-0.1712,neutral,-0.13572525720249962
"2020-03-10 00:00:00.000000",TSLA,43.02199935913086,44.53333282470703,40.53333282470703,43.96200180053711,233916000,14.0,0.029064285714285716,neutral,0.061398023823663106
"2020-03-11 00:00:00.000000",TSLA,42.28200149536133,43.571998596191406,40.866668701171875,42.68000030517578,199837500,5.0,-0.17731999999999998,negative,-0.017200452670558586
"2020-03-12 00:00:00.000000",TSLA,37.369998931884766,39.633331298828125,36.41666793823242,38.72600173950195,283636500,6.0,-0.71365,negative,-0.11617242301113506
"2020-03-13 00:00:00.000000",TSLA,36.44133377075195,40.50466537475586,33.46666717529297,39.66666793823242,339604500,3.0,-0.9367000000000001,negative,-0.0248505535904755
"2020-03-16 00:00:00.000000",TSLA,29.67133331298828,32.9913330078125,29.47800064086914,31.299999237060547,307342500,7.0,-0.27775714285714287,negative,-0.18577806455584012
"2020-03-17 00:00:00.000000",TSLA,28.68000030517578,31.456666946411133,26.399999618530273,29.333999633789062,359919000,4.0,-0.29710000000000003,negative,-0.03341046380880208
"2020-03-18 00:00:00.000000",TSLA,24.08133316040039,26.99066734313965,23.367332458496094,25.933332443237305,356793000,20.0,-0.15514999999999998,negative,-0.1603440409986845
"2020-03-19 00:00:00.000000",TSLA,28.50933265686035,30.133333206176758,23.8973331451416,24.979999542236328,452932500,14.0,0.014142857142857155,neutral,0.1838768421567878
"2020-03-20 00:00:00.000000",TSLA,28.50200080871582,31.799999237060547,28.38599967956543,29.213333129882812,424282500,7.0,0.09461428571428572,positive,-0.0002571736151378
"2020-03-23 00:00:00.000000",TSLA,28.952667236328125,29.46666717529297,27.366666793823242,28.906667709350586,246817500,8.0,0.17395,positive,0.015811747064244486
"2020-03-24 00:00:00.000000",TSLA,33.66666793823242,34.24599838256836,31.600000381469727,31.81999969482422,343428000,14.0,-0.029542857142857155,negative,0.16281749323562988
"2020-03-25 00:00:00.000000",TSLA,35.95000076293945,37.133331298828125,34.07400131225586,36.349998474121094,318340500,6.0,-0.014833333333333329,neutral,0.06782176450892674
"2020-03-26 00:00:00.000000",TSLA,35.21066665649414,37.33333206176758,34.150001525878906,36.49266815185547,260710500,4.0,-0.22135,negative,-0.020565621439638027
"2020-03-27 00:00:00.000000",TSLA,34.29066848754883,35.0533332824707,32.935333251953125,33.66666793823242,215661000,12.0,-0.06050833333333334,neutral,-0.026128393930185068
"2020-03-30 00:00:00.000000",TSLA,33.47533416748047,34.44333267211914,32.7486686706543,34.017333984375,179971500,5.0,-0.57122,negative,-0.02377714859552571
"2020-03-31 00:00:00.000000",TSLA,34.93333435058594,36.19733428955078,33.133331298828125,33.41666793823242,266572500,12.0,0.071075,neutral,0.04355446239344318
"2020-04-01 00:00:00.000000",TSLA,32.104000091552734,34.26333236694336,31.67333221435547,33.599998474121094,200298000,4.0,-0.110075,neutral,-0.08099239055277141
"2020-04-02 00:00:00.000000",TSLA,30.29800033569336,32.95066833496094,29.760000228881836,32.068668365478516,297876000,14.0,0.10777857142857143,positive,-0.05625466454987249
"2020-04-03 00:00:00.000000",TSLA,32.000667572021484,34.36600112915039,31.22599983215332,33.96666717529297,338431500,10.0,0.10955999999999999,neutral,0.05619734693587186
"2020-04-06 00:00:00.000000",TSLA,34.41600036621094,34.733333587646484,33.19733428955078,34.08000183105469,223527000,16.0,0.18481875,neutral,0.0754775752334993
"2020-04-07 00:00:00.000000",TSLA,36.36333465576172,37.66666793823242,35.48933410644531,36.33333206176758,268797000,9.0,0.17462222222222223,neutral,0.05658223700690801
"2020-04-08 00:00:00.000000",TSLA,36.589332580566406,37.14733123779297,35.55533218383789,36.9466667175293,189840000,8.0,-0.35660000000000003,negative,0.006214994497730331
"2020-04-09 00:00:00.000000",TSLA,38.20000076293945,38.345333099365234,37.14066696166992,37.4726676940918,204750000,5.0,-0.1762,negative,0.04402015748241661
"2020-04-13 00:00:00.000000",TSLA,43.39666748046875,43.46666717529297,38.70199966430664,39.34400177001953,337131000,6.0,0.15106666666666668,neutral,0.13603839302984921
"2020-04-14 00:00:00.000000",TSLA,47.32600021362305,49.45866775512695,46.1619987487793,46.597999572753906,458647500,13.0,0.21453076923076922,neutral,0.09054457315006381
"2020-04-15 00:00:00.000000",TSLA,48.65533447265625,50.20866775512695,47.33333206176758,49.46666717529297,353655000,17.0,0.07929411764705883,neutral,0.028088878270565276
"2020-04-16 00:00:00.000000",TSLA,49.680667877197266,50.630001068115234,47.11466598510742,47.79600143432617,309868500,6.0,0.03081666666666666,neutral,0.021073401625000487
"2020-04-17 00:00:00.000000",TSLA,50.259334564208984,51.663333892822266,49.84400177001953,51.48533248901367,196923000,4.0,0.3961,positive,0.011647723586206471
"2020-04-20 00:00:00.000000",TSLA,49.75733184814453,51.03799819946289,47.48066711425781,48.8466682434082,221199000,2.0,0.0,neutral,-0.009988248360573104
"2020-04-21 00:00:00.000000",TSLA,45.781333923339844,50.22200012207031,44.919334411621094,48.67466735839844,303136500,3.0,-0.9671,negative,-0.07990777996173748
"2020-04-22 00:00:00.000000",TSLA,48.807334899902344,48.93333435058594,45.91400146484375,46.93199920654297,212482500,5.0,-0.042359999999999974,negative,0.06609682849410836
"2020-04-23 00:00:00.000000",TSLA,47.04199981689453,48.93333435058594,46.87533187866211,48.50666809082031,198550500,2.0,0.0,neutral,-0.03616946277907396
"2020-04-24 00:00:00.000000",TSLA,48.34333419799805,48.71533203125,46.54533386230469,47.387332916259766,198180000,4.0,0.026400000000000007,neutral,0.02766324531628772
"2020-04-27 00:00:00.000000",TSLA,53.25,53.29933166503906,49.0,49.17399978637695,310221000,7.0,-0.5209857142857143,negative,0.10149622245552825
"2020-04-28 00:00:00.000000",TSLA,51.27466583251953,53.66666793823242,50.44599914550781,53.042667388916016,228330000,7.0,0.28765714285714283,neutral,-0.037095477323576875
"2020-04-29 00:00:00.000000",TSLA,53.367332458496094,53.54666519165039,52.21066665649414,52.678001403808594,243240000,34.0,0.2973588235294118,positive,0.040812876924676944
"2020-04-30 00:00:00.000000",TSLA,52.12533187866211,57.987998962402344,50.900001525878906,57.01266860961914,427078500,25.0,0.265028,neutral,-0.023272674923369818
"2020-05-01 00:00:00.000000",TSLA,46.75466537475586,51.518001556396484,45.5359992980957,50.33333206176758,487977000,9.0,-0.7038,negative,-0.1030337133662409
"2020-05-04 00:00:00.000000",TSLA,50.74599838256836,50.79999923706055,46.53333282470703,46.733333587646484,288556500,11.0,0.3634363636363636,neutral,0.08536758793631605
"2020-05-05 00:00:00.000000",TSLA,51.2140007019043,53.26133346557617,50.8120002746582,52.65266799926758,254875500,4.0,0.4387,neutral,0.009222447764407393
"2020-05-06 00:00:00.000000",TSLA,52.172000885009766,52.6533317565918,50.740665435791016,51.766666412353516,166848000,2.0,0.0,neutral,0.018705825945557253
"2020-05-07 00:00:00.000000",TSLA,52.00266647338867,53.09333419799805,51.4900016784668,51.81399917602539,172915500,8.0,-0.24020000000000002,neutral,-0.003245695176505081
"2020-05-08 00:00:00.000000",TSLA,54.62799835205078,54.93333435058594,52.46733474731445,52.917999267578125,241297500,12.0,-0.04986666666666666,neutral,0.05048456274844226
"2020-05-11 00:00:00.000000",TSLA,54.08599853515625,54.93333435058594,52.33333206176758,52.70066833496094,247794000,23.0,-0.16157826086956523,negative,-0.0099216488475673
"2020-05-12 00:00:00.000000",TSLA,53.96066665649414,56.21933364868164,53.866668701171875,55.133331298828125,238603500,9.0,0.17208888888888887,neutral,-0.002317270311292141
"2020-05-13 00:00:00.000000",TSLA,52.73066711425781,55.06666564941406,50.88666534423828,54.72200012207031,285982500,6.0,-0.0551,neutral,-0.02279437261341355
"2020-05-14 00:00:00.000000",TSLA,53.55533218383789,53.557334899902344,50.93333435058594,52.0,205233000,9.0,-0.041266666666666674,negative,0.01563919280204029
"2020-05-15 00:00:00.000000",TSLA,53.27799987792969,53.66999816894531,52.436668395996094,52.689998626708984,157776000,4.0,-0.068275,neutral,-0.005178425650618879
"2020-05-18 00:00:00.000000",TSLA,54.242000579833984,55.64799880981445,53.59199905395508,55.185333251953125,174987000,14.0,0.2005142857142857,neutral,0.018093785504579962
"2020-05-19 00:00:00.000000",TSLA,53.867332458496094,54.80466842651367,53.73866653442383,54.34466552734375,144547500,11.0,-0.2449,neutral,-0.006907343337870575
"2020-05-20 00:00:00.000000",TSLA,54.37066650390625,55.06666564941406,54.119998931884766,54.70000076293945,109639500,8.0,-0.0413375,neutral,0.00934395713390801
"2020-05-21 00:00:00.000000",TSLA,55.17333221435547,55.5,53.06666564941406,54.400001525878906,183819000,11.0,0.17779999999999999,neutral,0.01476284478490908
"2020-05-22 00:00:00.000000",TSLA,54.45866775512695,55.45199966430664,54.133331298828125,54.81133270263672,149812500,1.0,-0.7686,negative,-0.012953077701596039
"2020-05-26 00:00:00.000000",TSLA,54.591331481933594,55.63999938964844,54.38066864013672,55.633331298828125,121345500,3.0,-0.4910333333333334,negative,0.0024360442933191173
"2020-05-27 00:00:00.000000",TSLA,54.68199920654297,55.180667877197266,52.33333206176758,54.7239990234375,173242500,8.0,-0.05836250000000001,neutral,0.0016608447192643094
"2020-05-28 00:00:00.000000",TSLA,53.72066879272461,54.983333587646484,53.44599914550781,54.23400115966797,108834000,7.0,0.33225714285714286,neutral,-0.017580381620416863
"2020-05-29 00:00:00.000000",TSLA,55.66666793823242,55.66666793823242,53.61399841308594,53.91666793823242,176467500,4.0,0.06862499999999999,neutral,0.03622440280883765
"2020-06-01 00:00:00.000000",TSLA,59.87333297729492,59.93333435058594,56.939998626708984,57.20000076293945,224092500,15.0,0.3645933333333333,neutral,0.07556883131087
"2020-06-02 00:00:00.000000",TSLA,58.770668029785156,60.57733154296875,58.06666564941406,59.64666748046875,203484000,7.0,0.02902857142857142,neutral,-0.018416628784101885
"2020-06-03 00:00:00.000000",TSLA,58.86399841308594,59.862667083740234,58.67333221435547,59.20800018310547,119242500,0.0,0.0,No News,0.0015880436011630472
"2020-06-04 00:00:00.000000",TSLA,57.62533187866211,59.71666717529297,57.229331970214844,59.32533264160156,133315500,0.0,0.0,No News,-0.021042854169221026
"2020-06-05 00:00:00.000000",TSLA,59.04399871826172,59.10133361816406,57.746665954589844,58.522666931152344,117178500,0.0,0.0,No News,0.024618805538279664
"2020-06-08 00:00:00.000000",TSLA,63.327999114990234,63.33333206176758,60.61066818237305,61.266666412353516,212620500,0.0,0.0,No News,0.0725560681818036
"2020-06-09 00:00:00.000000",TSLA,62.711334228515625,63.62933349609375,61.595333099365234,62.66733169555664,170823000,0.0,0.0,No News,-0.009737634144336038
"2020-06-10 00:00:00.000000",TSLA,68.336669921875,68.49866485595703,65.5,66.12533569335938,278451000,10.0,0.7171000000000001,positive,0.08970205725269786
"2020-06-11 00:00:00.000000",TSLA,64.85600280761719,67.9306640625,64.80000305175781,66.01333618164062,238747500,0.0,0.0,No News,-0.0509341048991272
"2020-06-12 00:00:00.000000",TSLA,62.35200119018555,65.8653335571289,60.84000015258789,65.33333587646484,251451000,0.0,0.0,No News,-0.03860863311078977
"2020-06-15 00:00:00.000000",TSLA,66.05999755859375,66.5893325805664,60.56666564941406,61.18600082397461,235458000,0.0,0.0,No News,0.059468762792361796
"2020-06-16 00:00:00.000000",TSLA,65.47533416748047,67.52532958984375,64.15933227539062,67.4566650390625,210766500,0.0,0.0,No News,-0.008850490655781473
"2020-06-17 00:00:00.000000",TSLA,66.11933135986328,67.0,65.50466918945312,65.84733581542969,148362000,0.0,0.0,No News,0.009835722116904755
"2020-06-18 00:00:00.000000",TSLA,66.9306640625,67.94667053222656,66.2979965209961,66.86666870117188,146278500,0.0,0.0,No News,0.012270733625858066
"2020-06-19 00:00:00.000000",TSLA,66.72666931152344,67.73133087158203,66.0893325805664,67.51866912841797,130195500,0.0,0.0,No News,-0.0030478518902198326
"2020-06-22 00:00:00.000000",TSLA,66.28800201416016,67.2586669921875,66.00133514404297,66.663330078125,95436000,0.0,0.0,No News,-0.0065740925163715325
"2020-06-23 00:00:00.000000",TSLA,66.78533172607422,67.46666717529297,66.267333984375,66.59200286865234,95479500,0.0,0.0,No News,0.0075025599927995845
"2020-06-24 00:00:00.000000",TSLA,64.0566635131836,66.72533416748047,63.542667388916016,66.27400207519531,164394000,0.0,0.0,No News,-0.040857298187609414
"2020-06-25 00:00:00.000000",TSLA,65.73200225830078,65.73200225830078,62.47666549682617,63.61800003051758,138817500,0.0,0.0,No News,0.02615401198303724
"2020-06-26 00:00:00.000000",TSLA,63.982666015625,66.33333587646484,63.65800094604492,66.31866455078125,132823500,0.0,0.0,No News,-0.026613159231048233
"2020-06-29 00:00:00.000000",TSLA,67.29000091552734,67.33333587646484,63.23466873168945,64.60066986083984,135396000,0.0,0.0,No News,0.05169110801188981
"2020-06-30 00:00:00.000000",TSLA,71.98733520507812,72.51266479492188,66.91533660888672,67.0999984741211,253777500,0.0,0.0,No News,0.0698073149894527
"2020-07-01 00:00:00.000000",TSLA,74.64199829101562,75.68866729736328,72.03333282470703,72.19999694824219,199903500,0.0,0.0,No News,0.03687680726581788
"2020-07-02 00:00:00.000000",TSLA,80.57733154296875,81.86666870117188,79.04000091552734,81.43199920654297,258751500,0.0,0.0,No News,0.0795173412803385
"2020-07-06 00:00:00.000000",TSLA,91.43866729736328,91.85266876220703,84.40266418457031,85.11266326904297,308548500,0.0,0.0,No News,0.1347939370342961
"2020-07-07 00:00:00.000000",TSLA,92.65733337402344,95.30000305175781,89.11399841308594,93.6673355102539,322345500,0.0,0.0,No News,0.013327688522591696
"2020-07-08 00:00:00.000000",TSLA,91.05867004394531,94.48400115966797,87.42266845703125,93.66666412353516,244669500,0.0,0.0,No News,-0.01725350030984496
"2020-07-09 00:00:00.000000",TSLA,92.9520034790039,93.90399932861328,90.08533477783203,93.1326675415039,175764000,0.0,0.0,No News,0.020792456491456113
"2020-07-10 00:00:00.000000",TSLA,102.97666931152344,103.2613296508789,91.73400115966797,93.06666564941406,350064000,0.0,0.0,No News,0.10784776505418647
"2020-07-13 00:00:00.000000",TSLA,99.80400085449219,119.66600036621094,98.0739974975586,110.5999984741211,584781000,0.0,0.0,No News,-0.030809585105470272
"2020-07-14 00:00:00.000000",TSLA,101.12000274658203,106.0,95.4000015258789,103.73332977294922,351271500,0.0,0.0,No News,0.013185863099901995
"2020-07-15 00:00:00.000000",TSLA,103.06732940673828,103.33333587646484,97.13333129882812,102.86666870117188,245517000,0.0,0.0,No News,0.019257581163604875
"2020-07-16 00:00:00.000000",TSLA,100.04266357421875,102.11399841308594,97.73332977294922,98.47733306884766,214512000,0.0,0.0,No News,-0.029346504366899673
"2020-07-17 00:00:00.000000",TSLA,100.05599975585938,102.50066375732422,99.33333587646484,100.89666748046875,139950000,0.0,0.0,No News,0.0001333049437526
"2020-07-20 00:00:00.000000",TSLA,109.53333282470703,110.0,99.19999694824219,101.267333984375,256821000,0.0,0.0,No News,0.09472028755869433
"2020-07-21 00:00:00.000000",TSLA,104.55733489990234,111.66666412353516,103.86666870117188,109.32866668701172,241608000,0.0,0.0,No News,-0.045429074387502544
"2020-07-22 00:00:00.000000",TSLA,106.15533447265625,108.4280014038086,104.13333129882812,106.5999984741211,212416500,0.0,0.0,No News,0.015283476518254346
"2020-07-23 00:00:00.000000",TSLA,100.87133026123047,112.5999984741211,98.71800231933594,111.93000030517578,364927500,0.0,0.0,No News,-0.04977615338574293
"2020-07-24 00:00:00.000000",TSLA,94.46666717529297,97.66666412353516,91.10266876220703,94.40066528320312,290949000,0.0,0.0,No News,-0.06349339370613127
"2020-07-27 00:00:00.000000",TSLA,102.63999938964844,103.19599914550781,94.19999694824219,95.66666412353516,240730500,0.0,0.0,No News,0.08652080631985237
"2020-07-28 00:00:00.000000",TSLA,98.43267059326172,104.3133316040039,98.29467010498047,100.26667022705078,237130500,0.0,0.0,No News,-0.040991122577997974
"2020-07-29 00:00:00.000000",TSLA,99.94066619873047,102.32066345214844,99.13333129882812,100.06666564941406,141403500,0.0,0.0,No News,0.015320072049045619
"2020-07-30 00:00:00.000000",TSLA,99.16600036621094,100.8826675415039,98.06666564941406,99.19999694824219,114315000,0.0,0.0,No News,-0.007751257440881121
"2020-07-31 00:00:00.000000",TSLA,95.38400268554688,101.13666534423828,94.73200225830078,101.0,183123000,0.0,0.0,No News,-0.03813804798718812
"2020-08-03 00:00:00.000000",TSLA,99.0,100.65399932861328,96.29199981689453,96.61333465576172,132139500,0.0,0.0,No News,0.03790989277703116
"2020-08-04 00:00:00.000000",TSLA,99.13333129882812,101.82733154296875,97.46666717529297,99.6673355102539,126225000,0.0,0.0,No News,0.0013467807962437295
"2020-08-05 00:00:00.000000",TSLA,99.00133514404297,99.98933410644531,97.88733673095703,99.53266906738281,74217000,0.0,0.0,No News,-0.001331501252462397
"2020-08-06 00:00:00.000000",TSLA,99.30533599853516,101.15399932861328,98.48400115966797,99.38866424560547,89884500,0.0,0.0,No News,0.003070674289896047
"2020-08-07 00:00:00.000000",TSLA,96.84733581542969,99.98332977294922,94.33399963378906,99.96932983398438,133446000,0.0,0.0,No News,-0.024751944680411975
"2020-08-10 00:00:00.000000",TSLA,94.57133483886719,97.16666412353516,92.38933563232422,96.53333282470703,112834500,0.0,0.0,No News,-0.02350091468597615
"2020-08-11 00:00:00.000000",TSLA,91.6259994506836,94.66666412353516,91.0,93.06666564941406,129387000,0.0,0.0,No News,-0.031144060652225414
"2020-08-12 00:00:00.000000",TSLA,103.65066528320312,105.66666412353516,95.66666412353516,98.0,327441000,0.0,0.0,No News,0.1312363947417745
"2020-08-13 00:00:00.000000",TSLA,108.06666564941406,110.07866668701172,104.48400115966797,107.4000015258789,306379500,0.0,0.0,No News,0.042604650478076156
"2020-08-14 00:00:00.000000",TSLA,110.04733276367188,111.25333404541016,108.44266510009766,110.99933624267578,188664000,0.0,0.0,No News,0.01832819678811437
"2020-08-17 00:00:00.000000",TSLA,122.3759994506836,123.05733489990234,111.52200317382812,111.80000305175781,303634500,0.0,0.0,No News,0.11203058154519474
"2020-08-18 00:00:00.000000",TSLA,125.80599975585938,128.25999450683594,123.00733184814453,126.59933471679688,247117500,0.0,0.0,No News,0.028028374195693928
"2020-08-19 00:00:00.000000",TSLA,125.23533630371094,127.4000015258789,122.74732971191406,124.33333587646484,183079500,0.0,0.0,No News,-0.004536059116861502
"2020-08-20 00:00:00.000000",TSLA,133.45533752441406,134.79933166503906,123.80400085449219,124.04533386230469,309177000,0.0,0.0,No News,0.06563643667445929
"2020-08-21 00:00:00.000000",TSLA,136.6653289794922,139.69932556152344,135.00332641601562,136.3173370361328,322344000,0.0,0.0,No News,0.024052926729070556
"2020-08-24 00:00:00.000000",TSLA,134.27999877929688,141.93333435058594,128.50132751464844,141.7519989013672,300954000,0.0,0.0,No News,-0.017453806448256226
"2020-08-25 00:00:00.000000",TSLA,134.8893280029297,135.19667053222656,131.1999969482422,131.65933227539062,159883500,0.0,0.0,No News,0.004537751185374361
"2020-08-26 00:00:00.000000",TSLA,143.54466247558594,144.39999389648438,136.90866088867188,137.3333282470703,213591000,0.0,0.0,No News,0.06416619165356252
"2020-08-27 00:00:00.000000",TSLA,149.25,153.0399932861328,142.8333282470703,145.36399841308594,355395000,0.0,0.0,No News,0.039746079206424145
"2020-08-28 00:00:00.000000",TSLA,147.55999755859375,154.5659942626953,145.76800537109375,153.00799560546875,301218000,0.0,0.0,No News,-0.011323299439907841
"2020-08-31 00:00:00.000000",TSLA,166.10667419433594,166.7133331298828,146.70333862304688,148.20333862304688,355123200,0.0,0.0,No News,0.1256890549105465
"2020-09-01 00:00:00.000000",TSLA,158.35000610351562,167.49667358398438,156.836669921875,167.3800048828125,269523300,0.0,0.0,No News,-0.04669690804684601
"2020-09-02 00:00:00.000000",TSLA,149.1233367919922,159.67999267578125,135.0399932861328,159.663330078125,288528300,0.0,0.0,No News,-0.05826756524083643
"2020-09-03 00:00:00.000000",TSLA,135.6666717529297,143.93333435058594,134.0,135.7433319091797,262788300,0.0,0.0,No News,-0.09023849203316048
"2020-09-04 00:00:00.000000",TSLA,139.44000244140625,142.6666717529297,124.00666809082031,134.27000427246094,330965700,0.0,0.0,No News,0.027813247275265907
"2020-09-08 00:00:00.000000",TSLA,110.06999969482422,122.913330078125,109.95999908447266,118.66666412353516,346397100,0.0,0.0,No News,-0.21062824320390794
"2020-09-09 00:00:00.000000",TSLA,122.09333038330078,123.0,113.836669921875,118.86666870117188,238397400,0.0,0.0,No News,0.10923349433825735
"2020-09-10 00:00:00.000000",TSLA,123.77999877929688,132.99667358398438,120.1866683959961,128.73666381835938,254791800,0.0,0.0,No News,0.013814582587770685
"2020-09-11 00:00:00.000000",TSLA,124.23999786376953,127.5,120.16666412353516,127.3133316040039,182152500,0.0,0.0,No News,0.003716263443279244
"2020-09-14 00:00:00.000000",TSLA,139.8733367919922,140.0,124.43333435058594,126.98332977294922,249061800,0.0,0.0,No News,0.12583177074233998
"2020-09-15 00:00:00.000000",TSLA,149.9199981689453,153.97999572753906,143.56666564941406,145.52000427246094,291894600,0.0,0.0,No News,0.07182685140266343
"2020-09-16 00:00:00.000000",TSLA,147.25332641601562,152.59666442871094,145.10333251953125,146.6233367919922,216837900,0.0,0.0,No News,-0.01778729846250804
"2020-09-17 00:00:00.000000",TSLA,141.14332580566406,145.92999267578125,136.0,138.53334045410156,230337600,0.0,0.0,No News,-0.04149312452942333
"2020-09-18 00:00:00.000000",TSLA,147.38333129882812,150.3333282470703,142.93333435058594,149.31333923339844,259220400,0.0,0.0,No News,0.04421041843491591
"2020-09-21 00:00:00.000000",TSLA,149.79666137695312,151.89332580566406,135.69000244140625,151.0433349609375,328430400,0.0,0.0,No News,0.016374511668703073
"2020-09-22 00:00:00.000000",TSLA,141.41000366210938,145.9199981689453,139.1999969482422,143.1999969482422,238742400,0.0,0.0,No News,-0.055986946823462835
"2020-09-23 00:00:00.000000",TSLA,126.78666687011719,137.38333129882812,125.2933349609375,135.05332946777344,285222600,0.0,0.0,No News,-0.10341090738483938
"2020-09-24 00:00:00.000000",TSLA,129.26333618164062,133.1666717529297,117.0999984741211,121.26667022705078,289683300,0.0,0.0,No News,0.0195341463945935
"2020-09-25 00:00:00.000000",TSLA,135.77999877929688,136.2433319091797,130.43333435058594,131.1566619873047,201625500,0.0,0.0,No News,0.05041385121376596
"2020-09-28 00:00:00.000000",TSLA,140.39999389648438,142.69332885742188,138.51666259765625,141.5399932861328,149158800,0.0,0.0,No News,0.034025594039789775
"2020-09-29 00:00:00.000000",TSLA,139.69000244140625,142.8333282470703,137.1999969482422,138.6666717529297,150657900,0.0,0.0,No News,-0.005056919415549199
"2020-09-30 00:00:00.000000",TSLA,143.00332641601562,144.64332580566406,140.1566619873047,140.44000244140625,144436800,0.0,0.0,No News,0.02371912031427703
"2020-10-01 00:00:00.000000",TSLA,149.3866729736328,149.6266632080078,144.80667114257812,146.9199981689453,152224500,0.0,0.0,No News,0.04463774876849502
"2020-10-02 00:00:00.000000",TSLA,138.3633270263672,146.3766632080078,138.3333282470703,140.4633331298828,214290000,0.0,0.0,No News,-0.0737906918190171
"2020-10-05 00:00:00.000000",TSLA,141.89332580566406,144.54666137695312,139.77667236328125,141.11666870117188,134168400,0.0,0.0,No News,0.025512531789757986
"2020-10-06 00:00:00.000000",TSLA,137.9933319091797,142.92666625976562,135.35000610351562,141.26333618164062,147438900,0.0,0.0,No News,-0.02748539351192436
"2020-10-07 00:00:00.000000",TSLA,141.76666259765625,143.3000030517578,137.9499969482422,139.9566650390625,129383100,0.0,0.0,No News,0.027344297266189477
"2020-10-08 00:00:00.000000",TSLA,141.97332763671875,146.3333282470703,141.76666259765625,146.14666748046875,121263300,0.0,0.0,No News,0.0014577830589765917
"2020-10-09 00:00:00.000000",TSLA,144.6666717529297,144.8633270263672,142.15333557128906,143.3766632080078,86777100,0.0,0.0,No News,0.01897077543397918
"2020-10-12 00:00:00.000000",TSLA,147.43333435058594,149.5800018310547,146.19332885742188,147.3333282470703,116373300,0.0,0.0,No News,0.01912439516394837
"2020-10-13 00:00:00.000000",TSLA,148.88333129882812,149.6300048828125,145.53334045410156,147.78334045410156,103391100,0.0,0.0,No News,0.009834932884270176
"2020-10-14 00:00:00.000000",TSLA,153.76666259765625,155.3000030517578,149.11666870117188,149.92666625976562,143639100,0.0,0.0,No News,0.032799718116372834
"2020-10-15 00:00:00.000000",TSLA,149.6266632080078,152.19000244140625,147.5,150.10333251953125,107017200,0.0,0.0,No News,-0.02692390743031925
"2020-10-16 00:00:00.000000",TSLA,146.55667114257812,151.98333740234375,146.28334045410156,151.47999572753906,98327700,0.0,0.0,No News,-0.02051768046956881
"2020-10-19 00:00:00.000000",TSLA,143.61000061035156,149.0,142.9566650390625,148.74667358398438,108863400,0.0,0.0,No News,-0.020106014344170586
"2020-10-20 00:00:00.000000",TSLA,140.64666748046875,143.9166717529297,139.68333435058594,143.9166717529297,94968900,0.0,0.0,No News,-0.020634587544658856
"2020-10-21 00:00:00.000000",TSLA,140.8800048828125,144.31666564941406,140.4166717529297,140.89999389648438,97111500,0.0,0.0,No News,0.0016590325709362475
"2020-10-22 00:00:00.000000",TSLA,141.92999267578125,148.41000366210938,141.50332641601562,147.30667114257812,119979600,0.0,0.0,No News,0.007453064711647084
"2020-10-23 00:00:00.000000",TSLA,140.2100067138672,140.9633331298828,135.7933349609375,140.6133270263672,101151000,0.0,0.0,No News,-0.012118551755604834
"2020-10-26 00:00:00.000000",TSLA,140.0933380126953,141.9199981689453,136.6666717529297,137.2100067138672,84717600,0.0,0.0,No News,-0.0008320996760949
"2020-10-27 00:00:00.000000",TSLA,141.55999755859375,143.5,140.03334045410156,141.25332641601562,68059500,0.0,0.0,No News,0.010469159823756513
"2020-10-28 00:00:00.000000",TSLA,135.33999633789062,139.53334045410156,135.3333282470703,138.82666015625,76354200,0.0,0.0,No News,-0.043938975190562446
"2020-10-29 00:00:00.000000",TSLA,136.94332885742188,139.35333251953125,135.48666381835938,136.65333557128906,67965900,0.0,0.0,No News,0.011846701366300838
"2020-10-30 00:00:00.000000",TSLA,129.34666442871094,135.8633270263672,126.37000274658203,135.63333129882812,127533900,0.0,0.0,No News,-0.05547305218949494
"2020-11-02 00:00:00.000000",TSLA,133.50332641601562,135.66000366210938,130.76666259765625,131.3333282470703,87063300,0.0,0.0,No News,0.03213582666134873
"2020-11-03 00:00:00.000000",TSLA,141.3000030517578,142.58999633789062,135.56333923339844,136.57666015625,103055100,0.0,0.0,No News,0.05840061701119437
"2020-11-04 00:00:00.000000",TSLA,140.32666015625,145.13333129882812,139.03334045410156,143.5399932861328,96429300,0.0,0.0,No News,-0.006888484603579825
"2020-11-05 00:00:00.000000",TSLA,146.02999877929688,146.6666717529297,141.3333282470703,142.76666259765625,85243500,0.0,0.0,No News,0.040643300543862226
"2020-11-06 00:00:00.000000",TSLA,143.31666564941406,145.52333068847656,141.42666625976562,145.36666870117188,65118000,0.0,0.0,No News,-0.01858065570474754
"2020-11-09 00:00:00.000000",TSLA,140.4199981689453,150.8333282470703,140.3333282470703,146.5,104499000,0.0,0.0,No News,-0.02021165833954497
"2020-11-10 00:00:00.000000",TSLA,136.7866668701172,140.02999877929688,132.00999450683594,140.02999877929688,90852600,0.0,0.0,No News,-0.02587474253102262
"2020-11-11 00:00:00.000000",TSLA,139.0433349609375,139.56666564941406,136.86000061035156,138.81666564941406,52073100,0.0,0.0,No News,0.0164977197153513
"2020-11-12 00:00:00.000000",TSLA,137.25332641601562,141.0,136.5066680908203,138.35000610351562,59565300,0.0,0.0,No News,-0.012873745767280065
"2020-11-13 00:00:00.000000",TSLA,136.1666717529297,137.50999450683594,133.8866729736328,136.9499969482422,59313300,0.0,0.0,No News,-0.007917146283160204
"2020-11-16 00:00:00.000000",TSLA,136.02999877929688,137.48333740234375,134.69667053222656,136.30999755859375,80515800,0.0,0.0,No News,-0.0010037182511209997
"2020-11-17 00:00:00.000000",TSLA,147.20333862304688,154.0,144.336669921875,153.38999938964844,183564900,0.0,0.0,No News,0.08213879250177958
"2020-11-18 00:00:00.000000",TSLA,162.2133331298828,165.3333282470703,147.8333282470703,149.4499969482422,234132000,0.0,0.0,No News,0.10196775866118779
"2020-11-19 00:00:00.000000",TSLA,166.42333984375,169.5366668701172,162.52333068847656,164.0,187425900,0.0,0.0,No News,0.025953518324515645
"2020-11-20 00:00:00.000000",TSLA,163.20333862304688,167.5,163.02000427246094,165.99667358398438,98735700,0.0,0.0,No News,-0.019348255020757876
"2020-11-23 00:00:00.000000",TSLA,173.9499969482422,175.3333282470703,167.26333618164062,167.8333282470703,150780900,0.0,0.0,No News,0.06584827501609536
"2020-11-24 00:00:00.000000",TSLA,185.1266632080078,186.663330078125,175.39999389648438,180.13333129882812,160945500,0.0,0.0,No News,0.06425217853318599
"2020-11-25 00:00:00.000000",TSLA,191.3333282470703,191.3333282470703,181.7899932861328,183.35333251953125,146790600,0.0,0.0,No News,0.03352658623835669
"2020-11-27 00:00:00.000000",TSLA,195.25332641601562,199.5933380126953,192.81666564941406,193.72000122070312,112683300,0.0,0.0,No News,0.020487795852708768
"2020-11-30 00:00:00.000000",TSLA,189.1999969482422,202.60000610351562,184.836669921875,200.73666381835938,189009300,0.0,0.0,No News,-0.031002439645386293
"2020-12-01 00:00:00.000000",TSLA,194.9199981689453,199.28334045410156,190.68333435058594,199.19667053222656,120310500,0.0,0.0,No News,0.030232565079099327
"2020-12-02 00:00:00.000000",TSLA,189.60667419433594,190.51333618164062,180.40333557128906,185.47999572753906,143327100,0.0,0.0,No News,-0.027258998689319136
"2020-12-03 00:00:00.000000",TSLA,197.7933349609375,199.6566619873047,194.14332580566406,196.67333984375,127656000,0.0,0.0,No News,0.04317707064578702
"2020-12-04 00:00:00.000000",TSLA,199.67999267578125,199.67999267578125,195.1666717529297,197.00332641601562,88203900,0.0,0.0,No News,0.00953853028069096
"2020-12-07 00:00:00.000000",TSLA,213.9199981689453,216.26333618164062,201.01666259765625,201.63999938964844,168929100,0.0,0.0,No News,0.07131413268972531
"2020-12-08 00:00:00.000000",TSLA,216.6266632080078,217.0933380126953,206.1666717529297,208.50332641601562,192795000,0.0,0.0,No News,0.01265269756091203
"2020-12-09 00:00:00.000000",TSLA,201.4933319091797,218.10667419433594,196.0,217.89666748046875,213873600,0.0,0.0,No News,-0.06985904262531573
"2020-12-10 00:00:00.000000",TSLA,209.02333068847656,209.25,188.77999877929688,191.4566650390625,201249600,0.0,0.0,No News,0.03737095767859411
"2020-12-11 00:00:00.000000",TSLA,203.3300018310547,208.0,198.93333435058594,205.00332641601562,139425000,0.0,0.0,No News,-0.027237767375868138
"2020-12-14 00:00:00.000000",TSLA,213.27667236328125,214.25,203.39999389648438,206.3333282470703,156121800,0.0,0.0,No News,0.048918853305726984
"2020-12-15 00:00:00.000000",TSLA,211.0833282470703,215.63333129882812,207.93333435058594,214.42666625976562,135214500,0.0,0.0,No News,-0.010284031966116491
"2020-12-16 00:00:00.000000",TSLA,207.58999633789062,210.8333282470703,201.6666717529297,209.41000366210938,126287400,0.0,0.0,No News,-0.016549539644792777
"2020-12-17 00:00:00.000000",TSLA,218.63333129882812,219.60667419433594,206.5,209.39666748046875,168810300,0.0,0.0,No News,0.053197818564255206
"2020-12-18 00:00:00.000000",TSLA,231.6666717529297,231.6666717529297,209.51333618164062,222.96665954589844,666378600,0.0,0.0,No News,0.059612778969587055
"2020-12-21 00:00:00.000000",TSLA,216.6199951171875,222.8333282470703,215.35667419433594,222.0800018310547,174135900,0.0,0.0,No News,-0.06494968189377415
"2020-12-22 00:00:00.000000",TSLA,213.44667053222656,216.6266632080078,204.7433319091797,216.0,155148000,0.0,0.0,No News,-0.01464926902636221
"2020-12-23 00:00:00.000000",TSLA,215.32666015625,217.1666717529297,207.52333068847656,210.73333740234375,99519000,0.0,0.0,No News,0.008807772074100217
"2020-12-24 00:00:00.000000",TSLA,220.58999633789062,222.02999877929688,213.6666717529297,214.3300018310547,68596800,0.0,0.0,No News,0.02444349518922251
"2020-12-28 00:00:00.000000",TSLA,221.22999572753906,227.13333129882812,220.26666259765625,224.836669921875,96835800,0.0,0.0,No News,0.002901307404113318
"2020-12-29 00:00:00.000000",TSLA,221.99667358398438,223.3000030517578,218.3333282470703,220.3333282470703,68732400,0.0,0.0,No News,0.003465523985226371
"2020-12-30 00:00:00.000000",TSLA,231.5933380126953,232.1999969482422,222.7866668701172,224.0,128538000,0.0,0.0,No News,0.0432288658824449
